0,1,2,3,4,word,summary
48257.44147417439,11.034748622752797,7.9285952116398e-05,-2.7036993603915538e-05,-3.5177081286363876e-05,summaryOfAllWords,43631.10930864904
-9.139357788170653,1.1480404451877861,0.05042442763015964,0.006475601575035508,0.008786423228374567,Woman,3.3806807496181825
-2.1220337561573217,-2.1692476830687504,-0.1000267227321552,-0.012056239513268658,-0.005088947864744813,injured,11.142279371302989
-9.120361901256505,1.139115665750513,0.049328834043704944,0.006339563287010009,0.00867360469655942,woman injured,3.4016664710002997
36.19549511012003,-20.299651032700403,-0.1262478370928659,-0.02645396575696802,-0.02737532503287353,from,53.532518562401584
-9.093380242276927,1.1264368159677454,0.04779162225772543,0.0061487205484079335,0.008515619856897166,injured from,3.431475432417104
-2.857786761729825,-1.8210151787616073,-0.09336785025250213,-0.011241105911829828,-0.004543904650752771,debris,10.328292587548953
-9.075458178549544,1.1180137750413324,0.04678262918372769,0.006023474848067249,0.008412117790454691,from debris,3.4512760805237295
-3.1633811954271636,-1.6762265453841598,-0.081513121550333,0.005303313506247227,-0.010510655176796418,while,9.990156632933274
-7.9740750268492135,0.5989974409834153,-0.0013863371136454555,6.155869409340577e-05,0.003645987895700923,debris while,4.668725748826467
-0.8429310023805598,-2.7746604811048545,-0.10982470138694031,-0.01325534575222902,-0.005877652411090902,leaving,12.557399952114988
-9.024466983076087,1.0940431769925767,0.04396312705515437,0.005673573005355129,0.008123714294974906,while leaving,3.5076146807201494
-8.98942063884097,1.0775634749586653,0.042067947875181824,0.005438447170218439,0.007930534699588838,Salt,3.5463383844404417
-8.98942063884097,1.0775634749586653,0.042067947875181824,0.005438447170218439,0.007930534699588838,leaving salt,3.5463383844404417
-8.965857190526833,1.066481285451,0.04081265901880604,0.0052827390050547325,0.007802878502701378,Lake,3.5723752203454993
-8.965857190526833,1.066481285451,0.04081265901880604,0.0052827390050547325,0.007802878502701378,salt lake,3.5723752203454993
-8.94086051208764,1.0547232926763213,0.03949727182567041,0.00511960131293834,0.00766936471380732,music,3.5999965029120062
-8.94086051208764,1.0547232926763213,0.03949727182567041,0.00511960131293834,0.00766936471380732,lake music,3.5999965029120062
-8.908755340186907,1.0396190505416463,0.03783181623079615,0.004913084089516476,0.007500690478703416,festival,3.6354737906062864
-5.112854351254924,-0.7538115214146495,-0.0661424395636742,-0.00790507313663246,-0.002244944892715408,music festival,7.833505564003086
62.71473662119074,-32.84634561008613,-0.1163614950240586,-0.002377205664689766,-0.012057116556213967,has,82.87000817462022
-7.616079586278553,0.4299402320737742,-0.012916506641256272,-0.0013607519335582683,0.0025543946807933884,festival has,5.06460763737373
-4.389233150954707,-1.0962302818960823,-0.0762619761946032,-0.009145790385308415,-0.0031122816872429567,died,8.634032836584028
-4.389233150954707,-1.0962302818960823,-0.0762619761946032,-0.009145790385308415,-0.0031122816872429567,has died,8.634032836584028
-5.32801189174493,-0.6520086915151677,-0.0628077263403376,-0.007495998927952719,-0.0019559003104213132,family,7.595486145967317
-8.78805706046357,0.9828113229549289,0.03180051880557995,0.0041655429684341,0.0068933109125155715,died family,3.7688600720033465
-6.552938874229036,-0.07257580619716375,-0.04008853739305855,-0.004705821724092915,5.506062211659696e-05,says,6.240473063450155
-8.734157631567447,0.957431832469307,0.029218097017950972,0.0038456310221995967,0.006634896078761119,family says,3.8284305211422858
-3.4383691087366266,-1.546233301744648,-0.08746209981908701,-0.010517949276146916,-0.004054664135595357,woman,9.685980804394724
-8.673502244627386,0.9288635918613777,0.026388916087338385,0.003495261594361806,0.006352914670363875,says woman,3.8954711509450943
-1.40014259210092,-2.5109254321275065,-0.1058035227533908,-0.01276324737101002,-0.0055559308857871465,who,11.94093444734336
-7.172005341070561,0.22010587399003434,-0.0253721615801248,-0.0028952771096825234,0.0013959980748818046,woman who,5.555736315644521
-7.00660034213416,0.1419211647328611,-0.029575125994382043,-0.0034126352019587984,0.0010099696096651165,critically,5.7386803186242155
-7.00660034213416,0.1419211647328611,-0.029575125994382043,-0.0034126352019587984,0.0010099696096651165,who critically,5.7386803186242155
-8.106974055657592,0.6617259549345995,0.0032998201887405876,0.0006401320300973897,0.004094975066835559,critically injured,4.5217760477264815
-5.411395487130923,-0.612556894942418,-0.06147019447008165,-0.0073318900689764155,-0.0018395213035125382,flying,7.503243258869572
-6.345112040497417,-0.1708616933304481,-0.044469540113747964,-0.005244311496690461,-0.00033833141487319557,injured flying,6.470359871180962
-6.9995817181470175,0.13860327950070284,-0.029748775418858134,-0.003434005621158194,0.00099407309823373,flying debris,5.746443301925572
-5.087739006032692,-0.7656953182590582,-0.06652116914728874,-0.007951525396174119,-0.0022776717292515365,trying,7.861289747110516
-5.087739006032692,-0.7656953182590582,-0.06652116914728874,-0.007951525396174119,-0.0022776717292515365,while trying,7.861289747110516
-1.8743767798795048,-2.286245228716834,-0.08851929412845602,-0.029144079787711226,-0.008735970983797896,escape,11.41619564031516
-3.6021015742481897,-1.4687428251510752,-0.08567833744123743,-0.010299481375036758,-0.003905840008750759,trying escape,9.504840812934436
778.8820052424924,-371.5965881524425,1.2678598043320883,0.14832792782492019,0.08706968340040633,storm,875.113231119719
0.9302208159929481,-3.6139114918092954,-0.12056967274159064,-0.014570379396980939,-0.0067229898440958604,escape storm,14.519111439905497
47.70332892927097,-25.745492629197944,-0.14093036850493001,-0.007125642551299159,-0.018609586064128516,that,66.26383510384102
12.309160563981427,-8.999064670549554,-0.1514361605753476,-0.018366431245606787,-0.008988878218585291,storm that,27.107916753128606
-4.010000487924245,-1.2756993255892186,-0.08098247779721872,-0.009724236137302167,-0.0035117519665712788,disrupted,9.05357792439524
-4.010000487924245,-1.2756993255892186,-0.08098247779721872,-0.009724236137302167,-0.0035117519665712788,that disrupted,9.05357792439524
-5.275650565611914,-0.6767831901746524,-0.06363448576627109,-0.007597429230056978,-0.0020277096254403926,Redwest,7.653410950516854
-5.275650565611914,-0.6767831901746524,-0.06363448576627109,-0.007597429230056978,-0.0020277096254403926,disrupted red+west,7.653410950516854
-5.854516868964571,-0.4029174527213546,-0.053897618165821476,-0.006402415267517296,-0.0011758570257110277,Music,7.013049693860621
-5.854516868964571,-0.4029174527213546,-0.053897618165821476,-0.006402415267517296,-0.0011758570257110277,red+west music,7.013049693860621
-6.170670776147094,-0.2533677047325962,-0.04796098050954052,-0.00567330180095073,-0.0006499337594943026,Festival,6.663321535626788
5.121519179746111,-5.597943954767129,-0.14470100083760792,-0.01595443322464759,0.009145745087440035,over,19.15622699178351
-8.267312251839886,0.7373786598647243,0.009288696523158654,0.0013799820678727318,0.004673302468379586,festival over,4.34449844737353
425.96117201843356,-204.66731222636264,0.5531906987879349,0.06081459183089946,0.03854794017960795,the,484.70441310720935
-6.694694316732938,-0.00554406078754921,-0.03695106044671334,-0.0043200405227323945,0.0003384272665181449,over the,6.083674367767382
-5.156053573126993,-0.7333711634482936,-0.06548596722045337,-0.007824551555531528,-0.0021881690612359284,weekend,7.785715933208538
-5.957528379976273,-0.35418784044129303,-0.052015739778277205,-0.006171333162322917,-0.0010096764410422576,the weekend,6.899097716181525
-8.855613913083436,1.0146120518045825,0.035132620448687035,0.004578469730392101,0.007228200630758264,weekend has,3.6941995263241787
-0.9154246411960152,-2.740348329520473,-0.1093212574428055,-0.01319373674986036,-0.005837527494806786,according,12.477197284737423
-7.209335149706671,0.23774934110038393,-0.02439317647233344,-0.002774738600447634,0.001486265947483468,died according,5.514449018357209
3.3840746095668717,-4.775311721593958,-0.13160181245001812,-0.015921590114989694,-0.007566594688890638,...,17.23390481204783
-8.717576828893145,0.9496231737455976,0.028436767326681045,0.0037488585506096003,0.006556904366410592,according ...,3.8467564507706973
-8.673502244627386,0.9288635918613777,0.026388916087338385,0.003495261594361806,0.006352914670363875,... woman,3.8954711509450943
-8.267312251839886,0.7373786598647243,0.009288696523158654,0.0013799820678727318,0.004673302468379586,debris over,4.34449844737353
-9.04884414318606,1.1055037346413972,0.045301696088834525,0.00583967529933772,0.008260484618320355,weekend while,3.4806806499713483
-7.78796174157239,0.5111222863308216,-0.007566799589842514,-0.0007010553391911889,0.0030585528781207003,her,4.874529091003233
-8.593880825393816,0.8913511356152333,0.02279270332156813,0.0030500686557798553,0.005996174348257813,according her,3.983479468109561
-8.78805706046357,0.9828113229549289,0.03180051880557995,0.0041655429684341,0.0068933109125155715,her family,3.7688600720033465
-8.717576828893145,0.9496231737455976,0.028436767326681045,0.0037488585506096003,0.006556904366410592,Ava,3.8467564507706973
-8.750189276352113,0.9649812954825567,0.029979345853600403,0.0039399248861049126,0.006710969696639188,Ahlander,3.810711804171223
-8.750189276352113,0.9649812954825567,0.029979345853600403,0.0039399248861049126,0.006710969696639188,ava ahlander,3.810711804171223
-8.849293540369757,1.0116373645994077,0.03481624430028629,0.004539256188946055,0.007196332779130491,origina…,3.7011842833293023
-8.849293540369757,1.0116373645994077,0.03481624430028629,0.004539256188946055,0.007196332779130491,ahlander origina…,3.7011842833293023
-8.908755340186907,1.0396190505416463,0.03783181623079615,0.004913084089516476,0.007500690478703416,+2026,3.6354737906062864
-8.908755340186907,1.0396190505416463,0.03783181623079615,0.004913084089516476,0.007500690478703416,origina… +2026,3.6354737906062864
85.47959033331371,-43.615840768093456,-0.08595072530197413,-0.01032534282173804,-0.013242154022893353,chars,108.05375543427792
-8.94086051208764,1.0547232926763213,0.03949727182567041,0.00511960131293834,0.00766936471380732,+2026 chars,3.5999965029120062
-8.919729090693295,1.0447820914103594,0.038398082890379645,0.004983296791050366,0.0075579943375457,Neighborhoods,3.6233472888498337
-8.83637914332448,1.0055588866745822,0.03417280883863366,0.004459509510222628,0.007131566857874316,Devastated,3.7154563527576876
-8.83637914332448,1.0055588866745822,0.03417280883863366,0.004459509510222628,0.007131566857874316,neighborhoods devastated,3.7154563527576876
-8.70907044978232,0.945616900603258,0.028038265839295362,0.003699505108891221,0.006517160800825667,Wildfires,3.8561582278982494
-8.70907044978232,0.945616900603258,0.028038265839295362,0.003699505108891221,0.006517160800825667,devastated wildfires,3.8561582278982494
-5.238403753940429,-0.6944065399257981,-0.06421654719544584,-0.007668834783086596,-0.0020782069512488505,Now,7.694615398909425
-8.61496398609183,0.9012853561910388,0.023732349381636833,0.0031663741463134713,0.0060892041602225305,wildfires now,3.960174981039146
-8.57192088154152,0.8810028954408258,0.021823389068044666,0.0029301042092751504,0.005900341828097674,Brace,4.007753513760533
-8.57192088154152,0.8810028954408258,0.021823389068044666,0.0029301042092751504,0.005900341828097674,now brace,4.007753513760533
82.56060896234929,-42.233726982394494,-0.06671498364298692,-0.05020004826303913,-0.020674266112370412,for,104.82412869079478
-7.046731253761692,0.16089166759981843,-0.028575052215333067,-0.0032895524109692294,0.0011016013268534373,brace for,5.694293520805581
-4.073031615943247,-1.2458697352557762,-0.0802227075598978,-0.009631147333023797,-0.003447679730746727,Deadly,8.9838462932294
-8.446500262633714,0.8218842900894612,0.016463828933612534,0.0022670349098472455,0.005372919596871627,for deadly,4.1463980731189665
-8.338775856716651,0.7710867210469128,0.012085984078287468,0.001725721665791529,0.004945177337728205,Flash,4.2654897098658715
-8.338775856716651,0.7710867210469128,0.012085984078287468,0.001725721665791529,0.004945177337728205,deadly flash,4.2654897098658715
-8.228270571769649,0.7189605066759761,0.007794745770927924,0.0011953770227270937,0.004528559151204295,Floods,4.3876634642011485
-8.228270571769649,0.7189605066759761,0.007794745770927924,0.0011953770227270937,0.004528559151204295,flash flood+s,4.3876634642011485
-4.397141103887114,-1.0924879973160229,-0.07615960046071404,-0.00913324322931276,-0.003103581760410408,Southern,8.625284316986942
-8.06969543604385,0.644132326018386,0.0019610104426007607,0.00047480629846994096,0.0039663855994012814,flood+s southern,4.562995055625408
7.92545876454472,-6.923768931276091,-0.11651219389064049,-0.052417452705681156,-0.015730035246455266,California,22.257855058051906
-4.533527442037545,-1.0283324040415462,-0.03256856403148958,-0.06094686519304294,-0.013735880951268545,southern california,8.47462380258575
1.6854236709145933,-3.9713515551506138,-0.12437048430408887,-0.015035705409854355,-0.007016634917174266,first,15.354623015919335
-7.071893619035383,0.1727859371464664,-0.027941683548418333,-0.0032115949693514046,0.0011597053269602631,california first,5.6664628553489305
-6.385120571403944,-0.15193983476369732,-0.04364545485031125,-0.005143036374649919,-0.0002645363470241517,wintry,6.426104156099273
-6.385120571403944,-0.15193983476369732,-0.04364545485031125,-0.005143036374649919,-0.0002645363470241517,first wintry,6.426104156099273
-4.185821585348812,-1.1924922340155728,-0.0788389811189619,-0.009461597618930855,-0.003330768221219657,wintry storm,8.85906650496498
5.387718288538261,-5.723588701689585,-0.13827087396855545,-0.016739837865051076,-0.008062094801675601,storm the,19.450600659096857
-0.7009325680019405,-2.8418701281831673,-0.1107945824672557,-0.01337403499749749,-0.005954826628848282,season,12.714498640256707
-7.071893619035383,0.1727859371464664,-0.027941683548418333,-0.0032115949693514046,0.0011597053269602631,the season,5.6664628553489305
44.190629407213294,-24.08203222859856,-0.12291990542440369,-0.012435025464589317,-0.021844115356319204,could,62.37720643300118
-7.53064715574482,0.3895812328700097,-0.015458353418504829,-0.0016740671633689403,0.0023162484052994085,season could,5.1590881566106
-5.880376591301747,-0.39166536173888566,-0.09587719732040123,-0.014096924933835561,-0.03396154583571384,create,6.984779316231395
-7.792692876914949,0.513356522565116,-0.007414859754855452,-0.0006823134309226269,0.0030729301256002487,could create,4.869297244975625
2.5972692293388437,-4.4029251315012425,-0.12845876833899972,-0.015536427684630538,-0.007329040042104525,dangerous,16.363433193719487
-8.06969543604385,0.644132326018386,0.0019610104426007607,0.00047480629846994096,0.0039663855994012814,create dangerous,4.562995055625408
-8.285964424807414,0.7461772232968824,0.010010871849807298,0.0014692311844065713,0.004743385377482362,situation,4.323876671066961
-8.285964424807414,0.7461772232968824,0.010010871849807298,0.0014692311844065713,0.004743385377482362,dangerous situation,4.323876671066961
11.336919078795779,-8.539483335167695,-0.12781867706654604,-0.07776745775729092,-0.036997455383559044,areas,26.032546551970054
-8.487179789289799,0.8410620343968025,0.01817010906768536,0.002478086725618797,0.005540380231575085,situation area+s,4.101428113727852
-2.329804199995868,-2.070908916697202,-0.0982311914915768,-0.01183646427124604,-0.004942680707701303,affected,10.912415840112214
-8.46038609530353,0.8284308589064298,0.017042894792876018,0.0023386556387175756,0.005429704198076386,area+s affected,4.1310475776448605
-7.98854986158198,0.6058304853812111,-0.000887437212738651,0.00012314087719860617,0.003693640910988753,affected the,4.652720161715095
-6.789240567141613,0.03916013244535321,-0.034786445537041286,-0.004053812854143511,0.0005347235953390393,wildfires,5.979096521552595
-8.118960986054253,0.667382847332751,0.003734471601218037,0.0006938111355531962,0.00413677679996567,the wildfires,4.508522237633047
-7.714391215210024,0.4763768730200315,-0.009896571595698948,-0.00098839641601266,0.002838503280814409,January,4.955886901105037
-7.714391215210024,0.4763768730200315,-0.009896571595698948,-0.00098839641601266,0.002838503280814409,wildfires january,4.955886901105037
43.52034592274498,-23.765797557370874,-0.13855215165179183,-0.009552971218520306,-0.011183484513763817,powerful,61.636047807424326
-5.793739386767405,-0.43166918346004524,-0.05498535565937663,-0.006535964451914325,-0.001271683827724958,rainstorm,7.08028256798607
-5.793739386767405,-0.43166918346004524,-0.05498535565937663,-0.006535964451914325,-0.001271683827724958,powerful rainstorm,7.08028256798607
-6.21661624512824,-0.23163601321239113,-0.04705703875758524,-0.005562248629623658,-0.0005694221387969002,moving,6.612497703330628
-6.21661624512824,-0.23163601321239113,-0.04705703875758524,-0.005562248629623658,-0.0005694221387969002,rainstorm moving,6.612497703330628
2.925743986971435,-4.558389413513296,-0.12981143346926471,-0.015702162364806937,-0.007431566989056617,down,16.726837065111503
-7.071893619035383,0.1727859371464664,-0.027941683548418333,-0.0032115949693514046,0.0011597053269602631,moving dow+n,5.6664628553489305
4.239027998371695,-5.179945521367559,-0.13466346308030083,-0.016297028471856698,-0.007795610324125424,dow+n the,18.179768981459596
-4.702888138586884,-0.9478026738058078,-0.07206857607269532,-0.008631770531286673,-0.002754670470532252,the california,8.287040015104456
0.5134973502447959,-3.416414288465594,-0.10773325617618616,-0.027391799918145075,-0.009251681120383824,coast,14.057976839348829
-5.2745302221001635,-0.6773132788446126,-0.0636520663977372,-0.007599586019690556,-0.002029235558114008,california coast,7.654650334221619
-8.164879785188976,0.6890513719522318,0.005418620261939705,0.0009018266002088771,0.00429899911269266,coast could,4.457751054588845
-7.3233411130739645,0.28961047548605867,0.03368580040443979,-0.07083980679742907,-0.012435519817079587,dump,5.389297355758034
-8.285964424807414,0.7461772232968824,0.010010871849807298,0.0014692311844065713,0.004743385377482362,could dump,4.323876671066961
28.14640498536921,-16.49518247533714,-0.18068764523050657,-0.015902917408429435,0.044131760248608876,more,44.62952801228764
-8.371601890437951,0.7865677276745899,0.01339897637384535,0.0018880427477311439,0.005073175997210811,dump more,4.229198993709713
26.423123157292316,-15.678089635229135,-0.16540859323725393,-0.023389305593033177,0.008005608237003876,than,42.722381064720345
16.346600208267176,-10.909363476863,-0.1508877029416612,-0.024942261013308716,-0.007582548894954647,more than,31.574466761732033
-8.54902083455344,0.8702107074487773,0.020822637280872164,0.00280626307162659,0.005801544376907095,inch,4.033067150925621
-8.54902083455344,0.8702107074487773,0.020822637280872164,0.00280626307162659,0.005801544376907095,than inch,4.033067150925621
33.43483012468627,-18.994642817852867,-0.14230059760741098,-0.04254102334867324,-0.020007979234034315,rain,50.47892064432942
-5.793739386767405,-0.43166918346004524,-0.05498535565937663,-0.006535964451914325,-0.001271683827724958,inch rain,7.08028256798607
-8.682635079537773,0.9331655838726289,0.026809835596675297,0.0035473814762933785,0.006394792940347737,rain over,3.885376673775027
-6.789546107576178,0.039304595550520904,-0.03477935332052481,-0.004052940484068225,0.0005353678140613948,multiple,5.9787585649299455
-8.725937843076332,0.9535608324539615,0.02883000246245916,0.0037975620250276683,0.0065961455709105145,over multipel+e,3.8375154077705504
-4.720841926361902,-0.9443858563062468,0.03623855213057764,-0.1444526883805582,-0.031054460561349247,burn,8.269497799612598
-8.795277988706722,0.986210919076387,0.03215153183617929,0.0042090341803542285,0.006928511658626027,multipel+e burn,3.7608796204660413
-4.707234615571621,-0.9528033156752413,0.05255715613429887,-0.16563978259268974,-0.03553164214174409,scar,8.285419665474532
-4.707234615571621,-0.9528033156752413,0.05255715613429887,-0.16563978259268974,-0.03553164214174409,burn scar,8.285419665474532
-4.6668412748483545,-0.9750083720946394,0.07351521326173029,-0.19347531110447772,-0.04145320338090834,scar area+s,8.331456738868717
-7.1552614993758965,0.21219187897177116,-0.025807540001928808,-0.002948879643982219,0.001355896414817791,Los,5.57425534648994
-8.914277441843245,1.0422171851831683,0.03811638115973226,0.004948367354098669,0.007529481287419246,area+s los,3.6293715948363943
-7.237978350280649,0.2512867055268182,-0.02363409445776029,-0.002681267576290224,0.0015563489310058687,Angeles,5.482769456012213
-7.237978350280649,0.2512867055268182,-0.02363409445776029,-0.002681267576290224,0.0015563489310058687,los angeles,5.482769456012213
2.1829079095908224,-4.20681011903611,-0.1266641873752946,-0.015316600285515965,-0.007192364997839021,County,15.90500940992202
-8.975446691565807,1.070991544188785,0.04132170585246299,0.005345879208749276,0.007854617278653874,angeles county,3.561779050214418
-6.399732864491862,-0.14502912295930637,-0.043342232686618555,-0.005105770211539612,-0.00023735968836569813,today,6.409940716876024
-9.007329525470354,1.0859851607439233,0.043032137161240186,0.0055580628195008135,0.008028748793163442,county today,3.5265501398509116
-5.370509667591617,-0.6319013408010856,-0.06212928488498183,-0.007412759662591104,-0.0018969007067328042,including,7.548473035597432
-9.036846713556578,1.0998635540159774,0.044640793638050125,0.005757660917665865,0.00819292199783402,today including,3.4939363623415765
-6.101387249636944,-0.2861389588709402,-0.0493036328278567,-0.005838235366171288,-0.0007693097331378275,those,6.7399618310246305
-9.075458178549544,1.1180137750413324,0.04678262918372769,0.006023474848067249,0.008412117790454691,including those,3.4512760805237295
-7.421325985953185,0.33792984607962184,-0.018605162127230353,-0.0020618357555455703,0.0020226678636915824,those the,5.27999071784519
-9.120361901256505,1.139115665750513,0.049328834043704944,0.006339563287010009,0.00867360469655942,Eaton,3.4016664710002997
-9.120361901256505,1.139115665750513,0.049328834043704944,0.006339563287010009,0.00867360469655942,the eaton,3.4016664710002997
198.37757480978436,-97.01947447432225,0.10731941632146096,0.006646153658537043,0.02307706383212079,and,232.94547613779662
-9.139357788170653,1.1480404451877861,0.05042442763015964,0.006475601575035508,0.008786423228374567,eaton and,3.3806807496181825
-9.151481937869104,1.1537360306194908,0.051129560095105386,0.006563166501620633,0.008859131344255507,Palisades,3.3672868820280777
-9.151481937869104,1.1537360306194908,0.051129560095105386,0.006563166501620633,0.008859131344255507,and palisades,3.3672868820280777
-9.180074434699677,1.1671658737657928,0.052810916337788116,0.00677199160597711,0.00903280855857521,fires.…,3.3357009356756278
-9.180074434699677,1.1671658737657928,0.052810916337788116,0.00677199160597711,0.00903280855857521,palisades fires.…,3.3357009356756278
-9.203918242561713,1.1783629374973181,0.0542332206313071,0.00694867602410594,0.009180066527870063,+3161,3.3093618706304384
-9.203918242561713,1.1783629374973181,0.0542332206313071,0.00694867602410594,0.009180066527870063,fires.… +3161,3.3093618706304384
-9.218923829044869,1.1854084505514966,0.055137926777226245,0.00706107839633183,0.009273897571168642,+3161 chars,3.2927864445058836
-0.7170180305019702,-2.834256676546767,-0.11068578078762654,-0.01336072037850225,-0.005946177497515848,Geomagnetic,12.696702631820651
17.023320989702086,-11.229212447698696,-0.1411616143279776,-0.031009048426603153,-0.01840260691782563,Storm,32.32297951252612
62.21902454414959,-32.61201541060308,-0.12040767311174395,-0.014864122548632655,-0.0064599723845660505,geomagnetic storm,82.3216969335857
2.2541407648083354,-4.2401649995802355,-0.11372980919190401,-0.031805617746040384,-0.010614552226776455,Watch,15.983681673194685
8.618396782428677,-7.252513071623663,-0.14594070841469622,-0.0176841705176137,-0.008613590807593196,storm watch,23.024777122821682
1.6488287497325622,-3.953752938756301,-0.11695523273361481,-0.0017364873062996151,-0.012105076936008919,Northern,15.314031306275968
-8.925111787389003,1.0473144778168448,0.038676973124290054,0.005017878776252607,0.007586234509913746,watch northern,3.6173992132153345
-5.6797415182894015,-0.48559939245981276,-0.05698201770576912,-0.00678107528194816,-0.0014471515201803717,Lights,7.2063893878612575
18.248935929506573,-11.810132103382522,-0.15976663734938729,-0.013886107018425931,-0.017466985673037273,northern lights,33.679267536808474
-6.419153039968436,-0.1358446708218648,-0.042937364479899855,-0.005056010028939373,-0.00020105295411297023,Could,6.388459064284182
-5.073133013701787,-0.7726064493111715,-0.0667404396666031,-0.007978418898280343,-0.002296609971204243,lights could,7.877447834964025
-8.78805706046357,0.9828113229549289,0.03180051880557995,0.0041655429684341,0.0068933109125155715,Dazzle,3.7688600720033465
-8.78805706046357,0.9828113229549289,0.03180051880557995,0.0041655429684341,0.0068933109125155715,could dazzle,3.7688600720033465
-0.043521070635570425,-3.153030882399392,-0.1150207133615028,-0.013891218922741639,-0.006289127926354925,States,13.441820281705121
-8.70907044978232,0.945616900603258,0.028038265839295362,0.003699505108891221,0.006517160800825667,dazzle state+s,3.8561582278982494
-4.526905591133977,-1.0310801090964126,-0.07445540242429873,-0.008924363224782923,-0.0029585327444845958,Tonight,8.481726979848045
-8.645069051628365,0.9154691442386595,0.025089713118608206,0.003334405378413065,0.006223817382753032,state+s tonight,3.926898704242373
-0.4365315721247587,-2.967014404899251,-0.11254504939836665,-0.01358824969605664,-0.0060936879542651985,NOAA,13.007016389738663
-8.560592577594416,0.8756642832584296,0.021327059483098987,0.002868682576655183,0.005851324399480783,tonight noaa,4.020275730747688
1.023986903213256,-3.658291517669082,-0.12106392898540488,-0.014630882651489506,-0.006761342683683807,Space,14.622848718568765
-8.473941587459016,0.8348213838031071,0.017611541070879463,0.0024089922524462137,0.005485514071083058,noaa space,4.116062402642489
6.642166100602319,-6.3164412988568115,-0.055082898505391116,-0.09519185784722281,-0.03518352648335471,Weather,20.838199856532427
-1.330284242673848,-2.543990199273246,-0.10632734761289842,-0.012827352535384005,-0.005597998370550662,space weather,12.018221480943149
-6.077578393548026,-0.29740084584953896,-0.049759460190414065,-0.005894225305568747,-0.0008097803717559398,Prediction,6.766298912233516
-6.077578393548026,-0.29740084584953896,-0.049759460190414065,-0.005894225305568747,-0.0008097803717559398,weather prediction,6.766298912233516
1.7702880141785755,-4.011517867371179,-0.12477299977121661,-0.015084993712694884,-0.007047555814663221,Center,15.448511817812815
-6.141239028650195,-0.2672888501897277,-0.04853431351145817,-0.005743733441206517,-0.0007009398987469304,prediction center,6.695878386957801
-7.754513288962295,0.49532601792614317,-0.008633632877620485,-0.0008326415147645863,0.0029576951175699553,center has,4.911517740692276
0.9060649560944505,-3.6022902903831895,-0.06633447079235834,-0.08211471030327054,-0.020718381637109776,issued,14.492380751617162
-7.580519615384795,0.4131420254224798,-0.013983591111915508,-0.0014922940291361344,0.002454309733223546,has issued,5.1039334556582885
32.295056953857724,-18.455477095333194,-0.15230012752571787,-0.018565091031151212,-0.008887692803390142,geomagnetic,49.218048174370686
-6.983866526815129,0.1311742241937952,-0.030136246132165687,-0.0034816889272804566,0.000958617645081406,issued geomagnetic,5.763825201775101
5.3521328016010745,-5.706747268406985,-0.13816705574181531,-0.016727085695471513,-0.008054480653530675,watch,19.411231396616884
-6.983866526815129,0.1311742241937952,-0.030136246132165687,-0.0034816889272804566,0.000958617645081406,watch for,5.763825201775101
0.4706186286161298,-3.3963783524762627,-0.1180484822822792,-0.014261780348444865,-0.006526599210724497,October,14.010634493135251
-7.296710314753467,0.2790432714199538,-0.02205567658292673,-0.0024868827519326647,0.0017023335702868536,for october,5.417812156168164
-0.17235040477765295,-3.095546365656049,-0.14948739822047225,-0.010461840540336935,0.07718880745021697,several,13.3007128405848
-7.928828663498409,0.577636927704793,-0.0029283788904383157,-0.00012876347327563445,0.0034989193181899185,october several,4.718757645723907
-3.179179836748121,-1.6689029530376374,-0.09017633030986975,-0.010850334015593037,-0.004280185397464839,coronal,9.972727282973636
-6.618280007310916,-0.04167720302318534,-0.03865801089544345,-0.004529940062916515,0.0001840917889150244,several coronal,6.16819747541322
-3.1903872926937584,-1.6635986219212455,-0.09006163726204353,-0.010836289712134692,-0.004270678691764103,mass,9.960328218102738
-3.1903872926937584,-1.6635986219212455,-0.09006163726204353,-0.010836289712134692,-0.004270678691764103,coronal mess,9.960328218102738
-3.15546953572837,-1.6801247164710595,-0.09041819753664158,-0.010879950668520875,-0.0043002266756091145,ejections,9.998958537896463
-7.403941200720067,0.3297152951707676,-0.01909506337941711,-0.0021221928522365766,0.0019770864239547804,mess ejection+s,5.29921755048005
-4.089927246814861,-1.2378738851394635,-0.08001741975943782,-0.009605994177905636,-0.0034303528515736816,barrel,8.965154596703089
-8.525110726681396,0.8589415044672255,0.019788518594401464,0.002678307844301186,0.005699605412606045,ejection+s barrel,4.059497754754785
1.1980693477648412,-3.7406855770799234,-0.12196426027654589,-0.014741099909672324,-0.006831078859653013,toward,14.815443253057678
-8.604528282979166,0.8963682398365937,0.023266130058176918,0.0031086658706797124,0.006043029971904116,barrel toward,3.971710144835312
20.471763301802604,-12.863844370547536,-0.1800322124709604,-0.023285248966350397,-0.02715395586684405,Earth,36.1391556332659
-6.108598119488008,-0.2827281518024427,-0.04916502174005473,-0.0058212091003993025,-0.0007569973917067076,toward earth,6.731985261833687
-8.734157631567447,0.957431832469307,0.029218097017950972,0.0038456310221995967,0.006634896078761119,Between,3.8284305211422858
-8.795277988706722,0.986210919076387,0.03215153183617929,0.0042090341803542285,0.006928511658626027,between october,3.7608796204660413
-8.867991664202805,1.020437356147013,0.03575504139752403,0.004655620584160691,0.007290939126539844,october and,3.680520782276677
8.185083894010111,-7.0474524284755296,-0.14509140484572497,-0.0175793074595316,-0.008553769726032188,and the,22.545394745596063
-8.93567610559492,1.0522844209622846,0.03922651918381602,0.0050860250668865355,0.0076419151221984345,Sun,3.6057253600576233
-1.2347441753392072,-2.5887827786115247,-0.07345107312666938,0.028580877467823576,-0.026463615494167213,the sun,12.12379841002355
-5.785022634225337,-0.43579283295410365,-0.0551400169140811,-0.006554952255272451,-0.0012852955780535838,unleashed,7.089925183668437
-8.956038595811178,1.0618630036115546,0.0402940034529361,0.005218410939534509,0.007750203163146754,sun unleashed,3.583224655164165
-9.01168399295467,1.0880327117142823,0.04326791573088401,0.005587315214553093,0.008052786974639212,torrent,3.5217387793634893
-9.01168399295467,1.0880327117142823,0.04326791573088401,0.005587315214553093,0.008052786974639212,unleashed torrent,3.5217387793634893
-9.056639706556178,1.1091683078906351,0.04573334720550168,0.005893244386493808,0.008304647121200133,torrent coronal,3.4720676015165073
-9.139357788170653,1.1480404451877861,0.05042442763015964,0.006475601575035508,0.008786423228374567,CMEs,3.3806807496181825
-9.139357788170653,1.1480404451877861,0.05042442763015964,0.006475601575035508,0.008786423228374567,ejection+s cmes,3.3806807496181825
0.6000132553212687,-3.457549109070599,-0.11757999379137733,-0.013932944719613934,-0.005131493767147243,these,14.153762752035881
-9.17454153276018,1.164567314594441,0.052483517000254484,0.006731325102998939,0.008998955470634343,now these,3.3418129923260538
-4.188776678566411,-1.1910937551947733,-0.07880230301151812,-0.009457103185324089,-0.0033276654140063718,these powerful,8.855797283954617
-5.995069136575434,-0.3364296977971919,-0.05131762293006423,-0.006085599115558447,-0.0009479025656428039,bursts,6.857570142331251
-9.21399678076833,1.1830951698605732,0.05484004157650603,0.007024067201471439,0.009242988618942356,powerful bursts,3.298228902937036
69.0006476027348,-35.819960115080676,-0.10856762080311165,-0.004277514836205349,-0.011880830170665074,solar,89.8237938633571
-9.237925902253732,1.1943291478923947,0.05629442978186966,0.007204782748792677,0.009394028003184408,bursts solar,3.271796995455808
-8.393519467120317,0.796903335699432,0.014285783716057515,0.001997689596425052,0.005159767316155757,plasma,4.20496848653174
-9.25148230673042,1.2006924405645045,0.057127014979987956,0.0073082505511649545,0.009480640231688481,solar plasma,3.256823156382299
-9.266604800948256,1.2077899576663593,0.05806327952664096,0.007424615631803218,0.009578166678247629,plasma and,3.240119874428802
-1.4664201640974976,-2.4795555067548722,-0.10530108846764213,-0.01270175944701121,-0.005515537340809039,magnetic,11.867608986926784
-9.274932107448997,1.2116978482181147,0.05858225441430921,0.007489123044007074,0.009632284712271497,and magnetic,3.2309222766899466
-4.287733081075741,-1.1550701921185644,0.036562374124450236,0.1925970907555929,-0.08447988329419368,energy,8.751155702839522
-9.292892854923108,1.2201255792317791,0.059709968910862735,0.007629309754249398,0.009750026088931876,magnetic energy,3.2110848863211165
33.68886198825151,-19.115753025302503,-0.14335531623722636,-0.05982821498553721,-0.03290651058703596,are,50.76033366846995
-9.306171193433286,1.226355286046623,0.06055112594802793,0.0077338871773092645,0.00983797816719504,energy are,3.196419547341701
-9.322428935171589,1.233981760892557,0.06158976657984018,0.007863032006167071,0.009946732088499693,collision,3.1784640584890242
-9.322428935171589,1.233981760892557,0.06158976657984018,0.007863032006167071,0.009946732088499693,are collisio+n,3.1784640584890242
-3.679027987184373,-1.4323358341177244,-0.08482089840483491,-0.010194457397369884,-0.0038341295254452315,course,9.41973601291156
-9.339508265101795,1.241992360158976,0.062691419045613,0.008000030040262266,0.010062268764897457,collisio+n course,3.1596017537682415
65.75527845154211,-34.28544450508454,-0.11942111856127421,-0.011895448266362877,-0.012746832231680535,with,86.23390860190985
-9.35089707830771,1.2473332317683692,0.06343210065685172,0.008092149484393478,0.010140055575445388,course with,3.1470243500759216
-9.358765438503664,1.2510228063141717,0.06394670116098299,0.008156155985033208,0.010194150068541859,with earth,3.138334967327169
-8.586089018286355,0.8860754831581608,0.0595701051742135,-0.04290986055645847,-0.0035490275636007947,we…,3.992829331402161
-9.37970495258751,1.260840178502546,0.06532776619946966,0.008327954589816495,0.010339533273349924,space we…,3.1152111591359355
-9.38682016939906,1.2641756253729237,0.06580093226289281,0.00838682128516408,0.010389412262812245,+2812,3.107353936051607
-9.38682016939906,1.2641756253729237,0.06580093226289281,0.00838682128516408,0.010389412262812245,we… +2812,3.107353936051607
-9.39512377852966,1.2680678483309324,0.06635564689386515,0.008455837916871439,0.01044793285285862,+2812 chars,3.0981845291909966
-8.604528282979166,0.8963682398365937,0.023266130058176918,0.0031086658706797124,0.006043029971904116,Gas,3.971710144835312
-3.6507563258253946,-1.4457159457385513,-0.08513748952053647,-0.01023323590965393,-0.003860620060892109,them,9.451013344859527
-8.560592577594416,0.8756642832584296,0.021327059483098987,0.002868682576655183,0.005851324399480783,gas them,4.020275730747688
2.733744791735427,-4.4694145802983085,-0.15711527399051997,-0.02069275419499169,-0.028604755517683093,How,16.515176878457215
-8.473941587459016,0.8348213838031071,0.017611541070879463,0.0024089922524462137,0.005485514071083058,them how,4.116062402642489
-8.387364309810454,0.7940008389883226,0.014035910757773606,0.0019667936269970147,0.005135357330599917,leaked,4.211773155962554
-8.387364309810454,0.7940008389883226,0.014035910757773606,0.0019667936269970147,0.005135357330599917,how leaked,4.211773155962554
-8.267312251839886,0.7373786598647243,0.009288696523158654,0.0013799820678727318,0.004673302468379586,pro-Nazi,4.34449844737353
-8.267312251839886,0.7373786598647243,0.009288696523158654,0.0013799820678727318,0.004673302468379586,leaked pro-nazi,4.34449844737353
-7.005377712212998,0.14134319746966328,-0.029605402092975498,-0.0034163612009004687,0.0010071977229751655,young,5.740032613698881
-8.06969543604385,0.644132326018386,0.0019610104426007607,0.00047480629846994096,0.0039663855994012814,pro-nazi young,4.562995055625408
-7.897035202069215,0.5626262554438695,-0.003996412510400185,-0.000260563771099339,0.0033972540139853326,Republicans,4.753914316768245
-7.897035202069215,0.5626262554438695,-0.003996412510400185,-0.000260563771099339,0.0033972540139853326,young republicans,4.753914316768245
-2.776873264809698,-1.8601726975755435,-0.11596237549661959,-0.015305146281469499,-0.021303064937921907,chat,10.418134884077958
-7.361150124567889,0.30949514626783303,-0.02028899180398043,-0.0022692750398402815,0.0018661403434058485,republicans chat,5.346543014426315
-6.426101212544237,-0.13255867251672582,-0.04279198682588624,-0.005038141974278031,-0.00018801059065209902,sparked,6.380773345992274
-6.983866526815129,0.1311742241937952,-0.030136246132165687,-0.0034816889272804566,0.000958617645081406,chat sparked,5.763825201775101
-5.793739386767405,-0.43166918346004524,-0.05498535565937663,-0.006535964451914325,-0.001271683827724958,GOP,7.08028256798607
-5.793739386767405,-0.43166918346004524,-0.05498535565937663,-0.006535964451914325,-0.001271683827724958,sparked gop,7.08028256798607
-4.185821585348812,-1.1924922340155728,-0.0788389811189619,-0.009461597618930855,-0.003330768221219657,gop storm,8.85906650496498
93.33233208412132,-47.33054784969832,-0.07067478860727106,-0.02476139811328351,-0.01711397908047315,The,116.74080384046823
-7.361150124567889,0.30949514626783303,-0.02028899180398043,-0.0022692750398402815,0.0018661403434058485,the chat,5.346543014426315
-1.5943803085873736,-2.4190098884018525,-0.10521114195159673,-0.012491773804821887,-0.00326381450739428,history,11.726048195340862
-7.227468340110483,0.24631950879148423,-0.023913428443457965,-0.002715664748564846,0.0015305498648160512,chat history,5.494393571369673
-6.825305913444453,0.05621201136938092,-0.0339448911045924,-0.003950294150784783,0.0006112144966085803,seen,5.939204948404363
-7.714391215210024,0.4763768730200315,-0.009896571595698948,-0.00098839641601266,0.002838503280814409,history see+n,4.955886901105037
-7.237593580684431,0.2511048583662121,-0.02364433736418667,-0.0026825289046336917,0.001555402713279864,Politico,5.483195012329639
-7.98854986158198,0.6058304853812111,-0.000887437212738651,0.00012314087719860617,0.003693640910988753,see+n politico,4.652720161715095
-8.228270571769649,0.7189605066759761,0.007794745770927924,0.0011953770227270937,0.004528559151204295,included,4.3876634642011485
-8.228270571769649,0.7189605066759761,0.007794745770927924,0.0011953770227270937,0.004528559151204295,politico included,4.3876634642011485
-8.387364309810454,0.7940008389883226,0.014035910757773606,0.0019667936269970147,0.005135357330599917,messages,4.211773155962554
-8.387364309810454,0.7940008389883226,0.014035910757773606,0.0019667936269970147,0.005135357330599917,included message+s,4.211773155962554
-8.512752998369127,0.8531167242487119,0.01925829517318954,0.002612707293243692,0.005647398330552507,containing,4.073158355139917
-8.512752998369127,0.8531167242487119,0.01925829517318954,0.002612707293243692,0.005647398330552507,message+s containing,4.073158355139917
-8.63522783684793,0.910832720596862,0.02464395370342605,0.003279220856767618,0.00617958064277333,slurs,3.937776486839166
-8.63522783684793,0.910832720596862,0.02464395370342605,0.003279220856767618,0.00617958064277333,containing slurs,3.937776486839166
-7.787734644643037,0.5110150413647467,-0.007574086247685602,-0.0007019541469525312,0.0030578634621281423,racism,4.87478022252011
-8.70041439359228,0.9415399755383347,0.02763436765522463,0.0036494856473441688,0.006476902794247846,slurs racism,3.86572550816521
-8.758008623433497,0.9686632975898872,0.030352730640280656,0.003986178145730315,0.006748314222181626,racism and,3.802069689541356
-8.78805706046357,0.9828113229549289,0.03180051880557995,0.0041655429684341,0.0068933109125155715,rape,3.7688600720033465
-8.78805706046357,0.9828113229549289,0.03180051880557995,0.0041655429684341,0.0068933109125155715,and rap+e,3.7688600720033465
-8.82308479959367,0.9993011491889134,0.033514635031240886,0.004377942466608206,0.007065380997442675,jokes,3.7301485034834934
-8.82308479959367,0.9993011491889134,0.033514635031240886,0.004377942466608206,0.007065380997442675,rap+e jokes,3.7301485034834934
-8.880032162977376,1.0261035654942008,0.03636413296267227,0.004731124748207728,0.007352389878670231,Telegram,3.667214905698004
-8.930426987977121,1.0498150319199488,0.0389531022088644,0.0050521195188340424,0.0076142065600073045,telegram chat,3.6115257578327733
-7.7145750706130665,0.47646370853612074,-0.009890825366337473,-0.0009876877963764128,0.0028390450857920177,between,4.955683582509433
-8.956038595811178,1.0618630036115546,0.0402940034529361,0.005218410939534509,0.007750203163146754,chat between,3.583224655164165
-8.993973370324287,1.0797044954024815,0.042312224194485035,0.005468750352684338,0.0079554038769491,between young,3.5413078491922203
-9.020251874074669,1.092061319733914,0.04373337942593215,0.0056450664506075485,0.008100266745994933,members,3.5122719870979076
-9.020251874074669,1.092061319733914,0.04373337942593215,0.0056450664506075485,0.008100266745994933,young members,3.5122719870979076
-9.064279457372571,1.1127594475956388,0.04615807858794055,0.005945957451059686,0.008348129260713941,members the,3.463626788899153
-6.471011034111054,-0.11131980637584293,-0.041845607181724226,-0.004921818455592934,-0.00010303562214293311,Republican,6.331096519139152
-9.089864089448453,1.1247843726770912,0.04759291365299104,0.006124053754483497,0.008495224157627622,the republica+n,3.435360109756598
-9.126806103087869,1.1421434668374226,0.049699256566171815,0.006385556084751906,0.00871172833075419,Party,3.394547170905535
-9.126806103087869,1.1421434668374226,0.049699256566171815,0.006385556084751906,0.00871172833075419,republica+n party,3.394547170905535
-2.4134673398891398,-2.034160458580966,-0.12455740822847682,0.004677925952035679,0.071849704133642,found,10.821019343759161
-9.157391241223047,1.156511864304092,0.05147491721359415,0.006606056478543695,0.008894769875402327,party found,3.3607588039903313
-9.17454153276018,1.164567314594441,0.052483517000254484,0.006731325102998939,0.008998955470634343,rife,3.3418129923260538
-9.17454153276018,1.164567314594441,0.052483517000254484,0.006731325102998939,0.008998955470634343,found rife,3.3418129923260538
-9.188209821798097,1.1709864972799924,0.05329411256453778,0.006832012738678287,0.009082801198027577,rife with,3.3267140719327313
-9.20135044732227,1.1771572035574542,0.05407915364644446,0.006929535704139619,0.009164100166071477,with racism,3.3121983397323587
-9.221360109834034,1.1865522648107836,0.055285522676606455,0.007079417174694094,0.009289217397523857,anti-Semitism,3.290095324141064
-9.221360109834034,1.1865522648107836,0.055285522676606455,0.007079417174694094,0.009289217397523857,racism anti-semitism,3.290095324141064
-9.255876867654052,1.2027550595220693,0.057398271838081355,0.0073419627385263725,0.009508881808277506,white,3.2519691790736425
-9.255876867654052,1.2027550595220693,0.057398271838081355,0.0073419627385263725,0.009508881808277506,anti-semitism white,3.2519691790736425
-9.268707404877668,1.2087767082625664,0.05819408805279723,0.007440874446117029,0.009591803269303761,supremacist,3.237797514053559
-9.268707404877668,1.2087767082625664,0.05819408805279723,0.007440874446117029,0.009591803269303761,white supremacis+t,3.237797514053559
-9.292892854923108,1.2201255792317791,0.059709968910862735,0.007629309754249398,0.009750026088931876,symbols,3.2110848863211165
-9.292892854923108,1.2201255792317791,0.059709968910862735,0.007629309754249398,0.009750026088931876,supremacis+t symbol+s,3.2110848863211165
-9.30802161613979,1.2272233748586483,0.060668854078916326,0.007748524681455498,0.00985029674693133,symbol+s and,3.194375864311321
-9.315311808152705,1.2306432753140737,0.061133889315570164,0.007806346056525379,0.009898977307185676,violent,3.186324341455064
-9.315311808152705,1.2306432753140737,0.061133889315570164,0.007806346056525379,0.009898977307185676,and violent,3.186324341455064
-9.329379789312938,1.237242031680653,0.062036800238955095,0.007918621432126965,0.009993592123659079,language,3.1707875078314527
-9.329379789312938,1.237242031680653,0.062036800238955095,0.007918621432126965,0.009993592123659079,violent language,3.1707875078314527
-9.346070793722792,1.2450699819409032,0.06311762051253551,0.008053036175428343,0.010107018144315812,language politico,3.1523542959917363
-7.319788285172318,0.2899493391371659,-0.021427224710413827,-0.0024094790540690443,0.0017605539374540586,revealed,5.392288257905522
-9.360313512609657,1.2517486836933662,0.06404822555736463,0.008168784173611934,0.010204827180467137,politico revealed,3.1366253749464224
22.05864156023579,-13.612229332367104,-0.14992519693467662,-0.03478718403797904,-0.016601485370486693,Tuesday,37.89370136754122
-9.378259837130834,1.2601627121055765,0.06523190730118152,0.008316029189374146,0.01032943258275,revealed tuesday,3.1168069909845335
-8.729560582915305,0.9552669317163598,0.02900086485385503,0.0038187245976743587,0.006613203129010254,group,3.83351138169673
-9.39783681393136,1.2693394790197683,0.06653748036818967,0.008478462370807334,0.010467126302058198,the group,3.0951886447885473
-9.405817681844937,1.2730799898316305,0.06707407567702274,0.008545230743240121,0.010523797234556927,ch…,3.086375821560728
-9.405817681844937,1.2730799898316305,0.06707407567702274,0.008545230743240121,0.010523797234556927,group ch…,3.086375821560728
-9.412293398606653,1.2761148236350304,0.06751134757411566,0.008599643676580096,0.010570012209304674,+12642,3.0792251564662494
-9.412293398606653,1.2761148236350304,0.06751134757411566,0.008599643676580096,0.010570012209304674,ch… +12642,3.0792251564662494
-9.42110472283283,1.2802438932181375,0.06810905081278266,0.008674025108370226,0.010633232209453794,+12642 char+s,3.0694956010450296
2.755346002381927,-4.477741631491088,-0.12911721906186988,-0.015617099415230222,-0.0073790019506602324,What,16.53831945841626
-5.790265046474024,-0.43331279413469437,-0.055047040879487294,-0.00654353759395566,-0.0012771131523322196,know,7.084125939853777
-7.829083933714435,0.5305412296113183,-0.006237411153170121,-0.0005370637398305145,0.0031844552724164775,what know,4.829055102262284
6.540399691305778,-6.269108208278072,-0.14138608865034097,-0.0171227871935137,-0.008288885929122268,about,20.72584345661871
-6.319547346869224,-0.18295262481812946,-0.044991461090688814,-0.005308448381266586,-0.00038501946135759656,know about,6.498638539215846
-4.470418652430308,-1.0578110315686562,-0.07520291971100866,-0.009015988065789836,-0.0030222083726288867,about the,8.544217920392486
1.6568352400157575,-3.9578206317310816,-0.12423381580111928,-0.015018970709953866,-0.007006128291487333,devastating,15.322994493178252
-5.716475086483642,-0.46822120346321006,-0.05634472637713026,-0.0067028458823884815,-0.0013912069999351146,the devastating,7.165753833430018
0.9302208159929481,-3.6139114918092954,-0.12056967274159064,-0.014570379396980939,-0.0067229898440958604,devastating storm,14.519111439905497
0.7745090165081496,-3.5402120798751477,-0.11973411758004537,-0.014468101025161752,-0.006658042166514481,Western,14.346841047437811
-6.6641463357447,-0.019988693815967906,-0.03763791766871212,-0.004404505866058367,0.00027627588132775327,storm western,6.117463876386458
6.737669806234086,-6.362467278050732,-0.1418738581433041,-0.017182809614816767,-0.008324080972150634,Alaska,20.944088310357756
-1.3873274801420497,-2.5169909718701975,-0.1059000551253098,-0.012775060946127691,-0.005563686754070708,western alaska,11.955112307172051
-7.714391215210024,0.4763768730200315,-0.009896571595698948,-0.00098839641601266,0.002838503280814409,alaska the,4.955886901105037
-7.097081513497065,0.18469198188705294,-0.027302722336745786,-0.0031329441249699297,0.001218378661498449,remnant,5.6386040882808794
-7.097081513497065,0.18469198188705294,-0.027302722336745786,-0.0031329441249699297,0.001218378661498449,the remnant,5.6386040882808794
27.25184416744063,-16.06954017649419,-0.15459064021672086,-0.031913524800727205,0.013531535725663638,Typhoon,43.638916788582605
-7.402654809955157,0.32910745047087975,-0.019131201704314746,-0.002126645065126871,0.001973725358003449,remnant typhoon,5.300640247268724
-2.0761587448198835,-2.190960618998571,-0.10041473328374165,-0.012103730691555117,-0.005120486908112312,Halong,11.193032507699021
-2.0761587448198835,-2.190960618998571,-0.10041473328374165,-0.012103730691555117,-0.005120486908112312,typhoon halong,11.193032507699021
-6.83880117956886,0.0625925155272089,-0.033627688319284706,-0.003911273149241361,0.0006400712716339973,slammed,5.9242780076836885
-7.6797088797086905,0.45999581612584084,-0.010973872426122043,-0.0011212404652438156,0.0027370073266893714,halong slammed,4.994240973747983
-7.296710314753467,0.2790432714199538,-0.02205567658292673,-0.0024868827519326647,0.0017023335702868536,slammed the,5.417812156168164
-8.583014263157283,0.8862305695907549,0.02231186176483739,0.002990556975718867,0.005948618247872232,Yukon-Kuskokwim,3.9954910802201624
-8.583014263157283,0.8862305695907549,0.02231186176483739,0.002990556975718867,0.005948618247872232,the yukon-kuskokwim,3.9954910802201624
-8.734157631567447,0.957431832469307,0.029218097017950972,0.0038456310221995967,0.006634896078761119,Delta,3.8284305211422858
-8.734157631567447,0.957431832469307,0.029218097017950972,0.0038456310221995967,0.006634896078761119,yukon-kuskokwim delta,3.8284305211422858
-4.9690384940313,-0.8218616044741767,-0.0682825767355681,-0.0081675484456335,-0.002429608365393526,area,7.992604205784804
-8.809391287819267,0.9928550732078512,0.03284109765842695,0.004294478002285922,0.006997716657085328,delta area,3.74528199188313
-6.6641463357447,-0.019988693815967906,-0.03763791766871212,-0.004404505866058367,0.00027627588132775327,area western,6.117463876386458
-2.7553710834066507,-1.8694880358274633,-0.09434677007476318,-0.011360953169067146,-0.0046244744097896084,hundreds,10.441597941202026
-8.945981539551854,1.0571322760139357,0.03976540669039373,0.00515285399919866,0.007696559738992586,alaska hundreds,3.5943377133776657
-3.6987503017736216,-1.4230018860337657,-0.08459902422345561,-0.01016728009014007,-0.0038155553280295887,miles,9.397916952480807
-9.002926872776557,1.083914894175511,0.04279428457120785,0.005528553949012225,0.008004507662649242,hundreds mile+s,3.531414767243245
-9.028637299042119,1.096003919753724,0.0441909257140717,0.005701838517383553,0.008146970817022805,mile+s from,3.5030068904525873
1.8281959909685028,-4.037989597088037,-0.05156561515642605,-0.05571112379066948,-0.03349026499753172,from the,15.512286963007094
12.057329606576213,-8.879896004723772,-0.15114759229132596,-0.018330353494948808,-0.008969869309739717,U.S,26.82931417482368
1.6762608917599682,-3.967014806362913,-0.12432674031393294,-0.015030349048275143,-0.007013272455650043,the u.s,15.344485867620687
-4.326680186733694,-1.1266786590849858,-0.03687528150567555,0.06491270321869805,-0.03176438057271225,road,8.703672560436008
-7.938380578307956,0.5820144369246014,-0.012023665351784556,0.0009441556038025031,0.027425818097431963,system,4.708232796303014
-9.100313918441756,1.129695229474348,0.04818455056118105,0.006197498659434588,0.008555968223441485,road system,3.423815098512746
-5.247859506042366,-0.6899325294770748,-0.0640692522804523,-0.00765076540894231,-0.0020654327977168356,More,7.684154923976816
-8.0944661826925,0.6558230435842278,0.002848447703556703,0.0005843906182764202,0.004051593506984171,thousand,4.535605937000775
-9.163202488395378,1.159241513632019,0.05181562255677852,0.0066483705287601995,0.008929946318820655,than thousand,3.3543391046997835
27.528881703722632,-16.199822884429167,-0.14498455955919373,-0.017535217567410777,-0.010192267762114418,people,43.94508000814949
-9.188209821798097,1.1709864972799924,0.05329411256453778,0.006832012738678287,0.009082801198027577,thousand people,3.3267140719327313
-9.206466527795357,1.1795594852308875,0.05438633250386099,0.006967698046667269,0.009195937540250549,people are,3.3065469640562526
-7.504765255983363,0.37735341552790924,-0.016213870989748302,-0.0017671782205261636,0.002245637080359535,displaced,5.187711642058273
-9.216469461643355,1.1842561212219826,0.05498943630937324,0.007042628804834673,0.00925848829341469,are displaced,3.2954975538403626
-9.258051655398605,1.2037757824947568,0.0575327595405927,0.007358677481084215,0.009522888072047297,late,3.249567047620763
-9.258051655398605,1.2037757824947568,0.0575327595405927,0.007358677481084215,0.009522888072047297,the late,3.249567047620763
10.513176993934698,-8.149178742876838,-0.14911941847563565,-0.01807777630297895,-0.008833665038991191,night,25.12100199807004
-9.268707404877668,1.2087767082625664,0.05819408805279723,0.007440874446117029,0.009591803269303761,late night,3.237797514053559
-5.829089311304771,-0.41494627161360675,-0.05435470067857341,-0.006458536076536412,-0.0012161450312516914,hours,7.041177963725068
-9.281035324837223,1.2145618185462785,0.05896417377114675,0.007536597416063188,0.009672137578884334,night hours,3.2241812912666035
-4.4239485485023025,-1.079801928537801,-0.0758113026270693,-0.009090555198918252,-0.0030739717649741235,Oct,8.595627422286011
-9.29865451160548,1.2228288305219845,0.060074176025495404,0.007674588708304031,0.00978809430778408,hours oct,3.2047213488426363
-9.376807214656974,1.2594817162286498,0.06513563255542544,0.008304052199660518,0.010319289536196631,slammed alaska,3.1184111173107087
-9.389615919674027,1.2654861397074513,0.06598739562812787,0.008410020196028578,0.010409078104623756,southwest,3.10426666265764
-9.389615919674027,1.2654861397074513,0.06598739562812787,0.008410020196028578,0.010409078104623756,alaska southwest,3.10426666265764
-9.40318333357856,1.2718453463701451,0.06689667337106638,0.008523156134934118,0.010505056358520354,southwest coast,3.089284768427978
-3.049865605673224,-1.730105809387144,-0.09148282689121684,-0.011010310074444165,-0.004388334711192798,bringing,10.115790715409897
-7.952495052751106,0.5888099274779921,-0.0021250779485774834,-2.962231230835971e-05,0.0035754905174678678,coast bringing,4.692588039637407
-9.42356965537179,1.2813989125320315,0.06827682043350096,0.008694904278457113,0.010650987674136893,hurricane-force,3.0667738286130084
-9.42356965537179,1.2813989125320315,0.06827682043350096,0.008694904278457113,0.010650987674136893,bringing hurricane-force,3.0667738286130084
24.110675393124062,-14.583457665832647,-0.1601878845128748,-0.018548581860202015,0.0010160110161488989,winds,40.163954066138835
-9.442499969891998,1.290268235004838,0.06957357566272009,0.008856302265976635,0.010788377648066238,hurricane-force wind+s,3.045871488787772
0.7291333120510934,-3.519186907777711,-0.12929838456090695,-0.01348500650841302,0.01686270077977551,wind+s and,14.296813250755115
7.644803424766804,-6.79254596119728,-0.15464307351654846,-0.01937109409426605,-0.016511054792022736,record,21.947982739990444
-9.453667143173385,1.2954994452421749,0.0703455152159954,0.00895239272231649,0.010870291277314724,and record,3.033541392174947
12.209863658669887,-8.951448569005247,-0.1404795526820703,0.004544618644051602,-0.01408099924545245,flooding,26.997815591872307
-9.461203841175902,1.299029597339465,0.07086945632069887,0.009017617874695445,0.010925943046540466,record flooding,3.0252200078651192
-9.473622396740645,1.3048457114494347,0.07173803794966717,0.00912575670025013,0.011018298517707789,numerous,3.011508788757631
-9.473622396740645,1.3048457114494347,0.07173803794966717,0.00912575670025013,0.011018298517707789,flooding numerous,3.011508788757631
-9.376807214656974,1.2594817162286498,0.06513563255542544,0.008304052199660518,0.010319289536196631,numerous alaska,3.1184111173107087
-6.409263404744337,-0.14052179786471575,-0.043143810371638905,-0.005081383426114876,-0.00021956892674878867,Native,6.39939849115845
-6.409263404744337,-0.14052179786471575,-0.043143810371638905,-0.005081383426114876,-0.00021956892674878867,alaska native,6.39939849115845
-1.9594827470723875,-2.246184212371676,-0.10138823059591097,-0.01222288088128818,-0.005199507990671784,villages,11.322115330572649
-7.33907740552681,0.29906466114044106,-0.020898321325518714,-0.00234433242132034,0.0018095944856574564,native village+s,5.3709548781957475
-9.315311808152705,1.2306432753140737,0.061133889315570164,0.007806346056525379,0.009898977307185676,village+s the,3.186324341455064
-9.510136281216171,1.321941641594323,0.07433056399935793,0.009448598492627159,0.01129467969884363,coast.…,2.971196342539561
-9.510136281216171,1.321941641594323,0.07433056399935793,0.009448598492627159,0.01129467969884363,the coast.…,2.971196342539561
-9.517828879517921,1.3255423647893132,0.07488424948128962,0.009517561607530483,0.011353846650222363,+4987,2.962703911626331
-9.517828879517921,1.3255423647893132,0.07488424948128962,0.009517561607530483,0.011353846650222363,coast.… +4987,2.962703911626331
-9.522820859657882,1.327878806011701,0.07524497499527379,0.009562493629671974,0.011392420483575687,+4987 char+s,2.9571929763226423
107.79407321152452,-54.171074977418634,-0.04661321855981805,-0.0017076803274116122,-0.014367161754771485,Hurricane,132.73878809749868
-8.560592577594416,0.8756642832584296,0.021327059483098987,0.002868682576655183,0.005851324399480783,center,4.020275730747688
-7.419829893716659,0.3372229291266535,-0.018647433048477352,-0.0020670437633293097,0.0020187335750113805,hurrican+e center,5.281645328862568
5.931014315389499,-5.98071124350439,-0.13979753826475338,-0.016927430871964872,-0.008173655917848468,Florida,20.051664384659304
-8.432270270058904,0.8151751439227377,0.015873984845007294,0.002194085960790449,0.005315127708532806,center florida,4.16212917431229
-8.304075367882625,0.7547200257877618,0.01071740471192531,0.0015565541617925446,0.004812022295796227,tracks,4.303853480771124
-8.304075367882625,0.7547200257877618,0.01071740471192531,0.0015565541617925446,0.004812022295796227,florida track+s,4.303853480771124
-8.164879785188976,0.6890513719522318,0.005418620261939705,0.0009018266002088771,0.00429899911269266,Invest,4.457751054588845
-8.164879785188976,0.6890513719522318,0.005418620261939705,0.0009018266002088771,0.00429899911269266,track+s invest,4.457751054588845
-7.98854986158198,0.6058304853812111,-0.000887437212738651,0.00012314087719860617,0.003693640910988753,98L,4.652720161715095
-7.98854986158198,0.6058304853812111,-0.000887437212738651,0.00012314087719860617,0.003693640910988753,invest 98l,4.652720161715095
-5.299746841665859,-0.6653821151077857,-0.06325526072486834,-0.007550905183584281,-0.0019947836003901386,See,7.626754384030496
-7.6721533272054065,0.4564270764124094,-0.01120681862961298,-0.0011499635050530406,0.002715082014899218,spaghetti,5.002596471135705
-7.6721533272054065,0.4564270764124094,-0.01120681862961298,-0.0011499635050530406,0.002715082014899218,see spaghetti,5.002596471135705
-3.5685787844023373,-1.4889429755023924,-0.15994980898738634,-0.02377798858783715,-0.060370430719950074,models,9.54363551513701
-7.071893619035383,0.1727859371464664,-0.027941683548418333,-0.0032115949693514046,0.0011597053269602631,spaghetti model+s,5.6664628553489305
-3.46354249591605,-1.5343193045375125,-0.08719142782977601,-0.010484799964109021,-0.004032112448373707,Next,9.658131026950183
-4.185821585348812,-1.1924922340155728,-0.0788389811189619,-0.009461597618930855,-0.003330768221219657,next storm,8.85906650496498
120.49569610252279,-60.179587008680855,-0.030025456449880868,0.007240562815596086,-0.004878404791805263,Melissa,146.78989822000608
0.2892557209113331,-3.3105376112897344,-0.11700645933052167,-0.014134245264481645,-0.006445068648332388,storm melissa,13.809985146004658
-4.3877966557251264,-1.0969100757182328,-0.07628055497662949,-0.00914806738836916,-0.003113860353853521,nan,8.635622022634404
-7.361150124567889,0.30949514626783303,-0.02028899180398043,-0.0022692750398402815,0.0018661403434058485,melissa nan,5.346543014426315
12.697409647592247,-9.182210171211768,-0.1359002127732556,0.021640741992194908,-0.02969104299616676,you,27.537222532255168
-4.871200869317085,-0.86815713513549,-0.06969994678946964,-0.008341355984506003,-0.0025515447934560277,nan you,8.100839266697028
-5.087971797732246,-0.7655851681806483,-0.06651766856230602,-0.007951096045996411,-0.002277369330280087,click,7.8610322180561845
-5.087971797732246,-0.7655851681806483,-0.06651766856230602,-0.007951096045996411,-0.002277369330280087,you click,7.8610322180561845
-5.360258225164937,-0.6367516753236626,-0.06229355557535303,-0.007432914778666712,-0.0019111922551359973,'Accept,7.559813670262218
-5.360258225164937,-0.6367516753236626,-0.06229355557535303,-0.007432914778666712,-0.0019111922551359973,click 'accept,7.559813670262218
1.0555782164439584,-3.6732438538327665,-0.12122897129184068,-0.014651086370874793,-0.006774138528409624,all,14.657799484932113
-3.1242571738035654,-1.6948971273823963,-0.09073499679592856,-0.010918742174129505,-0.004326463163870087,'accept all,10.033489509858741
-5.172223918861792,-0.725719977030955,-0.06523857862083982,-0.007794206248423686,-0.0021667573564934793,all and,7.767827330801747
-0.8748166095624814,-2.759568621679671,-0.10960396589788614,-0.013228333233447527,-0.0058600650905958045,our,12.522123603776587
-6.023516598204818,-0.3229732062206221,-0.05078413006105468,-0.00602007848690644,-0.0009006497030563752,and our,6.826101659571383
-6.1181534811801805,-0.27820839657526575,-0.04898094245893983,-0.005798597423157813,-0.0007406421213960084,partners,6.721415255076457
-6.1181534811801805,-0.27820839657526575,-0.04898094245893983,-0.005798597423157813,-0.0007406421213960084,our partner+s,6.721415255076457
-6.326496265770218,-0.17966608692371944,-0.04484995014434923,-0.005291058949867748,-0.0003723644515340029,partner+s including,6.490951907947119
-6.503173251256285,-0.09610992772496285,-0.04116060849430059,-0.004837615830355085,-4.145232091925556e-05,237,6.295520573437059
-6.503173251256285,-0.09610992772496285,-0.04116060849430059,-0.004837615830355085,-4.145232091925556e-05,including 237,6.295520573437059
-6.566778263123551,-0.0660313052260908,-0.03978774212454414,-0.004668841289085032,8.216829700508337e-05,237 who,6.2251648902348
-6.626927347355485,-0.037588139339677085,-0.038466705931691755,-0.004506417486371804,0.00020136870197907074,who are,6.1586324671508175
1.8188832869707294,-4.034517994722916,-0.12500136494016653,-0.015112958103480784,-0.007065083180152622,part,15.502274696087827
-6.1181534811801805,-0.27820839657526575,-0.04898094245893983,-0.005798597423157813,-0.0007406421213960084,are part,6.721415255076457
3.187411886991665,-4.6822338841405715,-0.13084701540914734,-0.015829073263162862,-0.007509764894129302,part the,17.01632980290515
-6.838726883420516,0.06255738881632844,-0.03362943809076896,-0.003911488402392904,0.000639912052081023,IAB,5.924360185611892
-6.838726883420516,0.06255738881632844,-0.03362943809076896,-0.003911488402392904,0.000639912052081023,the iab,5.924360185611892
-6.885626935994248,0.0847309865586583,-0.03251718644003116,-0.003774654062675963,0.0007412063380564009,Transparency,5.872484892336016
-6.885626935994248,0.0847309865586583,-0.03251718644003116,-0.003774654062675963,0.0007412063380564009,iab transparency,5.872484892336016
-7.034589414428292,0.15515210802190316,-0.028878928447736756,-0.00332695289562305,0.0010737440342836711,amp,5.707722968175908
-7.034589414428292,0.15515210802190316,-0.028878928447736756,-0.00332695289562305,0.0010737440342836711,transparency amp,5.707722968175908
-7.082814003996994,0.17794792104884394,-0.027665269368185717,-0.0031775712915451384,0.001185080432677673,Consent,5.654384478476629
-7.082814003996994,0.17794792104884394,-0.027665269368185717,-0.0031775712915451384,0.001185080432677673,amp consent,5.654384478476629
-7.155315513783913,0.2122174091639546,-0.025806139185900252,-0.002948707183365753,0.0013560253985118618,Framework,5.57419560534888
-7.155315513783913,0.2122174091639546,-0.025806139185900252,-0.002948707183365753,0.0013560253985118618,consent framework,5.57419560534888
-7.3227554010183225,0.2913515016691046,-0.021346083071164604,-0.0023994848236156482,0.001768074966807768,store,5.389006681062471
-7.3227554010183225,0.2913515016691046,-0.021346083071164604,-0.0023994848236156482,0.001768074966807768,framework store,5.389006681062471
-7.365479094283878,0.31154077192065666,-0.020168970650961078,-0.0022544902421588516,0.0018772843941216241,and/or,5.341755299667276
-7.365479094283878,0.31154077192065666,-0.020168970650961078,-0.0022544902421588516,0.0018772843941216241,store and/or,5.341755299667276
-7.412874442203372,0.33393639809223785,-0.018843678440005923,-0.0020912219643904363,0.002000471643618218,access,5.289337755015738
-7.412874442203372,0.33393639809223785,-0.018843678440005923,-0.0020912219643904363,0.002000471643618218,and/or access,5.289337755015738
-6.126641249828951,-0.2741936377216976,-0.04881704499719855,-0.005778464490638279,-0.0007260760054110136,information,6.712026212818316
-7.4578522294901735,0.3551883911563145,-0.01756657925314801,-0.0019338694757597445,0.002119410011290932,access information,5.239594525525161
-7.558221275372147,0.40260803578456583,-0.014646081175563867,-0.001573953324973061,0.0023922526326191178,device,5.128593427337334
-7.558221275372147,0.40260803578456583,-0.014646081175563867,-0.001573953324973061,0.0023922526326191178,information device,5.128593427337334
-2.0136716324401895,-2.2209678017657506,-0.11132691508757157,-0.011139806287432991,0.01993700248930421,other,11.26232777476669
-7.617331981406023,0.4305318355311236,-0.012878684798803705,-0.001356089270424874,0.002557945011318421,device other,5.0632226195358445
-7.647874909758661,0.4449592753243796,-0.011951180502647443,-0.0012417410195650746,0.002645072077275181,words,5.029445502334301
-7.647874909758661,0.4449592753243796,-0.011951180502647443,-0.0012417410195650746,0.002645072077275181,other words,5.029445502334301
-4.58778271393858,-1.0068916138542483,0.0018914528845096062,0.13173620136750763,-0.05724140879204145,use,8.416497098376542
-7.682116877159877,0.46113318450433427,-0.010899500864676101,-0.0011120700547988015,0.0027440089047848643,words us+e,4.991578033519775
-7.714959872056391,0.4766454514460605,-0.009878797541549168,-0.0009862045348520334,0.0028401791896877013,+714,4.955258045481508
-7.714959872056391,0.4766454514460605,-0.009878797541549168,-0.0009862045348520334,0.0028401791896877013,us+e +714,4.955258045481508
-7.737615506236925,0.4873455688345514,-0.009167735735915374,-0.0008985135824752548,0.002907261126337733,+714 chars,4.930204151103464
14.621614247574959,-10.094655200284969,-0.16887582940154316,-0.021394181594887075,-0.02054829809500896,can,29.66673641792316
-4.113318053198151,-1.2273729086205574,-0.09936950730032791,-0.013149328154170303,-0.018501307517975983,how can,8.939481772313634
-3.290715349314567,-1.6167165725980102,-0.10666657455235326,-0.013920841545908245,-0.017709870007170097,improve,9.849555599115835
-3.290715349314567,-1.6167165725980102,-0.10666657455235326,-0.013920841545908245,-0.017709870007170097,can improve,9.849555599115835
0.9992818459931385,-3.647204524567404,-0.13227601885459245,-0.01667229485926027,-0.015362501929470682,improve storm,14.595753299101142
26.950725992395476,-15.930249756755813,-0.18547670312475634,-0.02434559235312466,-0.0317136873213335,surge,43.30710194484242
24.07088729784762,-14.567926897667498,-0.18890026050496656,-0.024902953382238434,-0.03376872149670907,storm surge,40.12128961783715
-1.4005650886974461,-2.5125872811216796,-0.14058904012577328,-0.019080007289775824,-0.03204701377347363,forecasts,11.94119459709119
-1.4005650886974461,-2.5125872811216796,-0.14058904012577328,-0.019080007289775824,-0.03204701377347363,surge forecasts,11.94119459709119
-5.513565587062113,-0.5647299834532662,-0.08616482207232859,-0.011941107908026136,-0.02207478238070611,help,7.3903855476324924
-5.513565587062113,-0.5647299834532662,-0.08616482207232859,-0.011941107908026136,-0.02207478238070611,forecasts help,7.3903855476324924
-5.8309897413813925,-0.4145235259650404,-0.08255340014375037,-0.011612174382110941,-0.02306749451779283,save,7.039223744720643
-5.8309897413813925,-0.4145235259650404,-0.08255340014375037,-0.011612174382110941,-0.02306749451779283,help save,7.039223744720643
-4.441298837165215,-1.0721118976569608,-0.09351823081233812,-0.004671192199003916,-0.023707734368005225,lives,8.576619846274198
-6.0734310038054256,-0.2997422313073326,-0.07362015199226679,-0.00010230648728968249,-0.028373848661492174,save live+s,6.77100170484205
-8.033399036251566,0.6261856856456458,-0.015519072342779376,0.06384932297426321,-0.047103932699437745,live+s storm,4.603441792431254
-8.015640121119983,0.602282075613441,0.040638515306371914,0.24253691559388976,-0.03983880735493733,surge the,4.62981698817429
9.445520982501174,-7.8383489617514845,0.20512405550278529,0.7835935183376689,-0.2854608600095186,cause,24.023621274308084
16.805109029967305,-11.278431527179386,-0.43482007284257734,0.04410628128911652,0.5428747939638794,deaths,32.146181516286525
-7.534024033050292,0.3483614092239269,-0.08049537821555042,0.252023367773294,0.20699254104536963,cause deaths,5.173513358395148
1.4137634942243,-3.8865490948736623,-0.283592939498628,0.035866398632333596,0.28230403574927265,deaths and,15.072466073693194
9.597953565766334,-7.7177962668997795,-0.14608786747383518,0.07091108831352513,0.010101496114424405,damage,24.109212545999668
-7.834935046539475,0.5298946692554751,-0.05139084794975407,0.09586753827859852,0.03813345071926573,and da+mög+e,4.823946385070796
-0.8076419503883727,-2.7961799506959926,-0.18406768833890202,-0.0160879648418525,-0.04745685759079023,during,12.598354699144704
-7.815281720844881,0.5242546595813522,-0.06423146754058967,0.021378405205955235,0.0035312347595727062,da+mög+e during,4.844103366549353
12.6036835915202,-9.13929565803965,-0.1427393201931475,-0.06421854764874271,-0.035748348954566855,hurricane,27.4341156948128
-7.610856537761892,0.427382735336332,-0.06295148696998246,-0.010529592201462875,-0.03649842464852035,during hurricane,5.070324167354562
-5.962589998497649,-0.3533680719786396,-0.046297713038341716,0.0641851187802805,-0.058726545366555,yet,6.894179468614509
-6.967702688510991,0.12310890059676449,-0.07448104636567121,-0.011577225918801046,-0.033302289128906246,hurricane yet,5.781798176642064
-6.560158477208343,-0.06972508653376996,-0.08057699011844405,-0.012121227401014418,-0.031499594404999755,detailed,6.232648092004095
-6.560158477208343,-0.06972508653376996,-0.08057699011844405,-0.012121227401014418,-0.031499594404999755,yet detailed,6.232648092004095
-4.085314163105741,-1.2409446020664374,-0.10718992636522173,-0.014552586136046593,-0.02426350343654746,detailed storm,8.970584186682503
-7.507441776617019,0.3782260582981132,-0.07272412058032594,-0.012132035202970437,-0.04196954783645703,forecasts are,5.184807744875505
-7.66972816883014,0.4549444954529691,-0.07128698156476812,-0.012165338281940295,-0.0442448805233728,difficult,5.00530438387217
-7.66972816883014,0.4549444954529691,-0.07128698156476812,-0.012165338281940295,-0.0442448805233728,are difficult,5.00530438387217
-8.032637823206151,0.6264091789908,-0.06955647009069951,-0.012578739797401615,-0.051261004938376896,difficult create,4.603931479260247
-7.846151473464843,0.53800948489397,-0.07800497486246792,-0.01373796490543792,-0.05340085151003211,turn,4.810291879146138
-7.846151473464843,0.53800948489397,-0.07800497486246792,-0.01373796490543792,-0.05340085151003211,could turn,4.810291879146138
-7.683824339256069,0.461178048531631,-0.08194311931284241,-0.01414219307611149,-0.0528394546050214,turn that,4.989875463449658
-5.709682520815671,-0.4727267633926555,-0.10375757883460025,-0.015350234234769788,-0.03792821396012218,around,7.1737272789917945
-7.47939428098169,0.36442456035601145,-0.08630726172352345,-0.014567174796377745,-0.051954645289279636,that around,5.216036489057138
-4.029102243619095,-1.268346009550911,-0.12270933612060397,-0.01733494189692057,-0.03567159587141147,hurrican+e storm,9.033084114169982
-6.228612601205545,-0.22747790942026969,-0.10450251748821594,-0.0160702616483469,-0.04519118183904265,surge can,6.599762260651421
-4.83004214044312,-0.8898232570170372,-0.12540697232638914,-0.018456423513259695,-0.044964810952197114,quickly,8.147200056505849
-7.09898284384119,0.1832317527701015,-0.11275512697645088,-0.018767440199604093,-0.06520006321376089,can quickly,5.637341434386263
-7.4932405352949205,0.3688115204356892,-0.12029970383714222,-0.020800670623378613,-0.07854141578395624,inundate,5.20157708938944
-7.4932405352949205,0.3688115204356892,-0.12029970383714222,-0.020800670623378613,-0.07854141578395624,quickly inundate,5.20157708938944
-6.353735299197885,-0.17054416078606804,-0.1360982600465671,-0.021979921936189785,-0.07122668532267162,coastal,6.46224845551463
-7.760120843063125,0.4933219436277607,-0.13613430280935035,-0.024188547008005122,-0.09647289067894521,inundate coastal,4.9070544680873205
-6.968927669689276,0.11820130374049365,-0.15426621846079894,-0.026131122720485143,-0.09482231394332291,coastal area+s,5.782632076355341
-7.962095402254192,0.5805188183668335,-0.1984272336330874,-0.035946550935661244,-0.1490421907012957,Chip,4.687068030010262
-7.941206278457997,0.5613084121966323,-0.2502011467121939,-0.045300110465691365,-0.18794111202793504,Somodevilla/Getty,4.714063232249267
-7.941206278457997,0.5613084121966323,-0.2502011467121939,-0.045300110465691365,-0.18794111202793504,chip somodevilla/getty,4.714063232249267
-5.8785649705998075,-0.3969917392303026,-0.15753111775456657,-0.02531752658881132,-0.0812028431856312,Images,6.988573004725911
-8.308807046062539,0.7471600933492293,-0.17489775736786933,-0.03246224399701534,-0.14015222203455632,somodevilla/getty image+s,4.30244305491848
-3.8959100505706576,-1.3328680813494054,-0.14628626354885685,-0.021234638192256027,-0.049291697699920006,Hurricanes,9.181028448504817
-8.426634895051755,0.8067665330063996,-0.14849604484271403,-0.027143270936658623,-0.11413305664798712,image+s hurricanes,4.170494910239365
-5.36933569432994,-0.6349115853726648,-0.1342726592395651,-0.019021182505771006,-0.03994246246219564,hurricanes are,7.550679063871287
-4.448572701313888,-1.0703393228766789,-0.13610299758269243,-0.01838847843266323,-0.030300127698514347,America,8.569202745789191
-5.495858960311768,-0.5748028519791881,-0.13213358342872586,-0.018264498831602693,-0.034158106788995314,are america,7.410607971164513
18.60235421029566,-11.979184259490903,-0.18318137946397092,-0.02022161500957527,-0.016934019423194252,most,34.07099534801743
-5.705873509548836,-0.4753660302124749,-0.1407643498007864,-0.015559903934380743,0.007626041438717137,america most,7.178224967364027
-3.1265864736394793,-1.696168038792539,-0.15138301927161835,-0.015965545760424388,0.01706408108908229,destructive,10.031806785904486
-5.785608383141028,-0.4382040077565934,-0.1469952543370483,-0.014223788053695296,0.030818163688768975,most destructive,7.0902441222968005
-5.184541538136638,-0.7255050948384589,-0.16581847280181272,-0.011809484791040006,0.08261845839343379,natural,7.756399941496072
-5.915968188140034,-0.380366329829561,-0.16788944808568707,-0.010934065406952603,0.09511883815541741,destructive natural,6.947629330875701
-5.947641714045382,-0.3714201911173127,-0.18907858189961513,-0.008495054463096617,0.15017802568194322,hazards,6.915129122516896
-5.947641714045382,-0.3714201911173127,-0.18907858189961513,-0.008495054463096617,0.15017802568194322,natural hazards,6.915129122516896
0.20549357315917405,-3.296994918866199,-0.2492894819003753,-0.009057540713379362,0.22238798587281278,causing,13.728209693111854
-5.896969225405287,-0.4103883351566511,-0.22711279875089657,-0.005156981369138558,0.23724287299060856,hazards causing,6.977520928785365
-5.598018552872571,-0.5868365180595463,-0.29094681416897056,-0.0011430524385328657,0.36540032927269855,causing more,7.323081938058184
-4.9731358323014705,-0.9563103756632523,-0.38863107289794147,0.002982898159171757,0.5386874908833053,more deaths,8.045743380205542
-5.757539883002067,-0.47980923866617164,-0.22858847934261856,-0.0037177950579146543,0.25547322785949217,property,7.133241403378346
-5.757539883002067,-0.47980923866617164,-0.22858847934261856,-0.0037177950579146543,0.25547322785949217,and property,7.133241403378346
-5.872583281974091,-0.4082013823325017,-0.1819823590393781,-0.006364883252570083,0.16512494276424228,property da+mög+e,6.998720827243842
-5.881502133575902,-0.39781039016344755,-0.15813062822732366,-0.007884473475117526,0.11702513382430904,da+mög+e than,6.986263507765956
-8.916154525882302,1.04221888523342,-0.10899972653041526,-0.005633527527616712,0.07814196450175345,an…,3.6273812639796255
-8.916154525882302,1.04221888523342,-0.10899972653041526,-0.005633527527616712,0.07814196450175345,than an…,3.6273812639796255
-8.945736390683695,1.0569941441603092,-0.10128556359290875,-0.0057607994890954955,0.0667002287784185,+6309,3.5943378367524956
-8.945736390683695,1.0569941441603092,-0.10128556359290875,-0.0057607994890954955,0.0667002287784185,an… +6309,3.5943378367524956
-8.977170968670166,1.0725185126405739,-0.09338664320960086,-0.005841989122637218,0.055540055898242235,+6309 chars,3.5592996565154738
-8.207818865380005,0.7093115013457318,0.0070215258296640465,0.0010998436256783786,0.004453769496389657,live+s hurricanes,4.410275506016466
-6.944081469955855,0.11025002807466855,-0.061564366048314466,-0.00044623041027515385,0.07604563181737123,any,5.808673189796718
-6.944081469955855,0.11025002807466855,-0.061564366048314466,-0.00044623041027515385,0.07604563181737123,than any,5.808673189796718
-6.890538847496225,0.0859421643973155,-0.05443342277052145,-0.0014565982342297891,0.05537727281248788,any other,5.8674824495837195
-6.790391818551132,0.03944703868569599,-0.04531827146084845,-0.0029334746617277604,0.026863046185984937,type,5.9779118470269115
-6.790391818551132,0.03944703868569599,-0.04531827146084845,-0.0029334746617277604,0.026863046185984937,other typ+e,5.9779118470269115
2.209417789795385,-4.21935714891797,-0.1267820631178206,-0.015331037827035574,-0.007201364723632522,disaster,15.934338317720462
-6.600444917438191,-0.05011095002250254,-0.039051098739622314,-0.004578272199668406,0.00014860762134273186,typ+e disaster,6.187925286319556
-6.21661624512824,-0.23163601321239113,-0.04705703875758524,-0.005562248629623658,-0.0005694221387969002,Since,6.612497703330628
-5.912709319232771,-0.3753892532248919,-0.05284053399010983,-0.006272617191159477,-0.0010825715849903331,1980,6.948676722188281
-5.912709319232771,-0.3753892532248919,-0.05284053399010983,-0.006272617191159477,-0.0010825715849903331,since 1980,6.948676722188281
-5.520393265363335,-0.560987538348269,-0.059681796938584324,-0.0071124331085775944,-0.001683515728305193,1980 these,7.382665441184033
19.28030451847389,-12.297708351610979,-0.15578904985559858,-0.018925111172316444,-0.009244522577012197,tropical,34.82008541860014
-3.6021015742481897,-1.4687428251510752,-0.08567833744123743,-0.010299481375036758,-0.003905840008750759,powerful tropical,9.504840812934436
110.25240926180238,-55.33456393556584,-0.05096179209432205,-0.007063275282502525,-0.0051471962150294,storms,135.458543777178
0.9302208159929481,-3.6139114918092954,-0.12056967274159064,-0.014570379396980939,-0.0067229898440958604,tropical storms,14.519111439905497
21.68392903600241,-13.434149551369849,-0.14303922821833676,0.016042529566934173,-0.009055878628788198,have,37.478845880421964
-3.0926548681029864,-1.709854120802575,-0.09105392012309854,-0.010957793112010939,-0.004352859837373501,storms have,10.068451901022943
-4.185821585348812,-1.1924922340155728,-0.0788389811189619,-0.009461597618930855,-0.003330768221219657,done,8.85906650496498
-4.185821585348812,-1.1924922340155728,-0.0788389811189619,-0.009461597618930855,-0.003330768221219657,have don+e,8.85906650496498
-4.8748154356673,-0.866446751500745,-0.06964812306421764,-0.00833500134868376,-0.002547091496363194,don+e more,8.096840563738967
-7.928828663498409,0.577636927704793,-0.0029283788904383157,-0.00012876347327563445,0.0034989193181899185,1.5,4.718757645723907
-7.928828663498409,0.577636927704793,-0.0029283788904383157,-0.00012876347327563445,0.0034989193181899185,than 1.5,4.718757645723907
-8.043675002526344,0.6318510828620825,0.001037930987456026,0.00036083211800063547,0.003877873512603769,trillion,4.591766287283786
-8.043675002526344,0.6318510828620825,0.001037930987456026,0.00036083211800063547,0.003877873512603769,1.5 trillion,4.591766287283786
-8.304075367882625,0.7547200257877618,0.01071740471192531,0.0015565541617925446,0.004812022295796227,trillion da+mög+e,4.303853480771124
-8.417681469450553,0.8082964949976694,0.015272985340184952,0.0021197624099626375,0.005256294326667717,da+mög+e and,4.1782570831969315
7.819115577585768,-6.874260596805262,-0.14433492802235814,-0.01748598612436794,-0.0085001831023966,killed,22.14051649306438
-8.473941587459016,0.8348213838031071,0.017611541070879463,0.0024089922524462137,0.005485514071083058,and killed,4.116062402642489
-7.361150124567889,0.30949514626783303,-0.02028899180398043,-0.0022692750398402815,0.0018661403434058485,killed more,5.346543014426315
-8.664200556269979,0.9244818865712732,0.025962028092991904,0.00344240528404699,0.006310469067795121,"7,000",3.9057523395496063
-8.664200556269979,0.9244818865712732,0.025962028092991904,0.00344240528404699,0.006310469067795121,"than 7,000",3.9057523395496063
-8.717576828893145,0.9496231737455976,0.028436767326681045,0.0037488585506096003,0.006556904366410592,"7,000 peopl+e",3.8467564507706973
-8.043675002526344,0.6318510828620825,0.001037930987456026,0.00036083211800063547,0.003877873512603769,+6190,4.591766287283786
-8.043675002526344,0.6318510828620825,0.001037930987456026,0.00036083211800063547,0.003877873512603769,than +6190,4.591766287283786
-8.186701100407248,0.6993477003992188,0.006229766768711134,0.001002028218151237,0.004377274700060559,+6190 chars,4.433624212255541
1.2250290845334622,-3.7534457314113547,-0.12210171826544772,-0.014757927954697145,-0.00684171129018071,Tropical,14.845269909249927
35.27361906499383,-19.864666443264827,-0.15022305735494143,-0.01832861192398068,-0.00871795479812287,tropical storm,52.51314058268217
-8.78805706046357,0.9828113229549289,0.03180051880557995,0.0041655429684341,0.0068933109125155715,forms,3.7688600720033465
-8.78805706046357,0.9828113229549289,0.03180051880557995,0.0041655429684341,0.0068933109125155715,melissa form+s,3.7688600720033465
-8.717576828893145,0.9496231737455976,0.028436767326681045,0.0037488585506096003,0.006556904366410592,form+s the,3.8467564507706973
6.804271351976739,-6.393986712082504,-0.1420357184029084,-0.017202731603643055,-0.008335739731654433,Atlantic,21.017771234300668
1.6383098366834776,-3.949052542549162,-0.12414496341076516,-0.015008091088439373,-0.006999295480423702,the atlantic,15.302499098796407
-8.583014263157283,0.8862305695907549,0.02231186176483739,0.002990556975718867,0.005948618247872232,Maps,3.9954910802201624
-1.6174099030177338,-2.408090432909468,-0.10413618972079881,-0.012559196866655617,-0.005421720097482734,show,11.700563229382544
-8.525110726681396,0.8589415044672255,0.019788518594401464,0.002678307844301186,0.005699605412606045,map+s show,4.059497754754785
2.8239781970738935,-4.510853359983765,-0.13947628601325593,-0.013975952670484338,-0.01812763515088129,forecast,16.61449862071076
-8.46038609530353,0.8284308589064298,0.017042894792876018,0.0023386556387175756,0.005429704198076386,show forecast,4.1310475776448605
-3.42907351777475,-1.5506327011685332,-0.08756172566952271,-0.01053015036433266,-0.0040629618840109585,path,9.696264689263915
-8.321671085888585,0.763019364850845,0.01140891427113877,0.0016420270842273932,0.004879268800736462,forecast path,4.284400111812989
0.35310951815824687,-3.3407602229403324,-0.11737648592769759,-0.014179532889210467,-0.006474044325521681,melissa the,13.880629266323643
-4.010000487924245,-1.2756993255892186,-0.08098247779721872,-0.009724236137302167,-0.0035117519665712788,13th,9.05357792439524
-4.010000487924245,-1.2756993255892186,-0.08098247779721872,-0.009724236137302167,-0.0035117519665712788,the 13th,9.05357792439524
-2.784951206538379,-1.8554878805217214,-0.09406586066815889,-0.01132656253898018,-0.004601369680815686,named,10.408872603355594
-2.784951206538379,-1.8554878805217214,-0.09406586066815889,-0.01132656253898018,-0.004601369680815686,13th named,10.408872603355594
0.9302208159929481,-3.6139114918092954,-0.12056967274159064,-0.014570379396980939,-0.0067229898440958604,named storm,14.519111439905497
-6.6641463357447,-0.019988693815967906,-0.03763791766871212,-0.004404505866058367,0.00027627588132775327,develop,6.117463876386458
-6.6641463357447,-0.019988693815967906,-0.03763791766871212,-0.004404505866058367,0.00027627588132775327,storm develop,6.117463876386458
-7.227468340110483,0.24631950879148423,-0.023913428443457965,-0.002715664748564846,0.0015305498648160512,develop the,5.494393571369673
-5.994115252228527,-0.3368809162272748,-0.051335444490778315,-0.006087787805838479,-0.0009494803806614199,Ocean,6.85862532723545
-5.994115252228527,-0.3368809162272748,-0.051335444490778315,-0.006087787805838479,-0.0009494803806614199,atlantic ocean,6.85862532723545
23.539676143652052,-14.312268898028499,-0.14432707128023387,0.0023042889799562427,-0.017381175543626424,this,39.531860367006544
-8.164879785188976,0.6890513719522318,0.005418620261939705,0.0009018266002088771,0.00429899911269266,ocean this,4.457751054588845
13.020439344269517,-9.335645695560547,-0.15219227631160226,-0.018461192069458326,-0.009038123110181465,year,27.89480914999906
3.7194971777935457,-4.934061907944742,-0.13284444379207688,-0.016073934789277034,-0.007659841271916167,this year,17.60499453809139
2.6223419276900373,-4.414791858315876,-0.12856414774211453,-0.01554933793755383,-0.007337042811702691,melissa has,16.39117206506011
-8.691604165820143,0.9373902748523486,0.027224937632711194,0.0035987835235823315,0.006436117831369943,formed,3.8754632622768623
-8.691604165820143,0.9373902748523486,0.027224937632711194,0.0035987835235823315,0.006436117831369943,has formed,3.8754632622768623
-8.773272027494844,0.9758501866407363,0.031085568432056856,0.004076964761885956,0.006821669623294531,formed the,3.785200416822074
28.363014931567207,-16.595336309413526,-0.15113325816128825,-0.03491782459025432,-0.01835200634601438,Caribbean,44.8682149214027
23.460951469778117,-14.275136341919701,-0.14248454464838742,-0.0356393664869176,-0.01265643595351642,the caribbean,39.44481467015149
-1.9019828538776462,-2.2755533908684376,-0.14219141411118205,-0.019606254367425538,-0.03597278201091027,caribbean the,11.386571148042135
-8.758008623433497,0.9686632975898872,0.030352730640280656,0.003986178145730315,0.006748314222181626,Miami-based,3.802069689541356
-8.758008623433497,0.9686632975898872,0.030352730640280656,0.003986178145730315,0.006748314222181626,the miami-based,3.802069689541356
2.4207350406877772,-4.319372619788532,-0.127706569166114,-0.015444280156318418,-0.007271841811929714,National,16.168126719226066
-8.654724682624323,0.9200179484181765,0.025529014765699215,0.0033887932340644755,0.006267441650877658,miami-based national,3.9162261364571944
-1.2421428556724425,-2.5857085643098916,-0.10697997827629468,-0.012907220146742858,-0.0056503443640818045,national hurricane,12.115735783198161
-2.386734304333281,-2.043963719240252,-0.09772800195659415,-0.011774870648081862,-0.0049015963441169635,hurricane center,10.849432187689853
6.454712265354155,-6.228556092702921,-0.14117027280804945,-0.01709623596976767,-0.008273284963529135,said,20.631045277624743
-6.193801624278699,-0.24242701060215088,-0.0475072682232359,-0.005617562437712332,-0.0006095370874482824,center said,6.637734688397661
-8.228270571769649,0.7189605066759761,0.007794745770927924,0.0011953770227270937,0.004528559151204295,said tuesday,4.3876634642011485
-1.3491544393380437,-2.535497871869496,-0.11644303932889741,-0.011800414254857712,0.019135061030248052,morning,11.997511694939833
-5.3459861384674925,-0.6435043475414015,-0.062521601120832,-0.007460894260506017,-0.0019310258569068305,tuesday morning,7.575602144539631
-7.627603654721491,0.43538390113362935,-0.012567862660660359,-0.0013177705208420164,0.0025871293865743304,atlantic this,5.051863244380658
-1.3796609706647818,-2.521280773095267,-0.11930712600762958,-0.011472896235606322,0.026552104064503645,not,11.963849795478627
-8.094771942514079,0.6559673446619048,0.002859455410995332,0.0005857499616867545,0.0040526511186454815,year not,4.535267859021197
14.342982734276136,-9.962167469552195,-0.06403487573090183,0.13168494932176544,-0.0562552313535655,expected,29.358404096372986
-8.186701100407248,0.6993477003992188,0.006229766768711134,0.001002028218151237,0.004377274700060559,not expected,4.433624212255541
-8.402718318658332,0.8012409950401549,0.01466043339885377,0.002044015440426837,0.00519638348426223,expected have,4.194798990688499
-8.525110726681396,0.8589415044672255,0.019788518594401464,0.002678307844301186,0.005699605412606045,+2349,4.059497754754785
-8.525110726681396,0.8589415044672255,0.019788518594401464,0.002678307844301186,0.005699605412606045,have +2349,4.059497754754785
-8.593880825393816,0.8913511356152333,0.02279270332156813,0.0030500686557798553,0.005996174348257813,+2349 char+s,3.983479468109561
-5.8106881619543955,-0.42365123522493464,-0.05468367498745829,-0.0064989262868310645,-0.0012451232117774297,Why,7.061533571286234
-7.117557466204505,0.1943705230634296,-0.026779599100960796,-0.0030685481927508387,0.0012664571344879064,Are,5.615957008813711
-8.83637914332448,1.0055588866745822,0.03417280883863366,0.004459509510222628,0.007131566857874316,why are,3.7154563527576876
-2.6595202343070135,-1.914853983333649,-0.09524700481371538,-0.011471162376037396,-0.004698434420646408,You,10.547640553102472
-8.809391287819267,0.9928550732078512,0.03284109765842695,0.004294478002285922,0.006997716657085328,are you,3.74528199188313
-8.780722751021734,0.9793582230579299,0.03144522961759946,0.004121523765077092,0.006857699879821886,Gae,3.7769658860956294
-8.780722751021734,0.9793582230579299,0.03144522961759946,0.004121523765077092,0.006857699879821886,you ga+e,3.7769658860956294
-8.725937843076332,0.9535608324539615,0.02883000246245916,0.0037975620250276683,0.0065961455709105145,Elon,3.8375154077705504
-8.725937843076332,0.9535608324539615,0.02883000246245916,0.0037975620250276683,0.0065961455709105145,ga+e elon,3.8375154077705504
-8.682635079537773,0.9331655838726289,0.026809835596675297,0.0035473814762933785,0.006394792940347737,Musk,3.885376673775027
-8.682635079537773,0.9331655838726289,0.026809835596675297,0.0035473814762933785,0.006394792940347737,elon musk,3.885376673775027
-8.63522783684793,0.910832720596862,0.02464395370342605,0.003279220856767618,0.00617958064277333,Trolls,3.937776486839166
-8.63522783684793,0.910832720596862,0.02464395370342605,0.003279220856767618,0.00617958064277333,musk troll+s,3.937776486839166
-6.783083955514896,0.03624920684407673,-0.034929218098711245,-0.004071374302329656,0.0005217563872307162,Sean,5.985906319785028
-8.560592577594416,0.8756642832584296,0.021327059483098987,0.002868682576655183,0.005851324399480783,troll+s sean,4.020275730747688
-6.811920162722455,0.04988321732655532,-0.03425827674003976,-0.003988844382766592,0.000582718661989977,Duffy,5.954010787188603
-6.811920162722455,0.04988321732655532,-0.03425827674003976,-0.003988844382766592,0.000582718661989977,sean duffy,5.954010787188603
-6.197660589086488,-0.2406017653771979,-0.04743130497977954,-0.005608229989057934,-0.0006027708279925242,With,6.63346599020925
-8.417681469450553,0.8082964949976694,0.015272985340184952,0.0021197624099626375,0.005256294326667717,duffy with,4.1782570831969315
-8.338775856716651,0.7710867210469128,0.012085984078287468,0.001725721665791529,0.004945177337728205,Homophobic,4.2654897098658715
-8.338775856716651,0.7710867210469128,0.012085984078287468,0.001725721665791529,0.004945177337728205,with homophobic,4.2654897098658715
-8.118960986054253,0.667382847332751,0.003734471601218037,0.0006938111355531962,0.00413677679996567,Meme,4.508522237633047
-8.118960986054253,0.667382847332751,0.003734471601218037,0.0006938111355531962,0.00413677679996567,homophobic meme,4.508522237633047
-7.98854986158198,0.6058304853812111,-0.000887437212738651,0.00012314087719860617,0.003693640910988753,meme the,4.652720161715095
-6.92669331315066,0.10414579780941047,-0.03153044417490049,-0.0036532478277125106,0.0008312137061149659,SpaceX,5.827062453189728
-7.86382374827365,0.5469450947319627,-0.005098710215350313,-0.0003965763818133171,0.003292495024643065,the spacex,4.790639438079116
-7.580519615384795,0.4131420254224798,-0.013983591111915508,-0.0014922940291361344,0.002454309733223546,CEO,5.1039334556582885
-7.580519615384795,0.4131420254224798,-0.013983591111915508,-0.0014922940291361344,0.002454309733223546,spacex ceo,5.1039334556582885
-7.152784890969882,0.21102129552302795,-0.025871743137001267,-0.0029567839476811247,0.0013499850397721575,tweeting,5.576994531384356
-7.152784890969882,0.21102129552302795,-0.025871743137001267,-0.0029567839476811247,0.0013499850397721575,ceo tweeting,5.576994531384356
-4.185821585348812,-1.1924922340155728,-0.0788389811189619,-0.009461597618930855,-0.003330768221219657,tweeting storm,8.85906650496498
-6.21661624512824,-0.23163601321239113,-0.04705703875758524,-0.005562248629623658,-0.0005694221387969002,storm about,6.612497703330628
-6.1029690107287164,-0.28539077049150796,-0.04927324964182263,-0.00583450327200382,-0.0007666111298688938,acting,6.738212107286639
-7.296710314753467,0.2790432714199538,-0.02205567658292673,-0.0024868827519326647,0.0017023335702868536,the acting,5.417812156168164
-4.1387236462553645,-1.2158676010584402,-0.034810033921136706,0.07287418115303342,-0.035155884215147426,NASA,8.911719761352009
-7.6721533272054065,0.4564270764124094,-0.01120681862961298,-0.0011499635050530406,0.002715082014899218,acting nasa,5.002596471135705
-6.6822528644312404,-0.011426971499287841,-0.03723152715066409,-0.004354531220477676,0.00031304088483980093,administrator,6.097435997932791
-7.86382374827365,0.5469450947319627,-0.005098710215350313,-0.0003965763818133171,0.003292495024643065,nasa administrator,4.790639438079116
-8.446500262633714,0.8218842900894612,0.016463828933612534,0.0022670349098472455,0.005372919596871627,duffy the,4.1463980731189665
-4.4885594608489106,-1.0492263571956268,-0.0749638170768499,-0.00898668127662686,-0.003001849827281946,Secretary,8.524148911067938
-8.500113036163704,0.8471586422191781,0.01871892383209861,0.00254597903692127,0.00559433224805609,the secretary,4.087131067224956
-8.645069051628365,0.9154691442386595,0.025089713118608206,0.003334405378413065,0.006223817382753032,Transportation,3.926898704242373
-8.645069051628365,0.9154691442386595,0.025089713118608206,0.003334405378413065,0.006223817382753032,secretary transportation,3.926898704242373
-8.773272027494844,0.9758501866407363,0.031085568432056856,0.004076964761885956,0.006821669623294531,transportation and,3.785200416822074
-8.802388458552581,0.9895583921317925,0.03249836149862921,0.004252008833870453,0.0069633107765104205,and acting,3.7530212991618424
-8.849293540369757,1.0116373645994077,0.03481624430028629,0.004539256188946055,0.007196332779130491,acting administrator,3.7011842833293023
-8.945981539551854,1.0571322760139357,0.03976540669039373,0.00515285399919866,0.007696559738992586,administrator nasa,3.5943377133776657
-2.130897265741357,-2.1650525300350907,-0.09995140907733517,-0.012047021306062528,-0.005082823219222877,appeared,11.132473361146982
-8.975446691565807,1.070991544188785,0.04132170585246299,0.005345879208749276,0.007854617278653874,nasa appeared,3.561779050214418
-9.028637299042119,1.096003919753724,0.0441909257140717,0.005701838517383553,0.008146970817022805,CNBC,3.5030068904525873
-9.028637299042119,1.096003919753724,0.0441909257140717,0.005701838517383553,0.008146970817022805,appeared cnbc,3.5030068904525873
7.485217712251716,-6.717216388646389,-0.15680989635706324,-0.01978289592529927,-0.018378981559861174,Monday,21.771507485622454
-9.060478729667155,1.11097290174186,0.04594656537737328,0.005919706380148149,0.008326472040766811,cnbc monday,3.4678260293487537
-2.441653388908012,-2.0178603182803423,-0.07089036885800208,0.036778191790811314,-0.02352920512021408,say,10.788676093499596
-9.096863345516034,1.1280736865654877,0.04798882780885544,0.0061732013496279305,0.008535867229724667,monday say,3.4276272867130646
-9.110475478923384,1.1344702622248348,0.04876301870851123,0.006269313930080549,0.008615411850018557,say that,3.412588724691764
-9.126806103087869,1.1421434668374226,0.049699256566171815,0.006385556084751906,0.00871172833075419,that spacex,3.394547170905535
-6.253781437689849,-0.21405766451228425,-0.04631775827691026,-0.005471417884036283,-0.0005034917858125453,had,6.571386587345036
-9.148489639903458,1.1523303818329633,0.05095510144080828,0.006541501132294021,0.008841135342560136,spacex hab+d,3.370592530694408
-8.13488551505143,0.6748977209036373,0.004315075959977682,0.0007655193474853765,0.004192656987213512,fallen,4.490914786485684
-9.16030895023606,1.157882381078342,0.05164584434636377,0.006627284628257931,0.008912415179315441,hab+d fall+en,3.3575355967122005
-9.180074434699677,1.1671658737657928,0.052810916337788116,0.00677199160597711,0.00903280855857521,behind,3.3357009356756278
-9.180074434699677,1.1671658737657928,0.052810916337788116,0.00677199160597711,0.00903280855857521,fall+en behind,3.3357009356756278
15.277988864312588,-10.404367569229684,-0.15947356022393996,-0.007939499090234777,0.013105034464885111,its,30.39252349882206
-9.206466527795357,1.1795594852308875,0.05438633250386099,0.006967698046667269,0.009195937540250549,behind its,3.3065469640562526
-9.216469461643355,1.1842561212219826,0.05498943630937324,0.007042628804834673,0.00925848829341469,effort,3.2954975538403626
-9.216469461643355,1.1842561212219826,0.05498943630937324,0.007042628804834673,0.00925848829341469,its effort,3.2954975538403626
-9.240225203017975,1.195408477908656,0.05643520081003821,0.007222276028493754,0.009408664584164074,return,3.2692572604344923
-9.240225203017975,1.195408477908656,0.05643520081003821,0.007222276028493754,0.009408664584164074,effort return,3.2692572604344923
-5.4785649729599175,-0.5807772665758306,-0.06037356081625485,-0.007197324460370094,-0.0017439134539868738,Americans,7.428937519756573
-9.255876867654052,1.2027550595220693,0.057398271838081355,0.0073419627385263725,0.009508881808277506,return american+s,3.2519691790736425
-8.446500262633714,0.8218842900894612,0.016463828933612534,0.0022670349098472455,0.005372919596871627,american+s the,4.1463980731189665
-9.290947985634562,1.2192130539427424,0.059587298966868166,0.007614059644306748,0.009737208857230346,moon,3.213232937184392
-9.290947985634562,1.2192130539427424,0.059587298966868166,0.007614059644306748,0.009737208857230346,the moon,3.213232937184392
-9.30055117034366,1.2237186723594644,0.06019433007028065,0.007689526948760522,0.009800657782934229,moon with,3.202626573181388
-1.7854324489643272,-2.328563707676338,-0.102805758284473,-0.012396371609830573,-0.005314292471644267,with the,11.514673557828901
-9.31710704287682,1.2314854012577812,0.06124870463917677,0.007820622436809919,0.00991100155566891,Ar…,3.184341642487541
-9.31710704287682,1.2314854012577812,0.06124870463917677,0.007820622436809919,0.00991100155566891,the ar…,3.184341642487541
-9.32592473656362,1.2356214800715533,0.06181436982453327,0.007890961428928167,0.009970272069175074,+4309,3.1746032695731063
-9.32592473656362,1.2356214800715533,0.06181436982453327,0.007890961428928167,0.009970272069175074,ar… +4309,3.1746032695731063
-9.336170793795175,1.240427113792432,0.06247528928324052,0.007973151335976257,0.010039586954263512,+4309 char+s,3.1632875897323203
-8.925111787389003,1.0473144778168448,0.038676973124290054,0.005017878776252607,0.007586234509913746,Saw,3.6173992132153345
-7.997020083714463,0.6098288710674526,-0.0005942232923967505,0.00015933558549563985,0.003721663936226749,Record,4.643354235795352
-8.90316123868857,1.0369869569751067,0.03754433499932469,0.004877440448698651,0.007471616900796568,saw record,3.6416555868890996
-5.729315190060154,-0.4621467652678932,-0.05612060804600284,-0.0066753336539472664,-0.0013715192126842937,101,7.15154982824466
-8.855613913083436,1.0146120518045825,0.035132620448687035,0.004578469730392101,0.007228200630758264,record 101,3.6941995263241787
-8.829780634835116,1.0024529780194922,0.0338456024122412,0.0044189582402232655,0.007098654996985103,Billion,3.722748624046855
-5.586933377349435,-0.5295067299665743,-0.05856701903871304,-0.006975620046536211,-0.0015860422980069882,101 billion,7.309056445684694
-8.750189276352113,0.9649812954825567,0.029979345853600403,0.0039399248861049126,0.006710969696639188,billion weather,3.810711804171223
-8.682635079537773,0.9331655838726289,0.026809835596675297,0.0035473814762933785,0.006394792940347737,Losses,3.885376673775027
-8.682635079537773,0.9331655838726289,0.026809835596675297,0.0035473814762933785,0.006394792940347737,weather los+ses,3.885376673775027
-8.61496398609183,0.9012853561910388,0.023732349381636833,0.0031663741463134713,0.0060892041602225305,Through,3.960174981039146
-8.61496398609183,0.9012853561910388,0.023732349381636833,0.0031663741463134713,0.0060892041602225305,los+ses through,3.960174981039146
-7.028587558988807,0.15231495111798088,-0.029028720580475433,-0.0033453885937521233,0.001060016821592345,June,5.714361314824469
-8.525110726681396,0.8589415044672255,0.019788518594401464,0.002678307844301186,0.005699605412606045,through june,4.059497754754785
-8.46038609530353,0.8284308589064298,0.017042894792876018,0.0023386556387175756,0.005429704198076386,june the,4.1310475776448605
-4.083214976562186,-1.2410504623042438,-0.08009905928685522,-0.009615997209309104,-0.003437244212134604,saw,8.972580404192176
-6.694694316732938,-0.00554406078754921,-0.03695106044671334,-0.0043200405227323945,0.0003384272665181449,the saw,6.083674367767382
-6.567205893314068,-0.06582908436854229,-0.03977842907396306,-0.004667696304989687,8.300778963545637e-05,saw more,6.2246918757854175
-6.857633467119978,0.07149622367330632,-0.03318292154051212,-0.0038565576823714936,0.0006805563460751968,than 101,5.9034479101966655
-6.732191512966262,0.012186074543326875,-0.036099661150444495,-0.004215332990287223,0.00041555825900449397,billion,6.042198448045048
-4.149136491589749,-1.2098532607327068,-0.07929249118073231,-0.009517168542435448,-0.0033691167244411587,losses,8.899651263129952
-5.087739006032692,-0.7656953182590582,-0.06652116914728874,-0.007951525396174119,-0.0022776717292515365,billion losses,7.861289747110516
-4.185821585348812,-1.1924922340155728,-0.0788389811189619,-0.009461597618930855,-0.003330768221219657,losses from,8.85906650496498
32.02158331329738,-18.327278803191813,-0.1629209365443554,-0.02373047995531897,-0.018940856770099795,severe,48.91599740131924
-3.0926548681029864,-1.709854120802575,-0.09105392012309854,-0.010957793112010939,-0.004352859837373501,from severe,10.068451901022943
10.36733308885112,-8.080162162891064,-0.1489033351213805,-0.018050947553228593,-0.008818928825795451,severe storms,24.959653001851475
2.70392974660159,-4.453406744332892,-0.12890459287744582,-0.01559104805520508,-0.007362879385084191,storms and,16.481435733036918
-4.010000487924245,-1.2756993255892186,-0.08098247779721872,-0.009724236137302167,-0.0035117519665712788,fires,9.05357792439524
-4.010000487924245,-1.2756993255892186,-0.08098247779721872,-0.009724236137302167,-0.0035117519665712788,and fires,9.05357792439524
-7.391609616814121,0.32388834038673986,-0.019440860356959445,-0.0021647940791001364,0.0019449328065210434,fires the,5.312855808400189
-4.2272385801679055,-1.1728919555527781,-0.0783229118220792,-0.009398358863851075,-0.0032870927190365973,the first,8.813246888433898
-4.173885025965616,-1.1981411390438486,-0.07898691272356612,-0.009479724631717272,-0.0033432805653606495,half,8.87227192887373
-5.912709319232771,-0.3753892532248919,-0.05284053399010983,-0.006272617191159477,-0.0010825715849903331,first helf,6.948676722188281
8.990756389060083,-7.428726940669949,-0.1466321130720118,-0.01776961789964252,-0.008662002977855679,2025,23.436725236332435
-6.303746273047001,-0.1904258953608644,-0.04531225784029513,-0.005347868314679715,-0.00041369728336862824,helf 2025,6.516117111265579
-6.5329792021896695,-0.08201462831280049,-0.04052030629251879,-0.004758902478622165,1.617154585360943e-05,setting,6.2625511182941676
-6.5329792021896695,-0.08201462831280049,-0.04052030629251879,-0.004758902478622165,1.617154585360943e-05,2025 setting,6.2625511182941676
-6.8358874808179815,0.0612149370967936,-0.033696280984146176,-0.003919711244544378,0.0006338300349728902,setting record,5.927500809762407
-6.413737813471071,-0.1384057024900942,-0.04305047639637112,-0.005069912200840475,-0.00021119860816254474,That,6.394449119261009
-7.181426303415375,0.22455864058931008,-0.025126183288374696,-0.002864991921732808,0.0014186661522844549,that according,5.545316567192225
-7.42854111017736,0.34133903739629634,-0.018401009023449447,-0.002036682658056426,0.0020416725331665973,database,5.27201112241171
-7.42854111017736,0.34133903739629634,-0.018401009023449447,-0.002036682658056426,0.0020416725331665973,according database,5.27201112241171
-7.586529639825642,0.4159811696654665,-0.013804160990669015,-0.0014701762805070023,0.0024711279153519887,billion-dollar,5.09728693286788
-7.586529639825642,0.4159811696654665,-0.013804160990669015,-0.0014701762805070023,0.0024711279153519887,database billion-dollar,5.09728693286788
-7.749591638336028,0.4930016552598717,-0.008789529173457801,-0.0008518689339623046,0.0029429701023878235,disasters,4.916960336323722
-7.749591638336028,0.4930016552598717,-0.008789529173457801,-0.0008518689339623046,0.0029429701023878235,billion-dollar disasters,4.916960336323722
-7.842284927574834,0.5367747612332341,-0.005806415290281447,-0.00048389161076385894,0.0032253267166259918,disasters that,4.814457242277279
-7.84411397791443,0.5376384296968473,-0.005746534807228136,-0.0004765039360687699,0.0032310072566328254,nonprofit,4.812434656104454
-7.84411397791443,0.5376384296968473,-0.005746534807228136,-0.0004765039360687699,0.0032310072566328254,that nonprofit,4.812434656104454
-7.831519311051213,0.5316912304979087,-0.006158055426971308,-0.000527273778644843,0.00319197864111472,nonprofit has,4.826362019664354
-8.867991664202805,1.020437356147013,0.03575504139752403,0.004655620584160691,0.007290939126539844,re-launched,3.680520782276677
-8.867991664202805,1.020437356147013,0.03575504139752403,0.004655620584160691,0.007290939126539844,has re-launched,3.680520782276677
0.37534072533007823,-3.351282460716071,-0.1175045043935406,-0.014195201243233521,-0.0064840629699452895,since,13.905224578024047
-8.78805706046357,0.9828113229549289,0.03180051880557995,0.0041655429684341,0.0068933109125155715,re-launched since,3.7688600720033465
-8.742240169530103,0.9612380519674757,0.02960117240087605,0.003893080495525362,0.0066731671577248425,since the,3.819497394604099
-1.2515234822322086,-2.5812686012357604,-0.10691095559517391,-0.012898773324031346,-0.0056448116703844125,Trump,12.105357623704908
-6.9725434788850515,0.12582140455597512,-0.030414281048799466,-0.003515903596359827,0.0009331889082126255,the trump,5.7763491703990555
-6.952783680569111,0.11648009332566378,-0.030897201300242365,-0.0035753289667671048,0.0008890470457636572,administration,5.798204750133048
-6.952783680569111,0.11648009332566378,-0.030897201300242365,-0.0035753289667671048,0.0008890470457636572,trump administration,5.798204750133048
-8.46038609530353,0.8284308589064298,0.017042894792876018,0.0023386556387175756,0.005429704198076386,administration the,4.1310475776448605
-9.079111962509177,1.119731072480329,0.04698756082291525,0.00604891164570279,0.008433127048466677,+2565,3.44723926991436
-9.079111962509177,1.119731072480329,0.04698756082291525,0.00604891164570279,0.008433127048466677,has +2565,3.44723926991436
-9.100313918441756,1.129695229474348,0.04818455056118105,0.006197498659434588,0.008555968223441485,+2565 char+s,3.423815098512746
-2.1950868203793306,-2.143153659703626,-0.2035351552068123,-0.030861005789210146,-0.0840214455329025,Google,11.064880060819762
-4.784039588455479,-0.9189698316687016,-0.1993308690163747,-0.03183118907890688,-0.10070719723455959,googel+e earth,8.201102118497923
-9.22737931663048,1.191500080409206,-0.009748510529376517,-0.00497099891475806,-0.0429990738480449,expanded,3.282410473521055
-9.22737931663048,1.191500080409206,-0.009748510529376517,-0.00497099891475806,-0.0429990738480449,earth expanded,3.282410473521055
-8.261924772599247,0.7339372689884891,-0.08462184244884463,-0.01585739221380222,-0.06895584058567833,features,4.350655150124558
-9.20331469048861,1.1801426705391191,-0.011901063382435954,-0.00527819955850682,-0.04367841780447607,expanded feature+s,3.309016275967328
4.634809950211006,-5.368191938629016,-0.1473956178172836,-0.00474766369125372,-0.02868305457422502,make,18.618010809123216
-9.184054103699605,1.1710503516761557,-0.013589156055325152,-0.005518459207952055,-0.04420368727478784,feature+s make,3.3303117498624735
-7.891541555266901,0.5581778891323519,-0.10110304800234621,-0.018055701744349645,-0.07240652164095637,easier,4.760591258489299
-9.165967045215423,1.1625103415767781,-0.01514679543966712,-0.005739622458687756,-0.04468231564636539,make easier,3.3503104831316053
-9.141944030059383,1.1511652351780304,-0.017175076484857547,-0.006026821723155051,-0.04529655229879152,ask,3.37687365362583
-9.141944030059383,1.1511652351780304,-0.017175076484857547,-0.006026821723155051,-0.04529655229879152,easier ask,3.37687365362583
-8.008459837099764,0.6155854021967366,-0.04679064075478155,-0.008352836853608436,-0.0328705208088935,questions,4.630460648197473
-9.124098350339851,1.1427357879960809,-0.01865239563625863,-0.006235425458294965,-0.04573730225918419,ask questions,3.3966070697038213
-9.25515990646375,1.2046072000259544,-0.0072022775448171775,-0.004606452309166117,-0.04218221042098595,questions googel+e,3.251698163799952
-9.067668110958234,1.11607244616704,-0.023163861000675065,-0.006869263081998835,-0.047046704075945515,expanding,3.459010466104015
-9.067668110958234,1.11607244616704,-0.023163861000675065,-0.006869263081998835,-0.047046704075945515,googel+e expanding,3.459010466104015
-9.035900559283506,1.1010572112889967,-0.025600131153252464,-0.007209420180270666,-0.04772950673331024,expanding its,3.494142978965286
-9.20331469048861,1.1801426705391191,-0.011901063382435954,-0.00527819955850682,-0.04367841780447607,its feature+s,3.309016275967328
-8.978968909692108,1.0741401302971634,-0.02978809543289959,-0.00779037871543564,-0.04886012267133969,within,3.5571087670735673
-8.978968909692108,1.0741401302971634,-0.02978809543289959,-0.00779037871543564,-0.04886012267133969,feature+s within,3.5571087670735673
-9.25515990646375,1.2046072000259544,-0.0072022775448171775,-0.004606452309166117,-0.04218221042098595,within googel+e,3.251698163799952
8.058928647867356,-6.990754609152137,-0.18014659783643905,-0.023925591998428947,-0.035036567824211585,now,22.407041605699447
-8.844786744366855,1.0106681241162552,-0.03881570023620101,-0.009024425282349256,-0.051088453460887806,now easier,3.7055277672563274
-8.789009396558017,0.984274209155972,-0.042246824169937885,-0.009485996373048033,-0.051850180716049604,easier chat,3.767227886409635
-8.758360040178196,0.9697690876279377,-0.04405750895877371,-0.00972772327769257,-0.05223095665156682,chat with,3.80113269290898
-8.725581880944532,0.9542552858817304,-0.0459376212742236,-0.009977279239408414,-0.05260987624251266,with googel+e,3.8373930398905616
-6.232945582760575,-0.22996461858462602,-0.16088365684934103,-0.026338098529532464,-0.08847218675695734,earth model+s,6.596797572539383
-8.528614655186088,0.8610133309408456,-0.05611152444128618,-0.011298936124715117,-0.05433139588193093,introduced,4.055294972264667
-8.528614655186088,0.8610133309408456,-0.05611152444128618,-0.011298936124715117,-0.05433139588193093,model+s introduced,4.055294972264667
-8.367829641690435,0.7848882867778872,-0.06316675946993665,-0.012181466949354017,-0.055136582186349634,July,4.233176353534661
-8.367829641690435,0.7848882867778872,-0.06316675946993665,-0.012181466949354017,-0.055136582186349634,introduced july,4.233176353534661
-8.234842122409304,0.7219229986411055,-0.06828951046295441,-0.01280076886946334,-0.05547542689549235,identify,4.380306432262019
-8.234842122409304,0.7219229986411055,-0.06828951046295441,-0.01280076886946334,-0.05547542689549235,july identify,4.380306432262019
-2.949192271668249,-1.778690893772584,-0.091574587875871,0.03906518160026466,-0.048277948667412994,infrastructure,10.227568313470837
-8.066120701698472,0.6420415914924738,-0.07400319141076038,-0.0134661225782572,-0.05556307118344297,identify infrastructure,4.566970911911813
-4.351484321889278,-1.11546370128994,-0.11495444261736976,-0.016165416529828742,-0.032501874267385794,vulnerable,8.676304490596713
-7.641629376188022,0.44109120238981747,-0.08538308376835664,-0.014692204196450433,-0.05460445629158546,infrastructure vulnerable,5.0366006355981305
-6.501478942387696,-0.0985012363048785,-0.10406816590376083,-0.016332529328020574,-0.048766287518782765,oncoming,6.297950797939283
-6.501478942387696,-0.0985012363048785,-0.10406816590376083,-0.016332529328020574,-0.048766287518782765,vulnerable oncoming,6.297950797939283
-4.0208305242016795,-1.2723956106397023,-0.1249732986897299,-0.017740567632828858,-0.0373328297943561,oncoming storm,9.042288615395847
-6.199211321502574,-0.24202425603096556,-0.11555619166234228,-0.018049753463276866,-0.053291915862048136,storm for,6.632538253985443
-6.690453802749465,-0.009941956049234868,-0.11586221379654602,-0.01873591728437142,-0.06074521440459644,example,6.089232758906327
-6.690453802749465,-0.009941956049234868,-0.11586221379654602,-0.01873591728437142,-0.06074521440459644,for example,6.089232758906327
-6.742613378005746,0.013809366937816758,-0.1264458752158222,-0.02025574672993903,-0.06847351605542837,spot,6.031911127005641
-7.435128947511838,0.3407458902163638,-0.12802730014858932,-0.022107824988381833,-0.08332686234427919,example spot,5.26609362186946
-5.507917735297898,-0.5710032912233114,-0.14590492305473157,-0.022813393937287367,-0.06784742409835605,communities,7.39805576142595
-7.583806087021551,0.408979342030122,-0.147844021313423,-0.025987156540873635,-0.10163821791844876,spot communities,5.102478833538177
-3.8596567222396008,-1.3544686345343941,-0.189056216072519,-0.029251173410002676,-0.08469320867032151,risk,9.222952340126177
-6.639225493292026,-0.04454450859525494,-0.20934452785951985,-0.03565874914845337,-0.1313504713277811,communities risk,6.1501530989312885
-5.200149929888561,-0.7457945872894474,-0.3216376769637353,-0.05427514652956493,-0.1965735979025306,dust,7.750661292407386
-5.200149929888561,-0.7457945872894474,-0.3216376769637353,-0.05427514652956493,-0.1965735979025306,risk dust,7.750661292407386
-3.7817022823131126,-1.391228241299368,-0.1883499088196456,-0.029068675462453848,-0.08353317787197825,dust storms,9.309140302701008
-6.065900136613426,-0.30921895406840605,-0.16428295342404847,-0.026756779426182535,-0.08878711631226616,storms during,6.781683427359449
-7.03293874109897,0.14970456741198923,-0.1414455502993864,-0.02389476498699135,-0.08610730183269988,drou…,5.711322727030545
-7.03293874109897,0.14970456741198923,-0.1414455502993864,-0.02389476498699135,-0.08610730183269988,during drou…,5.711322727030545
7.835055733177596,-6.887507146028997,-0.21841520998218777,-0.02592943758985463,-0.008176891563165724,/li,22.16044317090128
-7.744243524732935,0.48762955310818556,-0.1156225971355066,-0.02041418691308182,-0.0802800530451599,drou… /li,4.9238815320787985
-5.570824935421749,-0.5461372181645792,-0.1903203207344858,-0.030938962183275798,-0.10236742435139212,/li /li,7.330469471521376
-8.256085633144096,0.7308727033149003,-0.09000990387984746,-0.016830225472817054,-0.07299583222345996,/ul,4.357233324258312
-8.256085633144096,0.7308727033149003,-0.09000990387984746,-0.016830225472817054,-0.07299583222345996,/li /ul,4.357233324258312
-7.229968375762077,0.24261560509672986,-0.1422993380637279,-0.024362264117221817,-0.09033593568429701,Gemini,5.4934841848929015
-8.343499691667684,0.7724059906302914,-0.0848731538549166,-0.016100609107746397,-0.0714113988214293,/ul gemini,4.260464463950105
-7.760573562270683,0.49559919818584186,-0.11215894184734013,-0.01981350469247859,-0.07796577339548116,gemini now,4.905718739406487
-7.457879921193524,0.3510255233322712,-0.1331717681240462,-0.02308580455613425,-0.08774703842405743,connect,5.241121800044004
-7.457879921193524,0.3510255233322712,-0.1331717681240462,-0.02308580455613425,-0.08774703842405743,now connect,5.241121800044004
-7.551408160761334,0.39551747149246896,-0.12915398788504873,-0.022520673032738275,-0.08657025369545016,different,5.137558609611368
-7.551408160761334,0.39551747149246896,-0.12915398788504873,-0.022520673032738275,-0.08657025369545016,connect different,5.137558609611368
-7.695906602171889,0.4650143933507205,-0.11308336974749231,-0.01985724751001512,-0.07724814339196004,different googel+e,4.9772517182204545
-5.328505910296438,-0.6559857446931958,-0.14816992084332858,-0.02304804516487937,-0.0675491911624606,model+s for,7.596571980399959
-7.877236500787452,0.5505193880157857,-0.1137744817882558,-0.020342061845794263,-0.08189047957926296,trusted,4.776772341033023
-7.877236500787452,0.5505193880157857,-0.1137744817882558,-0.020342061845794263,-0.08189047957926296,for trusted,4.776772341033023
-7.9318779090028,0.5765118709965091,-0.11096567389266174,-0.019941838084296747,-0.08100917590852078,tester,4.716269511399729
-7.9318779090028,0.5765118709965091,-0.11096567389266174,-0.019941838084296747,-0.08100917590852078,trusted tester,4.716269511399729
-8.919218782951932,1.045667867697468,-0.043728428168792695,-0.010162181565088933,-0.057647072612603115,users,3.6232681472372787
-8.919218782951932,1.045667867697468,-0.043728428168792695,-0.010162181565088933,-0.057647072612603115,tester user+s,3.6232681472372787
-9.188713613395064,1.1732201909849862,-0.018877361218277725,-0.006511198206029701,-0.04860360493052321,+2336,3.325161471749407
-9.188713613395064,1.1732201909849862,-0.018877361218277725,-0.006511198206029701,-0.04860360493052321,tester +2336,3.325161471749407
-9.201469652304864,1.1792476239038747,-0.017589138794479535,-0.006320840102068478,-0.048122330389490355,+2336 char+s,3.3110556482834794
-8.970680012606138,1.0687496509019228,0.041068363385155876,0.005314455104787452,0.007828863050288836,Motorists,3.5670461021166773
-8.919729090693295,1.0447820914103594,0.038398082890379645,0.004983296791050366,0.0075579943375457,urged,3.6233472888498337
-8.919729090693295,1.0447820914103594,0.038398082890379645,0.004983296791050366,0.0075579943375457,motorists urged,3.6233472888498337
-8.054531218633493,0.6369751388526113,0.0014219297548768578,0.00040824368692223174,0.003914679709840399,include,4.579762345786391
-8.867991664202805,1.020437356147013,0.03575504139752403,0.004655620584160691,0.007290939126539844,urged include,3.680520782276677
-8.809391287819267,0.9928550732078512,0.03284109765842695,0.004294478002285922,0.006997716657085328,acts,3.74528199188313
-8.809391287819267,0.9928550732078512,0.03284109765842695,0.004294478002285922,0.006997716657085328,include acts,3.74528199188313
-8.750189276352113,0.9649812954825567,0.029979345853600403,0.0039399248861049126,0.006710969696639188,god,3.810711804171223
-8.750189276352113,0.9649812954825567,0.029979345853600403,0.0039399248861049126,0.006710969696639188,acts god,3.810711804171223
-8.70907044978232,0.945616900603258,0.028038265839295362,0.003699505108891221,0.006517160800825667,clause,3.8561582278982494
-8.70907044978232,0.945616900603258,0.028038265839295362,0.003699505108891221,0.006517160800825667,god claus+e,3.8561582278982494
-8.645069051628365,0.9154691442386595,0.025089713118608206,0.003334405378413065,0.006223817382753032,claus+e for,3.926898704242373
-8.604528282979166,0.8963682398365937,0.023266130058176918,0.0031086658706797124,0.006043029971904116,parked,3.971710144835312
-8.604528282979166,0.8963682398365937,0.023266130058176918,0.0031086658706797124,0.006043029971904116,for parked,3.971710144835312
-8.525110726681396,0.8589415044672255,0.019788518594401464,0.002678307844301186,0.005699605412606045,vehicles,4.059497754754785
-8.525110726681396,0.8589415044672255,0.019788518594401464,0.002678307844301186,0.005699605412606045,parked vehicle+s,4.059497754754785
-6.781585203013333,0.03554057516761322,-0.034963935480850465,-0.004075644605969792,0.0005186036344663669,GEORGE,5.987564083629794
-8.402718318658332,0.8012409950401549,0.01466043339885377,0.002044015440426837,0.00519638348426223,vehicle+s george,4.194798990688499
-6.567205893314068,-0.06582908436854229,-0.03977842907396306,-0.004667696304989687,8.300778963545637e-05,TOWN,6.2246918757854175
-6.567205893314068,-0.06582908436854229,-0.03977842907396306,-0.004667696304989687,8.300778963545637e-05,george town,6.2246918757854175
-6.345112040497417,-0.1708616933304481,-0.044469540113747964,-0.005244311496690461,-0.00033833141487319557,Should,6.470359871180962
-6.345112040497417,-0.1708616933304481,-0.044469540113747964,-0.005244311496690461,-0.00033833141487319557,town should,6.470359871180962
-5.912709319232771,-0.3753892532248919,-0.05284053399010983,-0.006272617191159477,-0.0010825715849903331,tree,6.948676722188281
-5.912709319232771,-0.3753892532248919,-0.05284053399010983,-0.006272617191159477,-0.0010825715849903331,should tree,6.948676722188281
-0.7937898027315704,-2.7979196300839924,-0.11016276055956278,-0.013296715751750485,-0.005904570956093756,fall,12.61176687087409
-5.59376809389186,-0.5262731936127936,-0.05845150287580131,-0.00696144237241359,-0.0015759318064957851,tree fall,7.301495661823807
5.811665555607982,-5.924227990795534,-0.1394713693603109,-0.016887340365166797,-0.008149886367668576,your,19.91962556775059
-4.8748154356673,-0.866446751500745,-0.06964812306421764,-0.00833500134868376,-0.002547091496363194,fall your,8.096840563738967
-4.185821585348812,-1.1924922340155728,-0.0788389811189619,-0.009461597618930855,-0.003330768221219657,car,8.85906650496498
-4.185821585348812,-1.1924922340155728,-0.0788389811189619,-0.009461597618930855,-0.003330768221219657,your car,8.85906650496498
-2.429582182875887,-2.0236837145947764,-0.09734602140649694,-0.011728112976854423,-0.004870381211691218,car this,10.802028185906115
10.36733308885112,-8.080162162891064,-0.1489033351213805,-0.018050947553228593,-0.008818928825795451,stormy,24.959653001851475
0.9302208159929481,-3.6139114918092954,-0.12056967274159064,-0.014570379396980939,-0.0067229898440958604,this stormy,14.519111439905497
-3.0926548681029864,-1.709854120802575,-0.09105392012309854,-0.010957793112010939,-0.004352859837373501,inter-monsoon,10.068451901022943
-3.0926548681029864,-1.709854120802575,-0.09105392012309854,-0.010957793112010939,-0.004352859837373501,stormy inter-monsoon,10.068451901022943
-5.275650565611914,-0.6767831901746524,-0.06363448576627109,-0.007597429230056978,-0.0020277096254403926,period,7.653410950516854
-5.275650565611914,-0.6767831901746524,-0.06363448576627109,-0.007597429230056978,-0.0020277096254403926,inter-monsoon period,7.653410950516854
-5.854516868964571,-0.4029174527213546,-0.053897618165821476,-0.006402415267517296,-0.0011758570257110277,claiming,7.013049693860621
-5.854516868964571,-0.4029174527213546,-0.053897618165821476,-0.006402415267517296,-0.0011758570257110277,period claiming,7.013049693860621
-6.303746273047001,-0.1904258953608644,-0.04531225784029513,-0.005347868314679715,-0.00041369728336862824,compensation,6.516117111265579
-6.303746273047001,-0.1904258953608644,-0.04531225784029513,-0.005347868314679715,-0.00041369728336862824,claiming compensation,6.516117111265579
-6.753378586856441,0.022203929846339676,-0.035614496472722766,-0.004155662146283461,0.00045955580801195287,compensation from,6.018763374078112
-4.8748154356673,-0.866446751500745,-0.06964812306421764,-0.00833500134868376,-0.002547091496363194,from your,8.096840563738967
-7.00660034213416,0.1419211647328611,-0.029575125994382043,-0.0034126352019587984,0.0010099696096651165,insurance,5.7386803186242155
-7.00660034213416,0.1419211647328611,-0.029575125994382043,-0.0034126352019587984,0.0010099696096651165,your insurance,5.7386803186242155
-6.031780989326327,-0.3190639361202834,-0.050628411808470164,-0.006000953437905222,-0.00088684982284358,company,6.816959633898946
-7.209335149706671,0.23774934110038393,-0.02439317647233344,-0.002774738600447634,0.001486265947483468,insurance company,5.514449018357209
-7.391740785349638,0.3239503209945567,-0.019437189593750584,-0.0021643418593124053,0.0019452740419399553,company the,5.312710740819958
-6.306015793515087,-0.1893524997745537,-0.04526626532680382,-0.005342216765951728,-0.00040958663395174524,local,6.513606648573884
-7.44996044134224,0.3514596147437663,-0.017792047122159836,-0.0019616510899873787,0.0020983953486327523,the local,5.248322414794475
-7.53064715574482,0.3895812328700097,-0.015458353418504829,-0.0016740671633689403,0.0023162484052994085,authority,5.1590881566106
-7.53064715574482,0.3895812328700097,-0.015458353418504829,-0.0016740671633689403,0.0023162484052994085,local authority,5.1590881566106
-7.583832455736649,0.4147070191581639,-0.0138847317444677,-0.0014801080186999513,0.00246357537573862,authority could,5.1002697638085825
-5.1931067451653865,-0.7158390705989928,-0.06491774533871518,-0.007754851117401451,-0.002138975920950985,big,7.744725522676999
-7.561652262082402,0.40422889551734054,-0.014544475257835726,-0.0015614296319876987,0.0024017663471907168,could big,5.124799052305464
-7.547703734341773,0.39763930989948193,-0.014956807202045064,-0.0016122518106272176,0.0023631671907638416,hurdle,5.140224942623505
-7.547703734341773,0.39763930989948193,-0.014956807202045064,-0.0016122518106272176,0.0023631671907638416,big hurdle,5.140224942623505
-6.632551889594202,-0.03492847772971208,-0.0383420219098938,-0.004491086288262118,0.00021263175300009415,Read,6.152411046450538
-5.7882580494523035,-0.43429450950220483,-0.05286848264154522,-0.0057764497720254205,0.0013952883887510138,full,7.086368652517695
-6.4456568485321695,-0.12331030116186348,-0.04238133040674902,-0.004987667745287815,-0.00015115323105121398,read full,6.35914192123167
-4.167798594911492,-1.20102150919053,-0.07906220552788032,-0.009488950672963367,-0.003349647733373797,story,8.87900535340507
-6.219417539629375,-0.23031104857675633,-0.047001569813383104,-0.005555433725779315,-0.0005644779620582602,full story,6.609398982742194
-8.402718318658332,0.8012409950401549,0.01466043339885377,0.002044015440426837,0.00519638348426223,story george,4.194798990688499
-8.99847513053162,1.0818214851409966,0.042554324870978905,0.005498784519739595,0.007980060431824322,Interviews,3.536333661498305
-9.044886247427108,1.1036431155589272,0.04508321185690198,0.005812561874522702,0.008238142126516227,interview+s with,3.4850536250123993
-9.064279457372571,1.1127594475956388,0.04615807858794055,0.005945957451059686,0.008348129260713941,insur…,3.463626788899153
-9.064279457372571,1.1127594475956388,0.04615807858794055,0.005945957451059686,0.008348129260713941,with insur…,3.463626788899153
-9.093380242276927,1.1264368159677454,0.04779162225772543,0.0061487205484079335,0.008515619856897166,+3317,3.431475432417104
-9.093380242276927,1.1264368159677454,0.04779162225772543,0.0061487205484079335,0.008515619856897166,insur… +3317,3.431475432417104
-9.11380089998524,1.1360328389454142,0.048953005063016405,0.006292901331388521,0.008634946069397098,+3317 char+s,3.4089148721930567
-7.349776241908373,0.30412044205978184,-0.020603523573184568,-0.002308019742608587,0.001836945323213779,ESA,5.359122222136428
-6.608984855028112,-0.04607262438281934,-0.03886312497665445,-0.004555160104718183,0.00016557340055318136,Simulating,6.1784790552568305
-9.318891571319636,1.2323224907321253,0.06136295267396079,0.007834828482155684,0.009922968444569719,esa simulating,3.1823707741147427
1.064974975665848,-3.677691388522419,-0.12127791988606845,-0.01465707847617471,-0.006777932488488151,Solar,14.668195505034465
-5.476758684219884,-0.5816318604054911,-0.060403279129218015,-0.007200971297325171,-0.0017465066340128718,simulating solar,7.430935709113191
-9.283043418696007,1.2155040936893746,0.059090122651745805,0.007552253947994624,0.00968528519394332,Storms,3.221963372942582
19.906060088895806,-12.59379314801069,-0.15590383463769125,-0.01894189351395035,-0.009247289259959067,solar storms,35.51235282158022
-2.5811619954548917,-1.9527744240605927,-0.11670669081349744,-0.015331081579744072,-0.020615759400494274,For,10.63464624372803
-5.619543035941627,-0.5140790132324877,-0.05801415486028296,-0.0069077639450279265,-0.001537636078772213,storms for,7.272982620941027
-8.287503896598011,0.7469033986240157,0.010070724257614502,0.001476628292979086,0.004749197043525843,Satellite,4.322174645992593
-6.100767241354093,-0.2864322289694732,-0.04931553882156296,-0.005839697826476078,-0.0007703671760700762,for satellite,6.740647676269293
-9.237925902253732,1.1943291478923947,0.05629442978186966,0.007204782748792677,0.009394028003184408,Operator,3.271796995455808
-6.75147790171092,0.021305238019127426,-0.03565814232911875,-0.004161030305810565,0.00045559641351004907,satellite operator,6.020865723504016
-9.216469461643355,1.1842561212219826,0.05498943630937324,0.007042628804834673,0.00925848829341469,Training,3.2954975538403626
-7.067267724508577,0.17059929495599357,-0.028058492103040136,-0.0032259725882140136,0.0011489853617090533,operator training,5.671579284967144
-4.750053124259747,-0.9254839634395635,-0.07141350686284362,-0.00855145865201404,-0.002698575210396063,Threats,8.234862282648537
-7.272618185585962,0.2676576230274157,-0.022706759759965695,-0.0025670685644593174,0.0016420743725020746,training threats,5.4444578435811195
-4.980581698695705,-0.8163995678327298,-0.06811332301119849,-0.008146792103013941,-0.002415028123628581,threats from,7.979834308034945
6.682949341403779,-6.33587234475896,-0.12507685932886517,0.013468841305070948,-0.0200917306019326,space,20.88328261840033
-3.776945635208465,-1.3859946689889768,-0.08371098039452975,-0.010058500071957636,-0.0037411383449606765,from space,9.31140849514378
-9.139357788170653,1.1480404451877861,0.05042442763015964,0.006475601575035508,0.008786423228374567,aren,3.3806807496181825
-9.139357788170653,1.1480404451877861,0.05042442763015964,0.006475601575035508,0.008786423228374567,space arena,3.3806807496181825
-5.353209356406399,-0.6400867624560025,-0.06240628016365615,-0.0074467453089261965,-0.0019209970742174115,always,7.567611469032149
-9.117096222282164,1.1375812351662313,0.04914160416476865,0.00631631704139142,0.008654343105812931,arena always,3.405274288810724
-5.464070554075002,-0.5876348991755647,-0.06061167525936874,-0.007226544047853351,-0.0017646874846567843,obvious,7.444971836014235
-5.464070554075002,-0.5876348991755647,-0.06061167525936874,-0.007226544047853351,-0.0017646874846567843,always obvious,7.444971836014235
3.4843736013839735,-4.8255866692098675,-0.17643657959418396,-0.021790357007677338,-0.015958167665950724,but,17.345980505349267
-5.584575539083701,-0.5306222359430821,-0.05860682571697155,-0.006980505616753144,-0.001589525919938238,obvious but,7.31166476321521
-5.6312589433209235,-0.5085362267524638,-0.05781445811083177,-0.006883253250846927,-0.0015201409513784722,statistically,7.2600221370645714
-5.6312589433209235,-0.5085362267524638,-0.05781445811083177,-0.006883253250846927,-0.0015201409513784722,but statistically,7.2600221370645714
-7.855286651241449,0.5429140454343493,-0.005379884769633789,-0.00043126793351876917,0.003265800335220413,statistically its,4.800079807172013
-3.4954610179412153,-1.519213019137644,-0.08684638045117841,-0.010442541105024402,-0.004003347780575313,only,9.622819001202435
-7.820146074141989,0.5263206700360961,-0.006528044250398053,-0.0005729178621539533,0.00315690915168052,its only,4.838938763030467
-5.593768093891861,-0.5262731936127931,-0.05845150287580138,-0.006961442372413532,-0.0015759318064959274,matter,7.3014956618238065
-5.593768093891861,-0.5262731936127931,-0.05845150287580138,-0.006961442372413532,-0.0015759318064959274,only matt+er,7.3014956618238065
-2.764037378343497,-1.865386310846529,-0.09426462248071632,-0.01135089620971639,-0.0046177190792989825,time,10.432010169683934
-5.402989710365105,-0.6165339301058457,-0.06160621372165701,-0.007348579833938467,-0.001851367982793231,matt+er time,7.512542107413697
11.164622362096727,-8.45769596959568,-0.15567028811980352,-0.01735199395375759,0.0068976344969948755,before,25.841796606555842
-5.29762428981,-0.6663863907286984,-0.06328875007800182,-0.007555013779915224,-0.0019976921212781894,time before,7.62910246098633
17.04529051533592,-11.240180074858305,-0.15542853043942145,-0.018791162903551553,-0.008332638199993945,one,32.34751031722078
-2.56609189364692,-1.9590735295112998,-0.09611002393110978,-0.011576811409861092,-0.004769216165177238,before one,10.65100317191899
-4.957945645976023,-0.8271105531082563,-0.06844481975155481,-0.008187444771798485,-0.0024435808061695173,one them,8.004875893859442
-4.816991407254526,-0.8938087610691561,-0.07047228530609534,-0.008436057246965282,-0.002617867139323012,happens,8.160809889859642
-4.816991407254526,-0.8938087610691561,-0.07047228530609534,-0.008436057246965282,-0.002617867139323012,them happen+s,8.160809889859642
6.035224614117277,-6.034702100955477,-0.19291666250519068,-0.026507765297918713,-0.04787443568624416,One,20.16884873183421
15.197616235369113,-10.370579191516693,-0.20033561060106125,-0.026930630686391274,-0.04247141970953837,one the,30.305345683134426
-1.7767657468513036,-2.3325614904649923,-0.09931831304849156,-0.005890729792878519,-0.007822694647995239,the most,11.52422399568218
-3.866702357442202,-1.3435161708058212,-0.08267488599550822,-0.009931576999723652,-0.003654164847649848,concerning,9.212109707550974
-3.866702357442202,-1.3435161708058212,-0.08267488599550822,-0.009931576999723652,-0.003654164847649848,most concerning,9.212109707550974
-3.231853118186276,-1.643973462132756,-0.08963523114269889,-0.010784074998063001,-0.0042353168062876055,concerning for,9.914453644465258
2.5737483406544612,-4.392794214496207,-0.14464183962294674,-0.018474391128151062,-0.019645969694455978,many,16.3378072427111
-2.944064132621108,-1.7801806854597002,-0.09252919240518885,-0.011138426177358872,-0.004474759316006274,for many,10.232841602735265
-2.52357322546003,-1.979197625862005,-0.09649814334378054,-0.011624322919110051,-0.0048010096414744,many space,10.698042900253025
3.852598749644015,-4.9970564800871635,-0.13332242433641295,-0.016132546392723747,-0.007695602527382148,experts,17.752249369921785
-1.8963246197175785,-2.276077464764433,-0.10190734494088408,-0.012286415908084772,-0.0052415819440443595,space experte+s,11.3919894608662
7.04836631651362,-6.510103284370257,-0.13820093785662205,0.03509319415431392,0.026147484688808162,massive,21.28808040841365
0.36494117043154084,-3.34636025466306,-0.1174446703081307,-0.014187878058362472,-0.006479380783143149,experte+s massiv+e,13.893719116731711
3.5029382218436957,-4.831568106087417,-0.13204851261893508,-0.015976349927435848,-0.007600160244788962,massiv+e solar,17.365407825108417
66.38237255148917,-34.5818802924931,-0.11772081400972377,-0.014740335676396755,-0.008285723561543352,solar storm,86.92754162246649
4.806741951388519,-5.448630322758283,-0.13651408825434264,-0.016524121209198217,-0.007932799479639346,like,18.807849064439736
2.937080053305559,-4.5637546590103675,-0.1298570549484913,-0.01570775278082589,-0.007435017371432866,storm like,16.739378572632443
-5.617424980061525,-0.5150810660976624,-0.05805019662250158,-0.006912187650363256,-0.0015407930429859494,like the,7.275325678218298
-4.757108710514568,-0.9221452406791224,-0.07131493931848647,-0.008539373863069695,-0.002690129232740177,the one,8.227056829045521
-5.184502096701736,-0.7199104351096679,-0.06505012764660442,-0.007771089966591029,-0.0021504408860048415,one that,7.754244486843062
-5.59376809389186,-0.5262731936127936,-0.05845150287580131,-0.00696144237241359,-0.0015759318064957851,literally,7.301495661823807
-5.59376809389186,-0.5262731936127936,-0.05845150287580131,-0.00696144237241359,-0.0015759318064957851,that literally,7.301495661823807
-4.678439203850107,-0.9593721075575639,-0.07240554360784082,-0.008673081391415469,-0.0027835016091620835,lit,8.314087446339665
-5.59376809389186,-0.5262731936127936,-0.05845150287580131,-0.00696144237241359,-0.0015759318064957851,literally leid,7.301495661823807
-6.345112040497417,-0.1708616933304481,-0.044469540113747964,-0.005244311496690461,-0.00033833141487319557,telegraph,6.470359871180962
-6.345112040497417,-0.1708616933304481,-0.044469540113747964,-0.005244311496690461,-0.00033833141487319557,leid telegraph,6.470359871180962
-6.694694316732938,-0.00554406078754921,-0.03695106044671334,-0.0043200405227323945,0.0003384272665181449,paper,6.083674367767382
-6.694694316732938,-0.00554406078754921,-0.03695106044671334,-0.0043200405227323945,0.0003384272665181449,telegraph paper,6.083674367767382
-6.936831633358537,0.10893875111450857,-0.03128496611084543,-0.0036230429851473317,0.0008536263443538212,fire,5.815848772912048
-6.936831633358537,0.10893875111450857,-0.03128496611084543,-0.0036230429851473317,0.0008536263443538212,paper fire,5.815848772912048
5.032608553003753,-5.555526477216017,-0.13721295277727985,-0.016609917390301664,-0.0079843474298801,when,19.057732210498294
-7.050596237910823,0.16271866734759,-0.02847808441646235,-0.0032776175655387235,0.001110493361679843,fire when,5.690018672350789
27.060159046833945,-15.981597825903673,-0.18186028023455728,-0.02369863719266316,-0.02906357503713838,hit,43.42798927437684
-8.63522783684793,0.910832720596862,0.02464395370342605,0.003279220856767618,0.00617958064277333,when hit,3.937776486839166
-8.70041439359228,0.9415399755383347,0.02763436765522463,0.0036494856473441688,0.006476902794247846,hit threats,3.86572550816521
-8.842882685087389,1.0086199898658852,0.03449633124979981,0.004499605759298218,0.0071641237864190545,arent,3.708269079733725
-8.842882685087389,1.0086199898658852,0.03449633124979981,0.004499605759298218,0.0071641237864190545,space arent,3.708269079733725
-8.880032162977376,1.0261035654942008,0.03636413296267227,0.004731124748207728,0.007352389878670231,arent always,3.667214905698004
-7.53064715574482,0.3895812328700097,-0.015458353418504829,-0.0016740671633689403,0.0023162484052994085,+4621,5.1590881566106
-7.53064715574482,0.3895812328700097,-0.015458353418504829,-0.0016740671633689403,0.0023162484052994085,the +4621,5.1590881566106
-7.792692876914949,0.513356522565116,-0.007414859754855452,-0.0006823134309226269,0.0030729301256002487,+4621 char+s,4.869297244975625
-8.285964424807414,0.7461772232968824,0.010010871849807298,0.0014692311844065713,0.004743385377482362,Will,4.323876671066961
-8.186701100407248,0.6993477003992188,0.006229766768711134,0.001002028218151237,0.004377274700060559,will tropical,4.433624212255541
-1.0250702856054552,-2.6884516733055177,-0.10854890294769354,-0.01309921957148694,-0.005775883793618244,become,12.355891863872248
-7.361150124567889,0.30949514626783303,-0.02028899180398043,-0.0022692750398402815,0.0018661403434058485,melissa become,5.346543014426315
31.16682999451725,-17.92170548224158,-0.1532140296554154,-0.018622458160505402,-0.008422540356018027,strongest,47.96992678254824
-6.781585203013333,0.03554057516761322,-0.034963935480850465,-0.004075644605969792,0.0005186036344663669,become strongest,5.987564083629794
29.35598390117427,-17.06494520392812,-0.15397140237331255,-0.01875289452634763,-0.00902958847499943,strongest storm,45.966631264943196
-3.191800435799946,-1.662929801439602,-0.09004715890811811,-0.010834516813878727,-0.004269478461773129,storm season,9.958764825702653
-0.0356480857334418,-3.1567572535200634,-0.11506883245938204,-0.013897107836545713,-0.00629291546627004,what,13.45053049372123
-7.580519615384795,0.4131420254224798,-0.013983591111915508,-0.0014922940291361344,0.002454309733223546,see what,5.1039334556582885
-7.792692876914949,0.513356522565116,-0.007414859754855452,-0.0006823134309226269,0.0030729301256002487,what florida,4.869297244975625
-8.043675002526344,0.6318510828620825,0.001037930987456026,0.00036083211800063547,0.003877873512603769,florida can,4.591766287283786
-2.6210617452016898,-1.9330563312217466,-0.09560396405725216,-0.011514861077185792,-0.00472772531168862,expect,10.5901883394334
-8.14231438319309,0.6784033435279828,0.004587179095811952,0.0007991273488210868,0.004218861946944848,can expect,4.482700873026836
-8.285964424807414,0.7461772232968824,0.010010871849807298,0.0014692311844065713,0.004743385377482362,expect melissa,4.323876671066961
-3.041499328564912,-1.7358723931214657,-0.033867297307551274,0.09595222446496092,-0.04568968884005181,melissa expected,10.125927995643895
5.148161373527254,-5.610214109886484,-0.13756259579139174,-0.01665284993030735,-0.008010081412133824,bring,19.185571773811596
-8.604528282979166,0.8963682398365937,0.023266130058176918,0.0031086658706797124,0.006043029971904116,expected bring,3.971710144835312
3.8017161952673586,-4.974064527867565,-0.13788267327217263,0.022804191416874738,-0.04635708266984759,life-threatening,17.696410964126994
-7.8900394975905375,0.5593232398723749,-0.0042297286923300426,-0.00028935403252882026,0.0033750661383529015,bring life-threatening,4.7616501063319765
-8.043257935622439,0.6316542277461306,0.0010232107940925939,0.00035901468470271244,0.0038764629994492966,life-threatening and,4.592227447886262
6.566203847708001,-6.281320174959663,-0.14145060855904593,-0.017130725597031906,-0.00829354656964194,catastrophic,20.75439124646975
-8.83637914332448,1.0055588866745822,0.03417280883863366,0.004459509510222628,0.007131566857874316,and catastrophic,3.7154563527576876
-1.8052162241999952,-2.3210153141752796,-0.040720427756033045,0.10259491153507568,-0.049697440152798075,flash,11.493679112002242
-5.807398960137802,-0.435950927565957,0.048323024194795186,0.18650031729283786,-0.07607839416805498,catastrophic flash,7.069960189113713
-5.526863992045944,-0.5579261422665236,-0.05957416670992572,-0.0070992245726707055,-0.0016741124712967128,flash flooding,7.375507283427346
0.8792359071089528,-3.5897800183648423,-0.120298134275972,-0.01453714044141791,-0.006701898414389484,flooding and,14.462704733479063
-2.4379510563688083,-2.0196479284934785,-0.06939808433896515,0.0395999565173059,-0.024622306513381216,landslides,10.792790070523797
-4.599307847060729,-0.9968180400941606,-0.07348419707221644,-0.008805312876210617,-0.0028756808249238842,and landslides,8.401629256414685
-7.940861514411721,0.583317754406961,-0.0025208425811065333,-7.846756440522615e-05,0.003537754624542167,Hispaniola,4.705452037621131
-9.068042528115193,1.114528246730456,0.046367911160234115,0.005972000602101629,0.008369621111284031,landslides hispaniola,3.4594691742583006
-8.809391287819267,0.9928550732078512,0.03284109765842695,0.004294478002285922,0.006997716657085328,hispaniola and,3.74528199188313
93.49236121465049,-47.40825613933336,-0.08955287006736327,-0.0057319612986878096,-0.025298425347254426,Jamaica,116.91866142326643
-2.6357871659333014,-1.9339430366942754,-0.1967697851905127,-0.029876155963056324,-0.08166717179053509,and jamaica,10.577056823025416
7.459341193519942,-6.703684450962974,-0.14158877852596624,-0.015042159031096979,0.007319829752909039,through,21.742370925315893
-9.145471763475108,1.1509126849036608,0.05077943651516892,0.006519686428063028,0.008823019626427387,jamaica through,3.373926450837537
0.3099229148636997,-3.320319593618203,-0.11712660270919684,-0.01414894956609795,-0.006454479584556304,through the,13.832850125239847
-5.065230196521622,-0.7763458423286367,-0.06685878021538037,-0.007992933154338496,-0.002306828098033295,rapidly,7.886190444167552
-7.108152084578422,0.18992482675562306,-0.027020303304926795,-0.0030981790564289123,0.0012443301247690598,expected rapidly,5.626359659921277
-7.127672554015788,0.19915163306268147,-0.026519943036335647,-0.003036583530479705,0.0012903353120693097,intensify,5.604769421853283
-7.127672554015788,0.19915163306268147,-0.026519943036335647,-0.003036583530479705,0.0012903353120693097,rapidly intensify,5.604769421853283
-9.322428935171589,1.233981760892557,0.06158976657984018,0.007863032006167071,0.009946732088499693,intensify and,3.1784640584890242
-9.329379789312938,1.237242031680653,0.062036800238955095,0.007918621432126965,0.009993592123659079,and become,3.1707875078314527
77.62652158975504,-39.90265144209541,-0.1146230292487303,-0.01520361540152482,-0.01686414912427239,Category,99.36703823719806
-6.171127176231959,-0.25315183017011966,-0.04795205488822183,-0.005672205295010122,-0.00064913933579631,become category,6.66281667508896
-3.8258334479827543,-1.3635521474775731,-0.10476275611324999,-0.013926315586735467,-0.020288143091002797,category hurricane,9.257577690593065
-7.550125678756244,0.3987834983378309,-0.014885353265294082,-0.0016034448783583278,0.002369854431490799,hurricane with,5.137546472839069
-9.383995902092654,1.2628517046626413,0.065612879203524,0.008363425142880307,0.010369584333411883,145-mph,3.110472717318055
-9.383995902092654,1.2628517046626413,0.065612879203524,0.008363425142880307,0.010369584333411883,with 145-mph,3.110472717318055
-9.39512377852966,1.2680678483309324,0.06635564689386515,0.008455837916871439,0.01044793285285862,145-mph wind+s,3.0981845291909966
-8.58434674131086,0.8868584747857742,0.02237069761921709,0.0029978386573026854,0.005954435415186211,wind+s according,3.9940181886092896
-6.225470839102942,-0.22744794738274354,-0.04688156664248894,-0.005540690039068324,-0.0005537801150582921,according the,6.602702980167295
0.31869328749049686,-3.3244706949858402,-0.11717747713381879,-0.014155176087019387,-0.006458463792626877,the national,13.84255315446551
-9.465411948089445,1.30100051953368,0.07116304444101822,0.009054168400828037,0.010957146476530791,quite,3.0205738316921567
-9.465411948089445,1.30100051953368,0.07116304444101822,0.009054168400828037,0.010957146476530791,that quite,3.0205738316921567
-9.473622396740645,1.3048457114494347,0.07173803794966717,0.00912575670025013,0.011018298517707789,difference,3.011508788757631
-9.473622396740645,1.3048457114494347,0.07173803794966717,0.00912575670025013,0.011018298517707789,quite difference,3.011508788757631
-9.48448662169455,1.3099331693576428,0.07250333194534735,0.009221046058351267,0.01109977175287842,difference from,2.9995140024743843
-9.493031568591707,1.3139340986344548,0.07310884835141947,0.009296447541145387,0.011164301710972564,weak,2.990080050997629
-9.493031568591707,1.3139340986344548,0.07310884835141947,0.009296447541145387,0.011164301710972564,the weak,2.990080050997629
-9.497652129484713,1.3160973725028762,0.07343760281301782,0.00933738788325379,0.01119936180912032,trop…,2.984978849782175
-9.497652129484713,1.3160973725028762,0.07343760281301782,0.00933738788325379,0.01119936180912032,weak trop…,2.984978849782175
-9.503975637925118,1.3190577411301632,0.07388904565251102,0.009393609609609619,0.011247534385753405,+9689,2.9779976447260847
-9.503975637925118,1.3190577411301632,0.07388904565251102,0.009393609609609619,0.011247534385753405,trop… +9689,2.9779976447260847
-9.509265893984054,1.321534212118318,0.07426808311577561,0.00944081662552154,0.011288006083435088,+9689 char+s,2.9721572373370804
-4.685459119240616,-0.9560502217049489,-0.07230897205127752,-0.008661242216371937,-0.0027752405764450787,satellite,8.306321433517233
-7.580519615384795,0.4131420254224798,-0.013983591111915508,-0.0014922940291361344,0.002454309733223546,operator,5.1039334556582885
-7.928828663498409,0.577636927704793,-0.0029283788904383157,-0.00012876347327563445,0.0034989193181899185,training,4.718757645723907
-7.25023220196996,0.2570779956361724,-0.023307225996343536,-0.002641015760807784,0.0015865519739665275,space are,5.469216678441142
-3.3746575623410795,-1.5763866389647045,-0.08814146253165743,-0.010601148823537092,-0.004111217517824242,n't,9.756466103142346
-7.303365325992131,0.28218829269078327,-0.021874931603915806,-0.0024646216887964124,0.0017190723431223156,are n't,5.410451796923519
-7.3695766722088205,0.3134770448007278,-0.020055207636044778,-0.002240476182995977,0.0018878492173268107,n't always,5.33722350214827
-7.751406602447993,0.4938588161045825,-0.008732071057276525,-0.0008447823932063577,0.0029483968510667542,statistically only,4.9149532615282485
-8.63522783684793,0.910832720596862,0.02464395370342605,0.003279220856767618,0.00617958064277333,hit…,3.937776486839166
-8.63522783684793,0.910832720596862,0.02464395370342605,0.003279220856767618,0.00617958064277333,when hit…,3.937776486839166
-8.682635079537773,0.9331655838726289,0.026809835596675297,0.0035473814762933785,0.006394792940347737,hit… threats,3.885376673775027
-5.332046653417031,-0.6501207322054405,-0.04943814721521718,0.016894731493899376,-0.011327226347471377,th…,7.5910568132334655
-6.983866526815129,0.1311742241937952,-0.030136246132165687,-0.0034816889272804566,0.000958617645081406,like th…,5.763825201775101
-7.361150124567889,0.30949514626783303,-0.02028899180398043,-0.0022692750398402815,0.0018661403434058485,+4933,5.346543014426315
-7.361150124567889,0.30949514626783303,-0.02028899180398043,-0.0022692750398402815,0.0018661403434058485,th… +4933,5.346543014426315
-7.6721533272054065,0.4564270764124094,-0.01120681862961298,-0.0011499635050530406,0.002715082014899218,+4933 char+s,5.002596471135705
-8.795277988706722,0.986210919076387,0.03215153183617929,0.0042090341803542285,0.006928511658626027,Mindful,3.7608796204660413
-8.734157631567447,0.957431832469307,0.029218097017950972,0.0038456310221995967,0.006634896078761119,Quotes,3.8284305211422858
-8.734157631567447,0.957431832469307,0.029218097017950972,0.0038456310221995967,0.006634896078761119,mindful quote+s,3.8284305211422858
-8.673502244627386,0.9288635918613777,0.026388916087338385,0.003495261594361806,0.006352914670363875,quote+s for,3.8954711509450943
-8.63522783684793,0.910832720596862,0.02464395370342605,0.003279220856767618,0.00617958064277333,Those,3.937776486839166
-8.63522783684793,0.910832720596862,0.02464395370342605,0.003279220856767618,0.00617958064277333,for those,3.937776486839166
-8.57192088154152,0.8810028954408258,0.021823389068044666,0.0029301042092751504,0.005900341828097674,Moments,4.007753513760533
-8.57192088154152,0.8810028954408258,0.021823389068044666,0.0029301042092751504,0.005900341828097674,those moments,4.007753513760533
-7.663866959423381,0.45251309808616114,-0.011461586375635227,-0.0011813763976147923,0.002691111486206984,When,5.011760181783003
-8.473941587459016,0.8348213838031071,0.017611541070879463,0.0024089922524462137,0.005485514071083058,moments when,4.116062402642489
-8.402718318658332,0.8012409950401549,0.01466043339885377,0.002044015440426837,0.00519638348426223,when you,4.194798990688499
-8.338775856716651,0.7710867210469128,0.012085984078287468,0.001725721665791529,0.004945177337728205,you are,4.2654897098658715
-8.267312251839886,0.7373786598647243,0.009288696523158654,0.0013799820678727318,0.004673302468379586,Taking,4.34449844737353
-8.267312251839886,0.7373786598647243,0.009288696523158654,0.0013799820678727318,0.004673302468379586,are taking,4.34449844737353
-8.118960986054253,0.667382847332751,0.003734471601218037,0.0006938111355531962,0.00413677679996567,Things,4.508522237633047
-8.118960986054253,0.667382847332751,0.003734471601218037,0.0006938111355531962,0.00413677679996567,taking things,4.508522237633047
-7.928828663498409,0.577636927704793,-0.0029283788904383157,-0.00012876347327563445,0.0034989193181899185,Personally,4.718757645723907
-7.928828663498409,0.577636927704793,-0.0029283788904383157,-0.00012876347327563445,0.0034989193181899185,things personally,4.718757645723907
-8.402718318658332,0.8012409950401549,0.01466043339885377,0.002044015440426837,0.00519638348426223,personally you,4.194798990688499
2.209824932480281,-4.2195498480233224,-0.12678387013746645,-0.015331259154362304,-0.0072015026641074845,you can,15.93478875543728
0.33310750157898283,-3.3312930797545635,-0.11726094805624078,-0.014165392119246552,-0.006464999709775208,calm,13.858500200947645
0.33310750157898283,-3.3312930797545635,-0.11726094805624078,-0.014165392119246552,-0.006464999709775208,can calm,13.858500200947645
-2.0124774776224807,-2.2211014064355465,-0.10094841839920421,-0.012169050971905702,-0.005163826674472868,calm the,11.263485355875627
153.59236304580241,-75.83489303091444,0.029333329273709435,0.0025940796051802228,0.002853605955330976,the storm,183.4024889491162
-2.8627175354780032,-1.8186814725147418,-0.09332026872228572,-0.011235280455259582,-0.004539984620437733,what you,10.32283753679813
-4.9847476910314175,-0.8144282985700073,-0.06805213212815607,-0.008139287922087804,-0.0024097558645435366,yourself,7.975225598501347
-4.9847476910314175,-0.8144282985700073,-0.06805213212815607,-0.008139287922087804,-0.0024097558645435366,calm yourself,7.975225598501347
-3.3626246521497194,-1.582081577972632,-0.08826886453316479,-0.010616751009796716,-0.004121815194231673,yourself and,9.769778349462115
-4.010000487924245,-1.2756993255892186,-0.08098247779721872,-0.009724236137302167,-0.0035117519665712788,gradually,9.05357792439524
-4.010000487924245,-1.2756993255892186,-0.08098247779721872,-0.009724236137302167,-0.0035117519665712788,storm gradually,9.05357792439524
-5.275650565611914,-0.6767831901746524,-0.06363448576627109,-0.007597429230056978,-0.0020277096254403926,pass,7.653410950516854
-5.275650565611914,-0.6767831901746524,-0.06363448576627109,-0.007597429230056978,-0.0020277096254403926,gradually pass,7.653410950516854
-5.663807352867054,-0.4931377148410525,-0.05725668831961206,-0.006814790569444101,-0.0014712457894686167,best,7.224016176998702
-6.303746273047001,-0.1904258953608644,-0.04531225784029513,-0.005347868314679715,-0.00041369728336862824,your best,6.516117111265579
-6.600444917438191,-0.05011095002250254,-0.039051098739622314,-0.004578272199668406,0.00014860762134273186,breathe,6.187925286319556
-6.600444917438191,-0.05011095002250254,-0.039051098739622314,-0.004578272199668406,0.00014860762134273186,best breathe,6.187925286319556
-6.8358874808179815,0.0612149370967936,-0.033696280984146176,-0.003919711244544378,0.0006338300349728902,breathe when,5.927500809762407
-6.96061700515975,0.12018326437075055,-0.030706103550550652,-0.0035518139268882138,0.0009065106875302004,negativity,5.789540591340167
-6.96061700515975,0.12018326437075055,-0.030706103550550652,-0.0035518139268882138,0.0009065106875302004,when negativity,5.789540591340167
-7.190851363218921,0.2290132990711924,-0.02487936456023586,-0.0028346024946222983,0.001441420104841937,surrounds,5.534892307457319
-7.190851363218921,0.2290132990711924,-0.02487936456023586,-0.0028346024946222983,0.001441420104841937,negativity surrounds,5.534892307457319
-6.073503588547889,-0.2993282920356459,-0.049837191983530635,-0.005903772981868748,-0.0008166788930726952,surrounds you,6.77080642025164
-7.421325985953185,0.33792984607962184,-0.018605162127230353,-0.0020618357555455703,0.0020226678636915824,you today,5.27999071784519
-7.517710110512437,0.3834692248676652,-0.015836827749018616,-0.0017207118005985456,0.00228086594577678,Let,5.173395555536633
-7.56832361047148,0.4073805368932315,-0.014346566184805051,-0.0015370354659866537,0.0024203013849388045,calmness,5.117421127743895
-7.56832361047148,0.4073805368932315,-0.014346566184805051,-0.0015370354659866537,0.0024203013849388045,let calmness,5.117421127743895
-7.682921452439336,0.46151320819663333,-0.010874637304520318,-0.0011090042289203222,0.002746349812452543,calmness your,4.99068827560694
-7.62760365472149,0.435383901133628,-0.012567862660660782,-0.0013177705208420763,0.002587129386574249,superpower,5.05186324438066
-7.62760365472149,0.435383901133628,-0.012567862660660782,-0.0013177705208420763,0.002587129386574249,your superpower,5.05186324438066
-8.750189276352113,0.9649812954825567,0.029979345853600403,0.0039399248861049126,0.006710969696639188,ability,3.810711804171223
-8.750189276352113,0.9649812954825567,0.029979345853600403,0.0039399248861049126,0.006710969696639188,the ability,3.810711804171223
-8.654724682624323,0.9200179484181765,0.025529014765699215,0.0033887932340644755,0.006267441650877658,ability not,3.9162261364571944
-8.61496398609183,0.9012853561910388,0.023732349381636833,0.0031663741463134713,0.0060892041602225305,overreact,3.960174981039146
-8.61496398609183,0.9012853561910388,0.023732349381636833,0.0031663741463134713,0.0060892041602225305,not overreact,3.960174981039146
-8.46038609530353,0.8284308589064298,0.017042894792876018,0.0023386556387175756,0.005429704198076386,take,4.1310475776448605
-8.46038609530353,0.8284308589064298,0.017042894792876018,0.0023386556387175756,0.005429704198076386,overreact take,4.1310475776448605
-7.591148638654054,0.4181631739995999,-0.013666007334733249,-0.0014531462573378028,0.002484080263435922,things,5.092178761745182
-8.387364309810454,0.7940008389883226,0.014035910757773606,0.0019667936269970147,0.005135357330599917,take things,4.211773155962554
-8.267312251839886,0.7373786598647243,0.009288696523158654,0.0013799820678727318,0.004673302468379586,too,4.34449844737353
-8.267312251839886,0.7373786598647243,0.009288696523158654,0.0013799820678727318,0.004673302468379586,things too,4.34449844737353
-8.186701100407248,0.6993477003992188,0.006229766768711134,0.001002028218151237,0.004377274700060559,personally,4.433624212255541
-8.186701100407248,0.6993477003992188,0.006229766768711134,0.001002028218151237,0.004377274700060559,too personally,4.433624212255541
-7.897035202069215,0.5626262554438695,-0.003996412510400185,-0.000260563771099339,0.0033972540139853326,keeps,4.753914316768245
-7.897035202069215,0.5626262554438695,-0.003996412510400185,-0.000260563771099339,0.0033972540139853326,personally keeps,4.753914316768245
-7.6721533272054065,0.4564270764124094,-0.01120681862961298,-0.0011499635050530406,0.002715082014899218,yo…,5.002596471135705
-7.6721533272054065,0.4564270764124094,-0.01120681862961298,-0.0011499635050530406,0.002715082014899218,keeps yo…,5.002596471135705
-7.477694758167973,0.3645635756958825,-0.01699703739831899,-0.0018636889673117009,0.0021725254360989016,yo… you,5.217649846099678
-9.007329525470354,1.0859851607439233,0.043032137161240186,0.0055580628195008135,0.008028748793163442,abi…,3.5265501398509116
-9.007329525470354,1.0859851607439233,0.043032137161240186,0.0055580628195008135,0.008028748793163442,the abi…,3.5265501398509116
-9.032763617327518,1.0979439234052946,0.044416804944107616,0.005729866632773627,0.008170039131696291,+8919,3.498447736863777
-9.032763617327518,1.0979439234052946,0.044416804944107616,0.005729866632773627,0.008170039131696291,abi… +8919,3.498447736863777
-9.056639706556178,1.1091683078906351,0.04573334720550168,0.005893244386493808,0.008304647121200133,+8919 chars,3.4720676015165073
-5.4712481586203,-0.5842390107767561,-0.060493863603903776,-0.007212087174514375,-0.001754410141483729,Thousands,7.437031675861909
0.08122346197419539,-3.2120738262124977,-0.11577656083007204,-0.013983721933057636,-0.006348572099977642,without,13.579830369262002
-4.790139856270173,-0.9065148699478107,-0.07085148577587111,-0.008482551311859186,-0.002650398328180644,thousands without,8.190515163544775
6.482684316176771,-6.241177046037634,-0.1272018519492325,0.008690632717208725,-0.018193124394038078,power,20.66175416298885
-4.511803984597763,-1.0382265147909573,-0.07465611612973626,-0.008948965640987065,-0.0029756381276385504,without power,8.498433726017666
-6.022046552864507,-0.3236685770711727,-0.05081179415493388,-0.006023476115188059,-0.0009031009631628312,power fall,6.827727816647268
-4.185821585348812,-1.1924922340155728,-0.0788389811189619,-0.009461597618930855,-0.003330768221219657,fall storm,8.85906650496498
2.1573101650023574,-4.194694793964759,-0.12654996052744333,-0.015302609872468682,-0.0071836409079795455,brings,15.876689631487015
0.42318703803756286,-3.3739285583822314,-0.11777862171498467,-0.014228751105650864,-0.006505504638906827,storm brings,13.958158948435411
12.546389962836058,-9.11022007521979,-0.1254273608421963,0.03326785956009433,-0.02487111654753736,strong,27.369943002016235
-7.071893619035383,0.1727859371464664,-0.027941683548418333,-0.0032115949693514046,0.0011597053269602631,brings strong,5.6664628553489305
4.061927111775921,-5.095762432383876,-0.12613989705112488,0.0034892972270696918,-0.008817239352888721,wind,17.983694914364083
-7.53064715574482,0.3895812328700097,-0.015458353418504829,-0.0016740671633689403,0.0023162484052994085,strong wind,5.1590881566106
-7.792692876914949,0.513356522565116,-0.007414859754855452,-0.0006823134309226269,0.0030729301256002487,wind rain,4.869297244975625
-8.043675002526344,0.6318510828620825,0.001037930987456026,0.00036083211800063547,0.003877873512603769,Oregon,4.591766287283786
-8.043675002526344,0.6318510828620825,0.001037930987456026,0.00036083211800063547,0.003877873512603769,rain oregon,4.591766287283786
-8.207818865380005,0.7093115013457318,0.0070215258296640465,0.0010998436256783786,0.004453769496389657,oregon nan,4.410275506016466
17.767688511282607,-11.58051537969964,-0.12905123444836142,-0.003807654348111588,-0.020700059765088145,into,33.146104755321836
-7.911989598729546,0.5696868062778311,-0.003495626469857377,-0.0001987663598007998,0.0034449035090404548,intensify into,4.737377944038595
0.9297907536741832,-3.6195082737083055,-0.021851053032655138,0.1705505601196168,-0.07844016271036561,major,14.521301872848053
-7.915697202424215,0.571437277084978,-0.0033710363227394957,-0.000183391309913742,0.0034567636576450303,into major,4.733278140078983
-7.90824031621683,0.567916644377938,-0.003621442390979876,-0.0002142924649070118,0.0034329288869768583,major hurricane,4.741523841731871
-8.867991664202805,1.020437356147013,0.03575504139752403,0.004655620584160691,0.007290939126539844,hurricane the,3.680520782276677
11.603954210279126,-8.66492392632886,-0.1403808396576054,-0.03094864836175478,-0.011550943347907605,Cuba,26.327571333755767
-8.773272027494844,0.9758501866407363,0.031085568432056856,0.004076964761885956,0.006821669623294531,caribbean cuba,3.785200416822074
-7.514969187093656,0.3821742821832572,-0.015916800428618302,-0.001730567704849517,0.002273392082822758,cuba the,5.176426817243519
-7.747422534059426,0.4919772395905735,-0.008858149706029023,-0.0008603321232547824,0.0029364897011010214,Dominican,4.919359037991496
-7.747422534059426,0.4919772395905735,-0.008858149706029023,-0.0008603321232547824,0.0029364897011010214,the dominican,4.919359037991496
-7.679998284368603,0.4601325107378198,-0.01096493743045078,-0.0011201387364337704,0.002737848455147289,Republic,4.993920928737325
-7.679998284368603,0.4601325107378198,-0.01096493743045078,-0.0011201387364337704,0.002737848455147289,dominican republic,4.993920928737325
-2.604719563767759,-1.9449445530661285,-0.08796727722701601,0.047457689289774466,0.0754951968433914,Haiti,10.610044928338407
-8.473941587459016,0.8348213838031071,0.017611541070879463,0.0024089922524462137,0.005485514071083058,republic haiti,4.116062402642489
-2.194718743024854,-2.1348454630699436,-0.09940577371628265,-0.011980236167212558,-0.005038423515888244,haiti and,11.061865450254054
-5.248013882866731,-0.6898594858242868,-0.0640668448560237,-0.007650470076807183,-0.002065223988100717,jamaica are,7.683984143855844
-6.33369137036251,-0.17626312710956515,-0.04470314611322809,-0.0052730188387671035,-0.0003592331482685663,bracing,6.482992961596095
-6.33369137036251,-0.17626312710956515,-0.04470314611322809,-0.0052730188387671035,-0.0003592331482685663,are bracing,6.482992961596095
-4.5281019436738825,-1.0305139700133998,-0.0744394746146906,-0.008922410863159359,-0.00295717507990782,bracing for,8.4804034681618
-7.6721533272054065,0.4564270764124094,-0.01120681862961298,-0.0011499635050530406,0.002715082014899218,for hurricane,5.002596471135705
30.54775927093587,-17.629090106381028,-0.1549281087563792,-0.0075259936518946476,-0.01926114185065675,hurricane melissa,47.28518160772103
-6.6641463357447,-0.019988693815967906,-0.03763791766871212,-0.004404505866058367,0.00027627588132775327,storm expected,6.117463876386458
-7.580519615384795,0.4131420254224798,-0.013983591111915508,-0.0014922940291361344,0.002454309733223546,expected quickly,5.1039334556582885
-7.186029596153159,0.22673434561217354,-0.02500572644780786,-0.0028501608316761273,0.0014297698842676522,grow,5.5402252527113784
-7.897035202069215,0.5626262554438695,-0.003996412510400185,-0.000260563771099339,0.0033972540139853326,quickly grow,4.753914316768245
-8.043675002526344,0.6318510828620825,0.001037930987456026,0.00036083211800063547,0.003877873512603769,grow into,4.591766287283786
-8.207818865380005,0.7093115013457318,0.0070215258296640465,0.0010998436256783786,0.004453769496389657,into powerful,4.410275506016466
13.40331424390295,-9.516822724501434,-0.15256473497127657,-0.01850801621701473,-0.009062033989506516,category,28.318385608981853
5.047125257518195,-5.562396798569369,-0.13725716811753894,-0.016615346251404314,-0.007987603778533997,powerful category,19.07379248004361
-3.3286100974437893,-1.598180021188453,-0.0886274622875669,-0.010660665796975157,-0.0041516310490405505,stronger,9.80740933742054
-8.560592577594416,0.8756642832584296,0.021327059483098987,0.002868682576655183,0.005851324399480783,category stronger,4.020275730747688
-8.654724682624323,0.9200179484181765,0.025529014765699215,0.0033887932340644755,0.006267441650877658,stronger hurricane,3.9162261364571944
62.215552411627016,-32.61011884449575,-0.11639296586965851,0.0014744414462583913,-0.012106648823182957,hurrican+e melissa,82.31775245104807
5.267045406147817,-5.666478171346696,-0.13791685701824086,-0.01669635568308482,-0.008036116761821711,Sunday,19.317096711468274
-9.129985489685971,1.1436372448078234,0.04988248360766118,0.006408306885744643,0.008730593691635185,hurricane sunday,3.3910347336630307
-5.66858239286768,-0.49087867841449384,-0.05717448872110317,-0.006804700812196503,-0.0014640363069816842,According,7.218733901204637
-9.268707404877668,1.2087767082625664,0.05819408805279723,0.007440874446117029,0.009591803269303761,Miami,3.237797514053559
-9.268707404877668,1.2087767082625664,0.05819408805279723,0.007440874446117029,0.009591803269303761,center miami,3.237797514053559
-9.19087904764152,1.172239992099991,0.053453118634053304,0.006851764757693909,0.009099260213943068,miami the,3.323765500162406
-5.613999187863836,-0.5167018108937631,-0.058108452372646634,-0.0069193378340190945,-0.0015458953835395866,the hurricane,7.279115393554721
-9.315311808152705,1.2306432753140737,0.061133889315570164,0.007806346056525379,0.009898977307185676,likely,3.186324341455064
-9.315311808152705,1.2306432753140737,0.061133889315570164,0.007806346056525379,0.009898977307185676,hurricane likely,3.186324341455064
-9.332794885010044,1.2388437886495358,0.06225709472458919,0.007946016582594329,0.010016695898836959,likely bring,3.167015898300932
-9.375347019451402,1.258797159925573,0.06503893877061566,0.008292023225485884,0.010309103816191701,catastr…,3.1200236107444823
-9.375347019451402,1.258797159925573,0.06503893877061566,0.008292023225485884,0.010309103816191701,and catastr…,3.1200236107444823
-9.389615919674027,1.2654861397074513,0.06598739562812787,0.008410020196028578,0.010409078104623756,+2602,3.10426666265764
-9.389615919674027,1.2654861397074513,0.06598739562812787,0.008410020196028578,0.010409078104623756,catastr… +2602,3.10426666265764
-9.39783681393136,1.2693394790197683,0.06653748036818967,0.008478462370807334,0.010467126302058198,+2602 char+s,3.0951886447885473
-3.606737300359237,-1.4665488667177202,-0.08562702294151393,-0.010293196240116965,-0.0039015515405074973,upgraded,9.499712238727929
-6.668416256057252,-0.017969640188368885,-0.037542271519624415,-0.004392744247650312,0.000284926658680895,melissa upgraded,6.112740854630551
-2.1129568855153504,-2.173543822099549,-0.10010373280320292,-0.01206566533369648,-0.005095209507988594,upgraded category,11.152321430866444
-8.809391287819267,0.9928550732078512,0.03284109765842695,0.004294478002285922,0.006997716657085328,category expected,3.74528199188313
-8.717576828893145,0.9496231737455976,0.028436767326681045,0.0037488585506096003,0.006556904366410592,strengthen,3.8467564507706973
-8.717576828893145,0.9496231737455976,0.028436767326681045,0.0037488585506096003,0.006556904366410592,expected strengthen,3.8467564507706973
-8.583014263157283,0.8862305695907549,0.02231186176483739,0.002990556975718867,0.005948618247872232,strengthen jamaica,3.9954910802201624
-7.054109806900902,0.16437954529624976,-0.028389833108650703,-0.003266755448858862,0.0011185872180291536,approach,5.6861325077723635
-8.487179789289799,0.8410620343968025,0.01817010906768536,0.002478086725618797,0.005540380231575085,jamaica approach,4.101428113727852
-9.032763617327518,1.0979439234052946,0.044416804944107616,0.005729866632773627,0.008170039131696291,approach hurrican+e,3.498447736863777
2.6696497317460377,-4.437182284665925,-0.12876200868296656,-0.015573578875415531,-0.007352061880924103,strengthened,16.44351046744846
-2.1431036561849943,-2.1592751725966215,-0.09984750632992277,-0.012034303825515236,-0.005074372136016202,melissa strengthened,11.118969006151312
1.577887455643884,-3.9204545595305866,-0.12385356409023338,-0.014972411056391063,-0.006976874920675459,strengthened into,15.23565139807632
0.71356374630391,-3.511366244149878,-0.11940196592864838,-0.014427444474598695,-0.00663218558326345,into category,14.279414771318436
129.93868048824223,-64.64627163299316,-0.013533230536442772,-0.00246696394536012,-0.00037669756065381726,category storm,157.23602430446678
-1.5733402304448685,-2.4289490722378293,-0.10447914239193386,-0.012601168432303689,-0.005449364197064871,churned,11.749319192548084
-1.5733402304448685,-2.4289490722378293,-0.10447914239193386,-0.012601168432303689,-0.005449364197064871,storm churned,11.749319192548084
-2.994703975293726,-1.7562132734383225,-0.09203086323035559,-0.01107741202340336,-0.004433621108948345,northwest,10.176817424348728
-2.994703975293726,-1.7562132734383225,-0.09203086323035559,-0.01107741202340336,-0.004433621108948345,churned northwest,10.176817424348728
-4.030356611212101,-1.2660657319412931,-0.08073814941298932,-0.00969430097819846,-0.0034911568702065735,northwest through,9.031057838246952
-5.265783059312976,-0.6814519897149269,-0.06378917255873505,-0.007616406078219283,-0.0020411343459854755,Sea,7.664326914493127
-5.265783059312976,-0.6814519897149269,-0.06378917255873505,-0.007616406078219283,-0.0020411343459854755,caribbean sea,7.664326914493127
-6.936540528083531,0.10880112989535196,-0.031292025050132004,-0.003623911562484476,0.0008529817325694314,sea sunday,5.816170755118135
-8.593880825393816,0.8913511356152333,0.02279270332156813,0.0030500686557798553,0.005996174348257813,sunday according,3.983479468109561
-6.43339574550971,-0.1300641882322302,-0.09158539385732033,-0.013967305505639634,-0.03813217478387295,latest,6.3730166049116175
-8.750189276352113,0.9649812954825567,0.029979345853600403,0.0039399248861049126,0.006710969696639188,the latest,3.810711804171223
-8.802388458552581,0.9895583921317925,0.03249836149862921,0.004252008833870453,0.0069633107765104205,advisory,3.7530212991618424
-8.802388458552581,0.9895583921317925,0.03249836149862921,0.004252008833870453,0.0069633107765104205,latest advisory,3.7530212991618424
-8.861845934071283,1.0175450578780016,0.03544553004226057,0.00461725505499622,0.007259733941948433,advisory from,3.6873124523120797
-9.103732468924045,1.1313016843124895,0.04837881037449908,0.00622161493041125,0.008575924748125206,+1797,3.4200383062972985
-9.103732468924045,1.1313016843124895,0.04837881037449908,0.00622161493041125,0.008575924748125206,hurricane +1797,3.4200383062972985
-9.123598382714555,1.140636341011805,0.04951471239075146,0.0063626422533544155,0.00869273254688157,+1797 chars,3.3980909258727623
-8.861845934071283,1.0175450578780016,0.03544553004226057,0.00461725505499622,0.007259733941948433,Strengthens,3.6873124523120797
-6.556807769276778,-0.07107317615585007,-0.07259294459940159,-0.010657921388054804,-0.025265062604327634,melissa strengthens,6.236269186827332
-7.695208937432155,0.4674247386619945,-0.05488182005707674,-0.009208388877824259,-0.032003733307629956,strengthens category,4.9769663951958725
-8.654724682624323,0.9200179484181765,0.025529014765699215,0.0033887932340644755,0.006267441650877658,Where,3.9162261364571944
-8.654724682624323,0.9200179484181765,0.025529014765699215,0.0033887932340644755,0.006267441650877658,category where,3.9162261364571944
-8.525110726681396,0.8589415044672255,0.019788518594401464,0.002678307844301186,0.005699605412606045,Headed,4.059497754754785
-8.525110726681396,0.8589415044672255,0.019788518594401464,0.002678307844301186,0.005699605412606045,where headed,4.059497754754785
-5.9684979515613374,-0.34899880487072377,-0.05181243696041052,-0.006146366592032503,-0.0009916939400773893,has strengthened,6.8869631654022045
0.42318703803756286,-3.3739285583822314,-0.11777862171498467,-0.014228751105650864,-0.006505504638906827,storm and,13.958158948435411
-3.157170034710564,-1.6793198928721296,-0.0904008858070845,-0.010877830859191463,-0.004298792515192169,headed,9.997077236210794
-4.346548765134324,-1.1164299080631337,-0.0768116862219595,-0.009213161190987898,-0.003158969911050459,and headed,8.681254346288732
-5.184502096701736,-0.7199104351096679,-0.06505012764660442,-0.007771089966591029,-0.0021504408860048415,directly,7.754244486843062
-5.184502096701736,-0.7199104351096679,-0.06505012764660442,-0.007771089966591029,-0.0021504408860048415,headed directly,7.754244486843062
-4.8748154356673,-0.866446751500745,-0.06964812306421764,-0.00833500134868376,-0.002547091496363194,directly for,8.096840563738967
0.25345129438456837,-3.2931997375153834,-0.07947123125919969,-0.060598893620644745,-0.01605362434855175,for jamaica,13.770257255847568
-3.2274504235576487,-1.646057189764127,-0.08968066000530094,-0.010789637956854605,-0.0042390855610524355,outer,9.919324443044054
-6.5329792021896695,-0.08201462831280049,-0.04052030629251879,-0.004758902478622165,1.617154585360943e-05,storm out+er,6.2625511182941676
-4.420334291712945,-1.0815122979307454,-0.07585837417883494,-0.009096324438798018,-0.003077974519492587,bands,8.599625848674094
-4.420334291712945,-1.0815122979307454,-0.07585837417883494,-0.009096324438798018,-0.003077974519492587,out+er band+s,8.599625848674094
-5.136086537319129,-0.7428188389590948,-0.06579019168265957,-0.007861867652645887,-0.0022144879614558136,band+s have,7.807804681049053
2.461382564182305,-4.338173745713575,-0.11056498679087653,-0.03820289152457663,-0.009437684695380918,already,16.21293288455694
-5.54321594104699,-0.5502223958826917,-0.06193345369684161,-0.006791491503254083,0.004865029277740766,have already,7.357426772299771
-3.0749143130585495,-1.7197386669341972,-0.11386132141590807,-0.008753422882246257,0.05015775523515163,led,10.088669289830936
-5.874818345879467,-0.3961750443258545,-0.08797332651977133,-0.002889236956689136,0.08274433786324006,already led,6.991745842120046
-5.997480824086616,-0.3479432774150877,-0.12572678550310834,0.0010656439489165268,0.1764114095617957,led several,6.860162615919499
-5.668516914153154,-0.5575672963526199,-0.21510573809935052,0.04909306069608863,0.3882241912975368,several deaths,7.246985736413164
-6.387760906772324,-0.1674548416253372,-0.05607082211263386,0.13426420186948143,0.14986346216605217,deaths haiti,6.430316561863331
-5.263928154886954,-0.7224304631702627,0.09353057432771196,0.3676123837525343,-0.05695679002470368,and expected,7.6838162410773885
0.7272277949875612,-3.719468731954917,0.24262838033857104,0.7719961331905375,-0.28462358168481394,expected cause,14.381422206297527
-5.0868266996365605,-0.7765078820645961,0.02985720446472781,0.19342168895494005,-0.05387215644274246,potentially,7.866917928421018
-8.400478037304627,0.748081923053153,0.1902741339343874,0.38411674386841993,-0.08336036555995249,cause potentially,4.219880968801347
0.6369992199916439,-3.4748197478304856,-0.09049985946258692,0.04593708234014505,-0.01997823703141491,deadly,14.194629828694335
-8.636828493253496,0.8890573421586336,0.13644790934279233,0.2491738582368884,-0.040090796904181734,potentially deadly,3.9458482801002472
-8.69145790817207,0.9222200229283151,0.11760671527987081,0.20072244243853843,-0.030776850168515335,deadly flooding,3.8822502651545667
-2.411437980612382,-2.0320711989524716,-0.07910887285755633,0.02502344168110511,-0.015247506302315472,mudslides,10.822050634070695
-8.697243334058085,0.9337024509266165,0.08642697361867831,0.12227626815312846,-0.02558853884357351,and mudslides,3.8720534012118755
-5.386937269883749,-0.6242454706739045,-0.044017620430704035,0.025358328115636507,-0.014469009298864478,once,7.530383602672319
-8.672387811197805,0.925512412206029,0.06470021482227946,0.07372997850624949,-0.02069701210093708,mudslides once,3.897983755329495
4.609519590870734,-5.355130051488822,-0.13267647348517803,-0.010563550782149775,-0.010146001364972663,hits,18.58959334314105
-8.627686382355463,0.9062589854916694,0.043760859024860196,0.03871668543375305,-0.007493322410989777,once hit+s,3.9465854713847768
-4.76538565282677,-0.9300977383972908,0.08927331383039942,-0.20080444320622415,-0.04680278425898253,land,8.22319622685929
-8.593440397531175,0.8908253273480862,0.03075873190974554,0.017574312385564728,0.0004150373946391634,hit+s land,3.9841174665314534
-8.537196694161937,0.8646379336339167,0.020309876157248122,0.002742815388613682,0.0057509792271651095,NBC,4.046137682388853
-8.417681469450553,0.8082964949976694,0.015272985340184952,0.0021197624099626375,0.005256294326667717,nbc hurrican+e,4.1782570831969315
-4.185821585348812,-1.1924922340155728,-0.0788389811189619,-0.009461597618930855,-0.003330768221219657,the storms,8.85906650496498
-6.385120571403944,-0.15193983476369732,-0.04364545485031125,-0.005143036374649919,-0.0002645363470241517,storms out+er,6.426104156099273
-8.395181104622612,0.7459648117492415,0.18971011135249022,0.3826933636502884,-0.0837114156671521,potential…,4.2255734740769615
-8.395181104622612,0.7459648117492415,0.18971011135249022,0.3826933636502884,-0.0837114156671521,cause potential…,4.2255734740769615
-8.632406386943334,0.8871860690031692,0.13591910119357348,0.24794391407166463,-0.040389069225866096,+126,3.950644904613323
-8.632406386943334,0.8871860690031692,0.13591910119357348,0.24794391407166463,-0.040389069225866096,potential… +126,3.950644904613323
-8.694739123155985,0.921311482030043,0.12445609537521353,0.21781141911116625,-0.03182167952240304,+126 char+s,3.8796851932836764
-2.460513679172978,-2.0090437797831546,-0.09706851405175207,-0.01169414326880485,-0.00484768883883095,Powerful,10.767807676266818
-8.861845934071283,1.0175450578780016,0.03544553004226057,0.00461725505499622,0.007259733941948433,powerful hurrican+e,3.6873124523120797
-7.720280473698963,0.479310157015318,-0.052841935083483504,-0.008882136462213192,-0.030956052639021025,strengthens,4.9492243901556074
-8.560592577594416,0.8756642832584296,0.021327059483098987,0.002868682576655183,0.005851324399480783,heads,4.020275730747688
-8.560592577594416,0.8756642832584296,0.021327059483098987,0.002868682576655183,0.005851324399480783,strengthens head+s,4.020275730747688
-8.487179789289799,0.8410620343968025,0.01817010906768536,0.002478086725618797,0.005540380231575085,head+s for,4.101428113727852
-2.5834927401938526,-1.953550221465231,-0.1461390939446311,-0.020676756698920523,-0.0430423238511753,jamaica hurricane,10.63281306346285
-5.730175759966753,-0.4617396450403408,-0.05610556191218278,-0.006673486607264934,-0.0013701972242192162,melissa already,7.150597847349569
-4.8748154356673,-0.866446751500745,-0.06964812306421764,-0.00833500134868376,-0.002547091496363194,already major,8.096840563738967
-4.010000487924245,-1.2756993255892186,-0.08098247779721872,-0.009724236137302167,-0.0035117519665712788,major category,9.05357792439524
-3.0926548681029864,-1.709854120802575,-0.09105392012309854,-0.010957793112010939,-0.004352859837373501,gathered,10.068451901022943
-3.0926548681029864,-1.709854120802575,-0.09105392012309854,-0.010957793112010939,-0.004352859837373501,storm gathered,10.068451901022943
-4.757108710514568,-0.9221452406791224,-0.07131493931848647,-0.008539373863069695,-0.002690129232740177,steam,8.227056829045521
-4.757108710514568,-0.9221452406791224,-0.07131493931848647,-0.008539373863069695,-0.002690129232740177,gathered steam,8.227056829045521
-5.361716010398503,-0.6360619426584782,-0.06227021974783163,-0.007430051617084075,-0.001909162272080941,steam sunday,7.558200998283757
-5.448654633307598,-0.5949285474058246,-0.06086403427638424,-0.007257510974811612,-0.0017866954963894318,took,7.462025570847402
-6.170670776147094,-0.2533677047325962,-0.04796098050954052,-0.00567330180095073,-0.0006499337594943026,sunday took,6.663321535626788
-5.665136063204369,-0.49250911134700814,-0.05723382491480867,-0.006811984161487234,-0.0014692406038120031,aim,7.222546322232931
-5.665136063204369,-0.49250911134700814,-0.05723382491480867,-0.006811984161487234,-0.0014692406038120031,took aim,7.222546322232931
-6.8358874808179815,0.0612149370967936,-0.033696280984146176,-0.003919711244544378,0.0006338300349728902,aim jamaica,5.927500809762407
-2.801050230587391,-1.8592874276051603,-0.18693900456293117,-0.0941355224788909,-0.12227765315351943,jamaica and,10.395733733221295
-6.96061700515975,0.12018326437075055,-0.030706103550550652,-0.0035518139268882138,0.0009065106875302004,and other,5.789540591340167
1.0629423469834673,-3.6757759471809486,-0.07993076212915995,-0.027543494238094823,-0.023013337655960357,parts,14.665602381406877
-7.09274601868416,0.1826426615816521,-0.02741305987814433,-0.003146526127321761,0.00120824275380812,other part+s,5.643399300337665
-6.205110615264267,-0.23750605563407046,-0.024672234488746107,0.03590145817685018,-0.016558075103711496,part+s the,6.625450658317157
-7.113168965289401,0.19229619011957055,-0.02689199815003468,-0.0030823846879007794,0.0012561237245461727,caribbean with,5.620810827934999
6.862909881070108,-6.421737584546004,-0.14217706412548037,-0.017220130445237153,-0.008345912426326456,forecasters,21.082644465439856
-3.3677166664200797,-1.5796716274925569,-0.08821498623166774,-0.010610152859653395,-0.00411733374100899,with forecasters,9.76414495313725
-8.371601890437951,0.7865677276745899,0.01339897637384535,0.0018880427477311439,0.005073175997210811,forecasters ...,4.229198993709713
-8.861845934071283,1.0175450578780016,0.03544553004226057,0.00461725505499622,0.007259733941948433,... hurricane,3.6873124523120797
-8.897493542062538,1.0343201511735964,0.0372538829076529,0.004841429704078136,0.00744225540870703,predicting,3.647918747776874
-8.897493542062538,1.0343201511735964,0.0372538829076529,0.004841429704078136,0.00744225540870703,forecasters predicting,3.647918747776874
-8.956038595811178,1.0618630036115546,0.0402940034529361,0.005218410939534509,0.007750203163146754,predicting catastrophic,3.583224655164165
-8.229326193221937,0.7194585287155948,0.00783482921269782,0.0012003296646187767,0.004532438538105197,catastrophic flooding,4.386496342874494
-9.068042528115193,1.114528246730456,0.046367911160234115,0.005972000602101629,0.008369621111284031,urging,3.4594691742583006
-9.068042528115193,1.114528246730456,0.046367911160234115,0.005972000602101629,0.008369621111284031,and urging,3.4594691742583006
-9.093380242276927,1.1264368159677454,0.04779162225772543,0.0061487205484079335,0.008515619856897166,res…,3.431475432417104
-9.093380242276927,1.1264368159677454,0.04779162225772543,0.0061487205484079335,0.008515619856897166,urging res…,3.431475432417104
-9.11380089998524,1.1360328389454142,0.048953005063016405,0.006292901331388521,0.008634946069397098,+3639,3.4089148721930567
-9.11380089998524,1.1360328389454142,0.048953005063016405,0.006292901331388521,0.008634946069397098,res… +3639,3.4089148721930567
-9.133136960940751,1.1451178723120652,0.05006441023819552,0.006430896722055705,0.008749330243197743,+3639 char+s,3.3875531515263635
-8.945981539551854,1.0571322760139357,0.03976540669039373,0.00515285399919866,0.007696559738992586,live,3.5943377133776657
-7.484886190453539,0.3679613162493376,-0.016789681633343476,-0.0018381369828383782,0.0021918746094720127,melissa live,5.209696569996603
-5.956089739894797,-0.35486837514399117,-0.05204236055567829,-0.006174602288733618,-0.0010120306682527783,updates,6.90068914208778
-8.919729090693295,1.0447820914103594,0.038398082890379645,0.004983296791050366,0.0075579943375457,live updates,3.6233472888498337
-8.867991664202805,1.020437356147013,0.03575504139752403,0.004655620584160691,0.007290939126539844,updates storm,3.680520782276677
-8.829780634835116,1.0024529780194922,0.0338456024122412,0.0044189582402232655,0.007098654996985103,storm upgraded,3.722748624046855
-8.61496398609183,0.9012853561910388,0.023732349381636833,0.0031663741463134713,0.0060892041602225305,category approach,3.960174981039146
-8.473941587459016,0.8348213838031071,0.017611541070879463,0.0024089922524462137,0.005485514071083058,approach jamaica,4.116062402642489
-8.46038609530353,0.8284308589064298,0.017042894792876018,0.0023386556387175756,0.005429704198076386,sea toward,4.1310475776448605
-6.280803622312953,-0.20127695738513562,-0.045775628506166705,-0.005404805830138153,-0.00045509529957522225,toward jamaica,6.541495488800375
-7.8096795339175396,0.515560909210194,0.08501833611973646,-0.11544462406245065,-0.020782387668253084,continues,4.853126401631341
-8.684129383599704,0.930624926863644,0.0844486267789162,-0.06783529213772473,-0.008410274629377722,melissa continues,3.8851916051125817
-5.53953370805569,-0.5526833593133826,-0.014407907109725102,-0.06302854220251668,-0.013258203379196434,churning,7.361874722543462
-8.720734171937284,0.9437993596114187,0.12218237054569735,-0.112906077405027,-0.01771025817360543,continues churning,3.846521331593195
-8.737821784262817,0.9427857597467451,0.17607344570235361,-0.18049335503660655,-0.03190176765802391,churning the,3.831581761027287
-8.681469373993815,0.8855351208642743,0.28018219663624877,-0.32101577998565,-0.06220587672889081,caribbean hurrican+e,3.907140356632936
4.621951297426543,-5.609958219886063,0.4571121937779693,-0.8288357233449137,-0.19352789498397827,warnings,18.710561092831703
-8.401813846537554,0.6495457945105727,0.4530650072745793,-0.5825059069111385,-0.12104902076805069,hurrican+e warnings,4.261063162018634
-8.739081646603355,0.9035031629064623,0.3049572536399836,-0.35034087709937534,-0.06837536042699466,remain,3.847412130135114
-8.739081646603355,0.9035031629064623,0.3049572536399836,-0.35034087709937534,-0.06837536042699466,warnings remain,3.847412130135114
-6.452561772241768,-0.1466062620018831,0.16952481658121227,-0.27549121005798166,-0.057105653007600246,effect,6.363149289637498
-8.874971426748797,0.9919730479699282,0.24165726982832936,-0.256058615314567,-0.04750498754415966,remain effect,3.6866630063399706
-4.864236459360875,-0.8806087666708802,0.06881007274279156,-0.18345363979860022,-0.039166297487376496,effect for,8.112648300890347
-6.667378202332378,-0.02891215891992438,0.09766872929304367,-0.17487893692929488,-0.03535452452290698,portions,6.1185430052735565
-9.03658120725152,1.0852399477148076,0.1776929445257142,-0.16089342753673133,-0.026601515806140407,and portion+s,3.500611553937574
1.3780948616628166,-3.8254377475157453,-0.10142384082214013,-0.04150955153231192,-0.012412051636700405,eastern,15.014447975359733
-9.092224574288739,1.1149567496969433,0.16024469060916857,-0.13427961819988732,-0.020750583303086663,portion+s eastern,3.4375831464927837
1.1254741352940538,-3.705905972156942,-0.1021617130436028,-0.038836367852019014,-0.011792181404102514,eastern cuba,14.734975390765014
-9.145372510229103,1.1425175459030974,0.14594818923358832,-0.11190671135176157,-0.015813647494534466,cuba with,3.3777366001777467
-9.168571617039893,1.1543411063604982,0.1404149049586274,-0.10303508443294339,-0.01384821959256893,with hurricane,3.351702909771997
-9.198716072086274,1.169546248220554,0.13384176617358012,-0.09227738889507857,-0.011456563730535585,hurricane watch,3.3179437233150058
-6.786205658031831,0.02881621094631992,0.08944496773380885,-0.16046556169674753,-0.03213291559302454,watch effect,5.986432917422193
-7.673963780606057,0.4518268458470862,0.07891148859432058,-0.11369676661272518,-0.02070993583502939,for portion+s,5.0030505938838195
-0.47330714686886566,-2.9493503600268394,-0.10012524318529561,-0.028674684548277096,-0.009198066138494084,southern,12.966236633799285
-9.277996950355018,1.208848775179243,0.11966159320527166,-0.06780633425136978,-0.005965782242554072,portion+s southern,3.229454225101194
-9.29678733136772,1.2180465573858184,0.1169118474765652,-0.06274717227001109,-0.004818263274282088,southern haiti,3.2085323179799943
-9.310572216995325,1.2247707096874632,0.11503287195960137,-0.059201107664390545,-0.004010572902693948,haiti from,3.1931939427373917
-6.6074766229419115,-0.05034106851802278,-0.11083745359322175,-0.053814547846292,-0.08172754298164134,the…,6.181510827187649
-9.320014001155528,1.2293656708693057,0.11381149321137914,-0.05685035783448249,-0.0034734376009710037,from the…,3.182692766064036
-9.330931955115531,1.2346688337311094,0.11246408686521124,-0.05420904504278399,-0.0028681461870700893,+583,3.170554239387838
-9.330931955115531,1.2346688337311094,0.11246408686521124,-0.05420904504278399,-0.0028681461870700893,the… +583,3.170554239387838
-9.339708507266673,1.2389243126784695,0.11143041736355123,-0.052144211195336514,-0.002393565192464878,+583 char+s,3.1607998073843224
-9.168918384989237,1.1619262547026645,0.05215178684273107,0.006690122332633993,0.008964671396586603,Explodes,3.3480247929407243
-9.168918384989237,1.1619262547026645,0.05215178684273107,0.006690122332633993,0.008964671396586603,melissa explodes,3.3480247929407243
-9.133136960940751,1.1451178723120652,0.05006441023819552,0.006430896722055705,0.008749330243197743,Strength,3.3875531515263635
-9.133136960940751,1.1451178723120652,0.05006441023819552,0.006430896722055705,0.008749330243197743,explodes strength,3.3875531515263635
-9.100313918441756,1.129695229474348,0.04818455056118105,0.006197498659434588,0.008555968223441485,Poses,3.423815098512746
-9.100313918441756,1.129695229474348,0.04818455056118105,0.006197498659434588,0.008555968223441485,strength pose+s,3.423815098512746
-9.079111962509177,1.119731072480329,0.04698756082291525,0.00604891164570279,0.008433127048466677,Peril,3.44723926991436
-9.079111962509177,1.119731072480329,0.04698756082291525,0.00604891164570279,0.008433127048466677,pose+s peril,3.44723926991436
-9.056639706556178,1.1091683078906351,0.04573334720550168,0.005893244386493808,0.008304647121200133,peril for,3.4720676015165073
-5.4544400476176005,-0.5936503877316599,-0.022548721861718364,0.07524971910119742,-0.018075403111997363,jamaica hurrican+e,7.45632066768667
-5.5447107366998765,-0.5494826166497999,-0.05927645174296659,-0.007062687930045341,-0.0016480936741279824,further,7.355764568246787
-7.592541526034378,0.4188211677900795,-0.013624303036631029,-0.001448005373358925,0.0024879906972673452,strengthened furt+her,5.09063836282212
50.89549664108024,-27.255395610176112,-0.13303848636720855,-0.030654910832741043,-0.009878400998256712,after,69.79509047358286
-7.491239152702691,0.37096287640280723,-0.016606083696478494,-0.0018155121587736757,0.002209011835282557,furt+her after,5.202670602284056
-7.406655547299382,0.33099787352185794,-0.019018759259109674,-0.0021127921903175235,0.001984183728618404,pausing,5.296215593121202
-7.406655547299382,0.33099787352185794,-0.019018759259109674,-0.0021127921903175235,0.001984183728618404,after pausing,5.296215593121202
-7.630929845269532,0.43695508860109467,-0.01246697351315143,-0.0013053324415804235,0.00259660517950561,pausing for,5.048184839950527
-7.209335149706671,0.23774934110038393,-0.02439317647233344,-0.002774738600447634,0.001486265947483468,for most,5.514449018357209
-7.050596237910823,0.16271866734759,-0.02847808441646235,-0.0032776175655387235,0.001110493361679843,most sunday,5.690018672350789
3.8920799632942025,-5.01574219393919,-0.13346259451583442,-0.01614973587718606,-0.0077060782903958965,south,17.795928779492044
-6.887567039519165,0.08564821796698885,-0.03247084158169641,-0.0037689521766836034,0.0007454307455921419,sunday south,5.870338987814699
-7.285530372776119,0.2737598058837394,-0.02235844094034476,-0.0025241711384276144,0.0016743047445889917,south jamaica,5.430177057558169
2.14395844043419,-4.189353568532536,-0.1427855095521844,-0.018248505172954003,-0.01952177583082433,jamaica with,15.86230422843679
-5.275650565611914,-0.6767831901746524,-0.06363448576627109,-0.007597429230056978,-0.0020277096254403926,fearing,7.653410950516854
-5.275650565611914,-0.6767831901746524,-0.06363448576627109,-0.007597429230056978,-0.0020277096254403926,forecasters fearing,7.653410950516854
-7.672153327205407,0.4564270764124103,-0.011206818629613063,-0.001149963505053044,0.0027150820148992387,fearing the,5.002596471135704
-0.07068764842343711,-3.1401726379434907,-0.11485423922458272,-0.013870845529475363,-0.006276021128172466,historic,13.411764762193977
-0.7418384476977433,-2.822508860776508,-0.11051736567158002,-0.013340110564749296,-0.005932785279693035,the historic,12.66924278484827
5.7351659402796695,-5.888023546511426,-0.13925961979968254,-0.01686131703273029,-0.008134435823875992,historic storm,19.834991913512827
-4.010000487924245,-1.2756993255892186,-0.08098247779721872,-0.009724236137302167,-0.0035117519665712788,lead,9.05357792439524
-4.010000487924245,-1.2756993255892186,-0.08098247779721872,-0.009724236137302167,-0.0035117519665712788,storm lead,9.05357792439524
-5.275650565611914,-0.6767831901746524,-0.06363448576627109,-0.007597429230056978,-0.0020277096254403926,humanitarian,7.653410950516854
-5.275650565611914,-0.6767831901746524,-0.06363448576627109,-0.007597429230056978,-0.0020277096254403926,lead humanitarian,7.653410950516854
-6.123004004522313,-0.27591407174689353,-0.04888732404727668,-0.005787097506950445,-0.0007323223990626229,humanitarian and,6.716049678038555
-6.303746273047001,-0.1904258953608644,-0.04531225784029513,-0.005347868314679715,-0.00041369728336862824,economic,6.516117111265579
-6.303746273047001,-0.1904258953608644,-0.04531225784029513,-0.005347868314679715,-0.00041369728336862824,and economic,6.516117111265579
-6.632743653654994,-0.03483779897515982,-0.03833776739816375,-0.004490563148500977,0.00021301611279128836,economic disaster,6.152198932402958
31.03246818836096,-17.858703924467076,-0.15742993939150682,-0.024167618408718887,-0.015511079692033324,across,47.82151853471321
-6.887567039519165,0.08564821796698885,-0.03247084158169641,-0.0037689521766836034,0.0007454307455921419,disaster across,5.870338987814699
20.0955070001082,-12.682533538557756,-0.13524781910164568,-0.04748041034227255,-0.009465726225699623,across the,35.72157865511885
-0.5701884238484283,-2.90375296757679,-0.11166902252497735,-0.013481044925107204,-0.006024263093711301,region,12.859146278022934
-4.199599091277668,-1.185972122535722,-0.07866778960975263,-0.009440620188039175,-0.0033162844654794055,the region,8.843824445959475
-8.124228494914876,0.6698686466226551,0.003926121298384919,0.0007174805424601007,0.00415521682163051,top,4.502698037762153
-8.758008623433497,0.9686632975898872,0.030352730640280656,0.003986178145730315,0.006748314222181626,melissa top,3.802069689541356
-8.78805706046357,0.9828113229549289,0.03180051880557995,0.0041655429684341,0.0068933109125155715,top wind+s,3.7688600720033465
-8.829780634835116,1.0024529780194922,0.0338456024122412,0.0044189582402232655,0.007098654996985103,reached,3.722748624046855
-8.829780634835116,1.0024529780194922,0.0338456024122412,0.0044189582402232655,0.007098654996985103,wind+s reached,3.722748624046855
-8.880032162977376,1.0261035654942008,0.03636413296267227,0.004731124748207728,0.007352389878670231,150,3.667214905698004
-8.880032162977376,1.0261035654942008,0.03636413296267227,0.004731124748207728,0.007352389878670231,reached 150,3.667214905698004
-8.90316123868857,1.0369869569751067,0.03754433499932469,0.004877440448698651,0.007471616900796568,150 mile+s,3.6416555868890996
-8.94086051208764,1.0547232926763213,0.03949727182567041,0.00511960131293834,0.00766936471380732,240,3.5999965029120062
-8.94086051208764,1.0547232926763213,0.03949727182567041,0.00511960131293834,0.00766936471380732,mile+s 240,3.5999965029120062
-8.960977102987597,1.0641859179848927,0.04055455271919828,0.005250725970636402,0.007776659837443469,kilometers,3.577767645943955
-8.960977102987597,1.0641859179848927,0.04055455271919828,0.005250725970636402,0.007776659837443469,240 kilo+meter+s,3.577767645943955
-9.007329525470354,1.0859851607439233,0.043032137161240186,0.0055580628195008135,0.008028748793163442,kilo+meter+s hurrican+e,3.5265501398509116
-8.593880825393816,0.8913511356152333,0.02279270332156813,0.0030500686557798553,0.005996174348257813,regi…,3.983479468109561
-8.593880825393816,0.8913511356152333,0.02279270332156813,0.0030500686557798553,0.005996174348257813,the regi…,3.983479468109561
-8.664200556269979,0.9244818865712732,0.025962028092991904,0.00344240528404699,0.006310469067795121,+5780,3.9057523395496063
-8.664200556269979,0.9244818865712732,0.025962028092991904,0.00344240528404699,0.006310469067795121,regi… +5780,3.9057523395496063
-8.717576828893145,0.9496231737455976,0.028436767326681045,0.0037488585506096003,0.006556904366410592,+5780 char+s,3.8467564507706973
-5.182296179540319,-0.7216017500690657,-0.09276437939475829,-0.012826109476123171,-0.0235110465213636,nears,7.756907187697763
-8.941412561262153,1.0564042370760214,-0.03075928981704195,-0.007846594000140124,-0.04822200955642954,hurricane nears,3.5986403949853614
-8.915424499377878,1.0441149538090004,-0.03247000416394927,-0.008078083919341766,-0.04861719411952469,nears jamaica,3.6273842545793107
-7.811101404967632,0.5222714058141547,-0.05034590498276207,-0.008600738440553205,-0.031023243234658562,jamaica melissa,4.848760037086082
-6.552051808580386,-0.07348865552152573,-0.07845541532156511,-0.011722969232243807,-0.029735071092503052,melissa forecast,6.241589725763876
-6.831381587429844,0.05862740127587873,-0.07601829197434962,-0.011659824468224111,-0.032222764443291294,forecast make,5.932597078694316
39.51720296557213,-21.872587588834623,-0.1510563780793186,-0.008589987202145826,-0.0002407160396999744,landfall,57.20778098065263
-1.4802130867731904,-2.473889352241706,-0.12408922539987281,-0.016121672764672856,-0.019917001258007994,make land+fall,11.852680794591341
-3.39073993028936,-1.569439830858343,-0.10738045103373708,-0.014113782541836928,-0.018979803680860326,land+fall the,9.73891984076434
13.229933350340838,-9.435392146431784,-0.1598924861311582,-0.019839626539726735,-0.014663757417567506,island,28.12682101575159
3.871718714118197,-5.00690531427394,-0.1459087729669093,-0.01840773381895998,-0.017161360971274943,the island,17.773719727800856
-8.915424499377878,1.0441149538090004,-0.03247000416394927,-0.008078083919341766,-0.04861719411952469,island jamaica,3.6273842545793107
-5.107825567110372,-0.7571384051205352,-0.1007949112788295,-0.014221399134733748,-0.028905197274466367,jamaica tuesday,7.839405741740072
-8.272815699001777,0.7400181638890093,-0.06371249979369728,-0.012051098589969464,-0.05292287389463133,tuesday with,4.338251129820585
-2.888516883944849,-1.8092915388378108,-0.1459149849279845,-0.020809096128442447,-0.04485835223773399,inches,10.295397045131518
-6.338290311049944,-0.17781616069350914,-0.13581683315634008,-0.021909383785467237,-0.07078980517424516,with inches,6.479320261640229
-6.149508854940342,-0.2644907452004568,-0.09698154266553592,-0.014604365477397747,-0.03831658327692211,inches rain,6.687110863433244
3.3125608392906774,-4.743155613817839,-0.15622018468765303,-0.02039493722657106,-0.026351226143430162,rain and,17.15546033067481
-0.11338342081834618,-3.122387448759387,-0.15380820546160284,-0.020951398945180014,-0.036021801892437935,and life-threatening,13.365487533015957
10.581705311097165,-8.183284912951265,-0.16938837767765474,-0.021731719487708252,-0.02396146598900015,life-threatening storm,25.197493113797098
-4.479477033731846,-1.055995747472867,-0.13183122214458154,-0.01933490067253107,-0.04655609978682017,category the,8.535141681319656
-6.2033537688597145,-0.24095530848816438,-0.12823187058328048,-0.020363438216680168,-0.06308229441227135,highest,6.628311558568118
-6.2033537688597145,-0.24095530848816438,-0.12823187058328048,-0.020363438216680168,-0.06308229441227135,the highest,6.628311558568118
-7.6097766325713065,0.42394065372238154,-0.11864507235941901,-0.020710475779626925,-0.07968937821179153,highest the,5.072662456369029
-7.990710236973796,0.5986962448970361,-0.16547218474957692,-0.03001103143742785,-0.12449386831654055,Saffir-Simpson,4.653493551577688
-7.990710236973796,0.5986962448970361,-0.16547218474957692,-0.03001103143742785,-0.12449386831654055,the saffir-simpson,4.653493551577688
-6.188077666230347,-0.35720451619546667,-0.545612619737147,-0.095428334200996,-0.372819960836172,scale,6.691003746323238
-7.861467337773759,0.5006699233254293,-0.34457984931137253,-0.06219108561787179,-0.25703480446729937,saffir-simpson scale,4.811887016711403
-8.192052154783694,0.6847235146612858,-0.22158314793056533,-0.04067367519489231,-0.17267213669643672,KINGSTON,4.434591257480908
-7.249472814320609,0.2515191216459951,-0.16089227603890793,-0.025534440901041115,-0.07953897794990897,kingston jamaica,5.4720086590462405
-3.1027752719144193,-1.707040846315084,-0.13306602794493147,-0.018603968032585714,-0.03654326714208613,intensified,10.058017679429248
-3.1027752719144193,-1.707040846315084,-0.13306602794493147,-0.018603968032585714,-0.03654326714208613,melissa intensified,10.058017679429248
-6.733343913883176,0.011107415680077004,-0.10320811884356373,-0.01648734812655475,-0.051671975912931545,intensified category,6.041485781890245
-4.937484643199145,-0.8382711840730939,-0.11284530261039932,-0.016263861047383824,-0.03641229051492453,strength,8.028056775934763
-6.327195156813842,-0.1807351900927654,-0.10164554614373811,-0.015669619270101534,-0.04436818712523497,category strength,6.49066542552625
-6.14188007473677,-0.26824943771435494,-0.10018720663008687,-0.01518007692252972,-0.04068457592937317,strength monday,6.695607922494527
-4.253865348806784,-1.1615090750709656,-0.11276939799067154,-0.015693221461464978,-0.029973509151855163,neared,8.784242027208775
-5.877398973567472,-0.3932183911844742,-0.09911386241205764,-0.014683893521524802,-0.036417540235817614,monday neared,6.988128680331885
-6.003096599008589,-0.33741694436759495,-0.1499096092118058,-0.024072559066784315,-0.07698983379700661,neared jamaica,6.850541492265376
-8.147111982198915,0.6807595700045701,-0.060870042811877856,-0.01123888726825161,-0.047366180862209964,centimeters,4.477227605022407
-8.147111982198915,0.6807595700045701,-0.060870042811877856,-0.01123888726825161,-0.047366180862209964,inches centimeters,4.477227605022407
-7.752333387745281,0.4941949355759587,-0.06413564159293111,-0.011013224575851802,-0.04047620125337487,centimeters rain,4.913862668777735
-7.658910805640011,0.4502044470863864,-0.05816599690827898,-0.00974197600646694,-0.03378585268446198,foreca…,5.0171356024065625
-7.658910805640011,0.4502044470863864,-0.05816599690827898,-0.00974197600646694,-0.03378585268446198,melissa foreca…,5.0171356024065625
-7.948784969657269,0.5873072110735649,-0.05163798728047137,-0.009116524558126124,-0.03522728490896494,+3278,4.6964869119241985
-7.948784969657269,0.5873072110735649,-0.05163798728047137,-0.009116524558126124,-0.03522728490896494,foreca… +3278,4.6964869119241985
-8.092411743656307,0.6552301127181648,-0.0480281068952564,-0.008761457769466071,-0.035919501855245034,+3278 char+s,4.537616456653004
-7.792692876914949,0.513356522565116,-0.007414859754855452,-0.0006823134309226269,0.0030729301256002487,intensifies,4.869297244975625
-7.792692876914949,0.513356522565116,-0.007414859754855452,-0.0006823134309226269,0.0030729301256002487,melissa intensifies,4.869297244975625
-6.887567039519165,0.08564821796698885,-0.03247084158169641,-0.0037689521766836034,0.0007454307455921419,intensifies category,5.870338987814699
-2.938567908482991,-1.782782005860387,-0.09258300612428441,-0.011145014901119786,-0.004479199437952539,threatens,10.238922220933107
-2.938567908482991,-1.782782005860387,-0.09258300612428441,-0.011145014901119786,-0.004479199437952539,storm threaten+s,10.238922220933107
-4.8159147429112075,-0.8943182355793646,-0.07048753266702948,-0.008437926764112948,-0.002619175594877789,threaten+s jamaica,8.162000979059375
-5.787898129381911,-0.43443251590310883,-0.05508903393915803,-0.006548693090610499,-0.0012808089335466068,'catastrophic,7.086744262708059
-7.928828663498409,0.577636927704793,-0.0029283788904383157,-0.00012876347327563445,0.0034989193181899185,with 'catastrophic,4.718757645723907
-8.285964424807414,0.7461772232968824,0.010010871849807298,0.0014692311844065713,0.004743385377482362,'catastrophic flooding,4.323876671066961
-8.267312251839886,0.7373786598647243,0.009288696523158654,0.0013799820678727318,0.004673302468379586,flooding hurrican+e,4.34449844737353
-5.184502096701736,-0.7199104351096679,-0.06505012764660442,-0.007771089966591029,-0.0021504408860048415,intensified powerful,7.754244486843062
7.586660883801729,-6.7632093694558675,-0.08103994291229927,-0.0837868086982929,-0.026473773310220258,early,21.882989149200302
-2.784951206538379,-1.8554878805217214,-0.09406586066815889,-0.01132656253898018,-0.004601369680815686,storm early,10.408872603355594
-4.185821585348812,-1.1924922340155728,-0.0788389811189619,-0.009461597618930855,-0.003330768221219657,early monday,8.85906650496498
-5.361716010398503,-0.6360619426584782,-0.06227021974783163,-0.007430051617084075,-0.001909162272080941,monday forecasters,7.558200998283757
-3.491772838424497,-1.5281955764010622,0.008301374577535048,0.1676992590062254,-0.0730182933377174,warned,9.630173172972219
-5.936466731475426,-0.3694256690565485,0.021563932476582726,0.13123261597970098,-0.054186094592573404,forecasters warned,6.924791056937302
-3.9270407874206636,-1.3322698580479027,0.03159538246439891,0.2461525839324614,-0.12353960126677846,would,9.152969843272242
-6.031888352196333,-0.35672013183859086,0.12904550422900463,0.3380151971862437,-0.1353333188682804,warned would,6.833301733004014
-5.725317632570631,-0.5862812533299993,0.24015808916885073,0.585961508485909,-0.2364466254338538,would cause,7.20879666297987
-5.9684979515613374,-0.34899880487072377,-0.05181243696041052,-0.006146366592032503,-0.0009916939400773893,cause catastrophic,6.8869631654022045
-7.262981727561842,0.25451556491769445,0.062317060163041574,0.1560332065961514,-0.05976675743673055,flooding life-threatening,5.4589485351340805
-7.5308863960142745,0.38463899561782267,0.048078910696533,0.11578542062330804,-0.04304021559055486,life-threatening landslides,5.161104935797714
-7.544173570251219,0.39104670235917105,0.047514756686951626,0.11403790698558654,-0.0423062233781821,landslides and,5.146352818899847
-5.563731961999856,-0.5408378910619702,-0.03462218577651554,0.03767587893397412,-0.018826216841762326,extremely,7.334920099604103
-7.549309442914977,0.39655321668090115,0.021729804337956127,0.06569666878035052,-0.02355951784544905,and extremely,5.139307047613731
-7.466495141553518,0.3589272463446851,-0.0036740394636999296,0.023034543345169474,-0.007445733009204824,extremely strong,5.230209131623487
2.456277139651787,-4.336824512757477,-0.1396970439138442,-0.014327208034374053,0.020915080174295032,strong wind+s,16.20769377558416
-8.682635079537773,0.9331655838726289,0.026809835596675297,0.0035473814762933785,0.006394792940347737,wind+s across,3.885376673775027
-7.271537729857079,0.26714700530485347,-0.02273584047274716,-0.0025706499486602445,0.0016393842588264557,caribbean hurricane,5.445652821724725
-9.020417481399592,1.0900387986538045,0.07270296830270591,0.058462587426655915,-0.01220981425276542,acro…,3.5130417435496737
-9.020417481399592,1.0900387986538045,0.07270296830270591,0.058462587426655915,-0.01220981425276542,wind+s acro…,3.5130417435496737
-9.049470684435704,1.1038866716703006,0.07221613873663514,0.0548340601665849,-0.01057140660473514,+2447,3.480856492889228
-9.049470684435704,1.1038866716703006,0.07221613873663514,0.0548340601665849,-0.01057140660473514,acro… +2447,3.480856492889228
-9.072698353321451,1.1149435000553996,0.07192550314200187,0.05208739267287236,-0.009318501649758776,+2447 char+s,3.4551311233272903
-2.8835489228819107,-1.8088221052164526,-0.09311878455589326,-0.011210612389453754,-0.004523381296437743,melissa now,10.299791202855042
-2.7406660508768557,-1.8764478762044865,-0.09448587084594068,-0.011377982562016747,-0.004635910800575396,now category,10.45786654397827
0.06577328625105494,-3.2047610933517774,-0.1156837030008878,-0.013972357595271687,-0.006341274988325632,approaches,13.562737194363137
-9.129985489685971,1.1436372448078234,0.04988248360766118,0.006408306885744643,0.008730593691635185,hurricane approaches,3.3910347336630307
-3.054474144813895,-1.7279246360632126,-0.09143679228234429,-0.011004673479230937,-0.004384528560060526,approaches jamaica,10.110692173811112
-6.497714024689483,-0.0986916366758277,-0.04127731125725172,-0.004851961763962858,-5.194883058664418e-05,centimetres,6.301559237528411
-6.497714024689483,-0.0986916366758277,-0.04127731125725172,-0.004851961763962858,-5.194883058664418e-05,with centimetre+s,6.301559237528411
-5.793739386767405,-0.43166918346004524,-0.05498535565937663,-0.006535964451914325,-0.001271683827724958,centimetre+s rain,7.08028256798607
-8.432270270058904,0.8151751439227377,0.015873984845007294,0.002194085960790449,0.005315127708532806,land+fall the…,4.16212917431229
-8.512752998369127,0.8531167242487119,0.01925829517318954,0.002612707293243692,0.005647398330552507,+3523,4.073158355139917
-8.512752998369127,0.8531167242487119,0.01925829517318954,0.002612707293243692,0.005647398330552507,the… +3523,4.073158355139917
-8.583014263157283,0.8862305695907549,0.02231186176483739,0.002990556975718867,0.005948618247872232,+3523 char+s,3.9954910802201624
-8.750189276352113,0.9649812954825567,0.029979345853600403,0.0039399248861049126,0.006710969696639188,melissa could,3.810711804171223
-8.673502244627386,0.9288635918613777,0.026388916087338385,0.003495261594361806,0.006352914670363875,could strongest,3.8954711509450943
-4.3595397577942805,-1.1102645997632061,-0.07414047998221265,-0.008318555325909388,-0.00011028578749109307,ever,8.666884879639003
-5.766826132579841,-0.44440112722276304,-0.05546180415939481,-0.006594457328496751,-0.0013136053240753792,strongest ever,7.110054474997088
-8.473941587459016,0.8348213838031071,0.017611541070879463,0.0024089922524462137,0.005485514071083058,ever hit,4.116062402642489
-4.536691042194428,-1.026449431806304,-0.07432500475254869,-0.008908379577686169,-0.0029474167361210196,hit jamaica,8.470901444297338
11.383147164030676,-8.56339878009084,-0.18519187344085766,-0.021802175291554607,-0.004237448474448062,been,26.08447436015118
-2.9067231403692233,-1.8022610845491904,-0.16412548747646288,-0.02412195169854465,-0.05879679458526644,has been,10.2758970895005
-7.86382374827365,0.5469450947319627,-0.005098710215350313,-0.0003965763818133171,0.003292495024643065,been upgraded,4.790639438079116
-2.429582182875887,-2.0236837145947764,-0.09734602140649694,-0.011728112976854423,-0.004870381211691218,five,10.802028185906115
-2.429582182875887,-2.0236837145947764,-0.09734602140649694,-0.011728112976854423,-0.004870381211691218,category five,10.802028185906115
0.9302208159929481,-3.6139114918092954,-0.12056967274159064,-0.014570379396980939,-0.0067229898440958604,five storm,14.519111439905497
-8.750189276352113,0.9649812954825567,0.029979345853600403,0.0039399248861049126,0.006710969696639188,and could,3.810711804171223
-7.296710314753467,0.2790432714199538,-0.02205567658292673,-0.0024868827519326647,0.0017023335702868536,could become,5.417812156168164
-8.417681469450553,0.8082964949976694,0.015272985340184952,0.0021197624099626375,0.005256294326667717,become jamaica,4.1782570831969315
-8.673502244627386,0.9288635918613777,0.026388916087338385,0.003495261594361806,0.006352914670363875,jamaica strongest,3.8954711509450943
-8.304075367882625,0.7547200257877618,0.01071740471192531,0.0015565541617925446,0.004812022295796227,strongest record,4.303853480771124
-8.14231438319309,0.6784033435279828,0.004587179095811952,0.0007991273488210868,0.004218861946944848,Residents,4.482700873026836
-4.413279067254741,-1.0848451360460638,-0.06862098417484214,0.014050819143822594,0.0005532379895921329,Kingston,8.607441642820584
-7.754513288962295,0.49532601792614317,-0.008633632877620485,-0.0008326415147645863,0.0029576951175699553,resident+s kingston,4.911517740692276
-5.02725791957732,-0.7994026166952324,0.038970925072751614,-0.14176519207278593,-0.03022600613303832,prepare,7.930519736798957
-7.296710314753467,0.2790432714199538,-0.02205567658292673,-0.0024868827519326647,0.0017023335702868536,kingston prepare,5.417812156168164
-2.8445905750337275,-1.827260859033168,-0.09349498655864255,-0.011256671277593335,-0.004554377099055833,prepare for,10.342891893738326
10.508522120330236,-8.14538553476223,-0.10573816988943437,-0.042311317748435814,-0.0243201037421698,for the,25.115236858510414
15.15210652859241,-10.344341559584688,-0.15398369599299624,-0.018687715578266564,-0.009150176222310047,storm with,30.253078652843584
-6.887567039519165,0.08564821796698885,-0.03247084158169641,-0.0037689521766836034,0.0007454307455921419,sandbags,5.870338987814699
-6.887567039519165,0.08564821796698885,-0.03247084158169641,-0.0037689521766836034,0.0007454307455921419,with sandbags,5.870338987814699
-7.580519615384795,0.4131420254224798,-0.013983591111915508,-0.0014922940291361344,0.002454309733223546,People,5.1039334556582885
-7.580519615384795,0.4131420254224798,-0.013983591111915508,-0.0014922940291361344,0.002454309733223546,sandbags people,5.1039334556582885
-7.959303585747498,0.5920241621678883,-0.0018926522020663167,-9.353542903475787e-07,0.0035976624220494836,people jamaica,4.685059407645326
-0.4692901351936314,-2.9554381452270766,-0.16961299249287398,-0.02394795206196692,-0.04951826302781223,impact,12.972341293609537
-6.83383648478844,0.05183221123777004,-0.176801916894271,-0.030028475330350475,-0.10975668415873518,the impact,5.933084895269093
-8.61496398609183,0.9012853561910388,0.023732349381636833,0.0031663741463134713,0.0060892041602225305,impact hurricane,3.960174981039146
18.340075277713794,-11.850995319182292,-0.11925045842234339,0.017522146805302743,-0.030480356280061682,which,33.77919964942687
-5.175973324068108,-0.7274176861775028,-0.0005720615658972722,0.1120704581699376,-0.048462476284139674,melissa which,7.76528585502127
-8.842882685087389,1.0086199898658852,0.03449633124979981,0.004499605759298218,0.0071641237864190545,which forecast,3.708269079733725
-8.914277441843245,1.0422171851831683,0.03811638115973226,0.004948367354098669,0.007529481287419246,unleash,3.6293715948363943
-8.914277441843245,1.0422171851831683,0.03811638115973226,0.004948367354098669,0.007529481287419246,forecast unleash,3.6293715948363943
-8.956038595811178,1.0618630036115546,0.0402940034529361,0.005218410939534509,0.007750203163146754,unleash destructive,3.583224655164165
-9.01168399295467,1.0880327117142823,0.04326791573088401,0.005587315214553093,0.008052786974639212,destructive wind+s,3.5217387793634893
-9.052761734260486,1.1073453575205952,0.04551839923282863,0.005866568403556699,0.00828265212325751,and bring,3.476352228271435
-9.075458178549544,1.1180137750413324,0.04678262918372769,0.006023474848067249,0.008412117790454691,bring catastrophic,3.4512760805237295
-9.120361901256505,1.139115665750513,0.049328834043704944,0.006339563287010009,0.00867360469655942,flo…,3.4016664710002997
-9.120361901256505,1.139115665750513,0.049328834043704944,0.006339563287010009,0.00867360469655942,catastrophic flo…,3.4016664710002997
-9.139357788170653,1.1480404451877861,0.05042442763015964,0.006475601575035508,0.008786423228374567,+2591,3.3806807496181825
-9.139357788170653,1.1480404451877861,0.05042442763015964,0.006475601575035508,0.008786423228374567,flo… +2591,3.3806807496181825
-9.157391241223047,1.156511864304092,0.05147491721359415,0.006606056478543695,0.008894769875402327,+2591 chars,3.3607588039903313
-8.951040481808768,1.0595119818428251,0.04003096915424399,0.005185788722583955,0.007723504492480986,layered,3.5887475607664485
-8.951040481808768,1.0595119818428251,0.04003096915424399,0.005185788722583955,0.007723504492480986,why layered,3.5887475607664485
-6.439119413867688,-0.12640201284486352,-0.04251885808357922,-0.0050045716415364535,-0.0001634992662512373,resilience,6.3663732849235455
-8.908755340186907,1.0396190505416463,0.03783181623079615,0.004913084089516476,0.007500690478703416,layered resilience,3.6354737906062864
-8.82308479959367,0.9993011491889134,0.033514635031240886,0.004377942466608206,0.007065380997442675,resilience the,3.7301485034834934
-8.795277988706722,0.986210919076387,0.03215153183617929,0.0042090341803542285,0.006928511658626027,the only,3.7608796204660413
-8.758008623433497,0.9686632975898872,0.030352730640280656,0.003986178145730315,0.006748314222181626,true,3.802069689541356
-8.758008623433497,0.9686632975898872,0.030352730640280656,0.003986178145730315,0.006748314222181626,only true,3.802069689541356
-8.717576828893145,0.9496231737455976,0.028436767326681045,0.0037488585506096003,0.006556904366410592,safeguard,3.8467564507706973
-8.717576828893145,0.9496231737455976,0.028436767326681045,0.0037488585506096003,0.006556904366410592,true safeguard,3.8467564507706973
-8.625194942290312,0.906105796601643,0.024191560266480408,0.00322321797224155,0.006134715195925233,safeguard for,3.9488662263398218
-8.583014263157283,0.8862305695907549,0.02231186176483739,0.002990556975718867,0.005948618247872232,SMEs,3.9954910802201624
-8.583014263157283,0.8862305695907549,0.02231186176483739,0.002990556975718867,0.005948618247872232,for smes,3.9954910802201624
-8.525110726681396,0.8589415044672255,0.019788518594401464,0.002678307844301186,0.005699605412606045,Real,4.059497754754785
-8.525110726681396,0.8589415044672255,0.019788518594401464,0.002678307844301186,0.005699605412606045,smes real,4.059497754754785
-8.908755340186907,1.0396190505416463,0.03783181623079615,0.004913084089516476,0.007500690478703416,real resilience,3.6354737906062864
-8.285964424807414,0.7461772232968824,0.010010871849807298,0.0014692311844065713,0.004743385377482362,doesn,4.323876671066961
-8.285964424807414,0.7461772232968824,0.010010871849807298,0.0014692311844065713,0.004743385377482362,resilience doesn,4.323876671066961
-8.118960986054253,0.667382847332751,0.003734471601218037,0.0006938111355531962,0.00413677679996567,come,4.508522237633047
-8.118960986054253,0.667382847332751,0.003734471601218037,0.0006938111355531962,0.00413677679996567,doesn come,4.508522237633047
-7.98854986158198,0.6058304853812111,-0.000887437212738651,0.00012314087719860617,0.003693640910988753,come from,4.652720161715095
-3.0277787739737523,-1.7405592831462053,-0.09170291875017533,-0.011037258499895624,-0.0044065273920204364,last,10.140225931541341
-7.829083933714435,0.5305412296113183,-0.006237411153170121,-0.0005370637398305145,0.0031844552724164775,from les+t,4.829055102262284
-7.627603654721491,0.43538390113362935,-0.012567862660660359,-0.0013177705208420164,0.0025871293865743304,minute,5.051863244380658
-7.627603654721491,0.43538390113362935,-0.012567862660660359,-0.0013177705208420164,0.0025871293865743304,les+t minute,5.051863244380658
-7.227468340110483,0.24631950879148423,-0.023913428443457965,-0.002715664748564846,0.0015305498648160512,panic,5.494393571369673
-7.227468340110483,0.24631950879148423,-0.023913428443457965,-0.002715664748564846,0.0015305498648160512,minute panic,5.494393571369673
-6.6641463357447,-0.019988693815967906,-0.03763791766871212,-0.004404505866058367,0.00027627588132775327,panic once,6.117463876386458
-8.82308479959367,0.9993011491889134,0.033514635031240886,0.004377942466608206,0.007065380997442675,once the,3.7301485034834934
15.373961958141182,-10.450207176467238,-0.16333047725307326,-0.012773440079725727,-0.02270079094066551,storm has,30.498877761546012
-6.781585203013333,0.03554057516761322,-0.034963935480850465,-0.004075644605969792,0.0005186036344663669,has hit,5.987564083629794
-5.19233891870117,-0.7162023740391654,-0.06492956888090974,-0.007756301474859112,-0.002140000000214679,comes,7.745574936939065
-7.421325985953185,0.33792984607962184,-0.018605162127230353,-0.0020618357555455703,0.0020226678636915824,hit comes,5.27999071784519
-7.98854986158198,0.6058304853812111,-0.000887437212738651,0.00012314087719860617,0.003693640910988753,comes from,4.652720161715095
-7.897035202069215,0.5626262554438695,-0.003996412510400185,-0.000260563771099339,0.0033972540139853326,layering,4.753914316768245
-7.897035202069215,0.5626262554438695,-0.003996412510400185,-0.000260563771099339,0.0033972540139853326,from layering,4.753914316768245
-8.103642582437992,0.6588129313870328,0.014710933523980993,0.004642847541043507,0.018005220057095934,defences,4.526078465877816
-8.103642582437992,0.6588129313870328,0.014710933523980993,0.004642847541043507,0.018005220057095934,layering defences,4.526078465877816
-8.206003145104761,0.7006755342736395,0.04034053048821516,0.012905162683123908,0.045599768222396336,defences through,4.415742756388689
-8.236103726270652,0.7008728900834391,0.0652128015187693,0.02185615283200386,0.07688501594977953,education,4.388548959923132
-8.236103726270652,0.7008728900834391,0.0652128015187693,0.02185615283200386,0.07688501594977953,through education,4.388548959923132
-8.013914355021804,0.5068678442689256,0.11672717603806222,0.0457621770074104,0.16737314624157787,prevention,4.672611703593572
-8.013914355021804,0.5068678442689256,0.11672717603806222,0.0457621770074104,0.16737314624157787,education prevention,4.672611703593572
-8.470279904594491,0.8040976051035242,0.08238238585032341,0.02597159413756891,0.08832022257182881,cure,4.132773957771895
-8.470279904594491,0.8040976051035242,0.08238238585032341,0.02597159413756891,0.08832022257182881,prevention cure,4.132773957771895
-8.55592354215676,0.8522199713130723,0.07655271649730234,0.022781993103989692,0.07565499794269798,cure and,4.034744777264942
-8.636703873476865,0.8958042555684289,0.07190711614244889,0.020130639066103927,0.06501199822100434,and most,3.943058091532353
-8.692534445268128,0.9250820597057137,0.06925175501602131,0.01851496115302327,0.05843143912128824,importantly,3.8800534291079716
-8.692534445268128,0.9250820597057137,0.06925175501602131,0.01851496115302327,0.05843143912128824,most importantly,3.8800534291079716
-8.81553671707739,0.9877216186177722,0.06508662930155397,0.01557572226441963,0.04611099137654512,recovery,3.742049366352037
-8.81553671707739,0.9877216186177722,0.06508662930155397,0.01557572226441963,0.04611099137654512,importantly recovery,3.742049366352037
-8.88426389677008,1.0218833216633987,0.06375519938841441,0.014283716140937786,0.040437071202755026,Generative,3.665302241395983
-8.978660129302071,1.0681179717001674,0.06302371348032602,0.012877216239683123,0.03389258431404344,transforming,3.56018827846068
-8.978660129302071,1.0681179717001674,0.06302371348032602,0.012877216239683123,0.03389258431404344,generativ+e transforming,3.56018827846068
-9.03764852621774,1.0967053243723588,0.0631715920115077,0.012194181499213525,0.030457776684307325,transforming the,3.494634920839217
-9.054049183072745,1.1046200080144708,0.06329111432743169,0.012028975232893988,0.029584368256552245,cyber,3.476423610928688
-9.054049183072745,1.1046200080144708,0.06329111432743169,0.012028975232893988,0.029584368256552245,the cyber,3.476423610928688
-9.077336266263178,1.1158358104563233,0.0635176263684908,0.011812009088483668,0.028401957514452333,threat,3.4505752827135816
-9.077336266263178,1.1158358104563233,0.0635176263684908,0.011812009088483668,0.028401957514452333,cyber threat,3.4505752827135816
-9.102716301379353,1.1280322749792824,0.06383887762798009,0.011598354851807888,0.02718769582090641,landscape,3.422415776833884
-9.102716301379353,1.1280322749792824,0.06383887762798009,0.011598354851807888,0.02718769582090641,threat landscape,3.422415776833884
-1.340912245997833,-2.538842068355997,-0.10311378813575212,-0.011721322261533077,-0.0017815839888985253,making,12.006425362908288
-9.139227044006544,1.145532389966408,0.06443355156939647,0.011331075520529628,0.025570761303093673,landscape making,3.381926411103497
-9.160596658337315,1.1557526826569193,0.06485234538033709,0.011195726238004017,0.024692236537874397,phishing,3.3582379753675236
-9.160596658337315,1.1557526826569193,0.06485234538033709,0.011195726238004017,0.024692236537874397,making phishing,3.3582379753675236
-7.05680312162976,0.1616863278656857,-0.12905116002101438,-0.02054889379993973,-0.0741085975465855,emails,5.684664669744945
-9.186223963769148,1.167989394064838,0.0654217747429446,0.011053156444572458,0.02370175924223386,phishing emails,3.3298385769780365
-9.106197841162409,1.1297032503209268,0.06388889899872414,0.01157085658421868,0.02702700839480441,emails and,3.4185538745941604
-9.215072329015163,1.1817402784467852,0.06614857365229639,0.010917547461700506,0.02266573453609276,deepfakes,3.297880186573678
-9.215072329015163,1.1817402784467852,0.06614857365229639,0.010917547461700506,0.02266573453609276,and deepfakes,3.297880186573678
-9.23924238502706,1.1932433391526613,0.06682596947522197,0.01082350512681766,0.02185937455304524,deepfakes more,3.2711123222920437
-9.250672775535573,1.1986780148484435,0.06716769038019114,0.010785069956074386,0.02149693501592769,convincing,3.25845572559672
-9.250672775535573,1.1986780148484435,0.06716769038019114,0.010785069956074386,0.02149693501592769,more convincing,3.25845572559672
-9.106197841162409,1.1297032503209268,0.06388889899872414,0.01157085658421868,0.02702700839480441,convincing and,3.4185538745941604
-9.282649318086644,1.2138646521532257,0.06819530412425244,0.0106975430529697,0.02054516501088645,scalable,3.223056324446893
-9.282649318086644,1.2138646521532257,0.06819530412425244,0.0106975430529697,0.02054516501088645,and scalable,3.223056324446893
-9.300347265066332,1.2222598750669371,0.06880876312364322,0.010661434695108772,0.020056489557152734,scalable than,3.203468394181757
-9.309747476559988,1.2267162133184575,0.06914737544080714,0.010645740851135557,0.019807625874909123,than ever,3.1930655453106334
-9.318859623148285,1.2310342216148629,0.06948400225658598,0.01063280097669477,0.019573335907450216,ever before,3.1829822697878654
-8.064533973406572,0.6413026553863073,0.006504948136730693,0.002092082482410291,0.0096231316061557,past,4.568889044773129
-8.064533973406572,0.6413026553863073,0.006504948136730693,0.002092082482410291,0.0096231316061557,the past,4.568889044773129
-9.354299562174255,1.2478125000746043,0.07087087709811173,0.010603282715459674,0.018725321069582163,past these,3.143772310961525
-9.363669632625248,1.2522445490371668,0.07125797033919735,0.010600892034212097,0.018517452930281668,attacks,3.1334072536825825
-9.363669632625248,1.2522445490371668,0.07125797033919735,0.010600892034212097,0.018517452930281668,these attacks,3.1334072536825825
-2.148327693558084,-2.156822264765916,-0.1015193285034804,-0.011202962167940415,0.004399978497284981,were,11.113197229512078
-9.375696149184233,1.2579307524905854,0.07176717566259373,0.010601066863755825,0.01826037548181152,attacks wer+e,3.1201047106550654
-9.382957010045397,1.261362478914447,0.07208129752170132,0.010602917726283986,0.01811038119857914,easy,3.1120740196560144
-9.382957010045397,1.261362478914447,0.07208129752170132,0.010602917726283986,0.01811038119857914,wer+e easy,3.1120740196560144
-9.394189998153696,1.2666697557625175,0.07257713931139766,0.010608339616449807,0.017885943436510385,easy spot,3.0996508631322253
-9.402320889356355,1.2705100320070075,0.07294349938714127,0.010614183522196919,0.017729177381277928,spot full,3.090659078514753
-9.412793909849839,1.2754548820939964,0.0734245621494183,0.010624059135621986,0.017534190390832025,car…,3.079077907087508
-9.412793909849839,1.2754548820939964,0.0734245621494183,0.010624059135621986,0.017534190390832025,full car…,3.079077907087508
-9.42038737177678,1.2790390176929018,0.07377978597164349,0.01063285670492072,0.017397634012965155,+5386,3.070681482444268
-9.42038737177678,1.2790390176929018,0.07377978597164349,0.01063285670492072,0.017397634012965155,car… +5386,3.070681482444268
-9.427768639204677,1.2825221040084385,0.0741302419873562,0.010642715118141117,0.01726872634685905,+5386 chars,3.062520088329554
-6.623654297432319,-0.10177430117219854,0.1826250738630848,0.4245001243189917,-0.16827505544897692,cause major,6.189451548148196
-6.702599208262336,-0.03222960859850543,0.12337057863318972,0.30018513384508505,-0.11837744479459061,major da+mög+e,6.088240587135381
-4.279517727921809,-1.1507958401391374,-0.01635733545521041,0.10438659948310837,-0.04714119145107986,da+mög+e jamaica,8.756656919009199
-7.60674442728651,0.42522732484629433,-0.0013383924553324322,0.02026406644355372,-0.005798131779160505,atlantic and,5.075083371981489
-6.267826952261621,-0.21301260193518745,0.02832643567146015,0.13271083447034834,-0.05389029931312468,CBS,6.558383736880083
-0.17885919919282323,-3.0886415580633457,-0.08521023342655773,0.03959759059848864,-0.026776419569953927,News,13.29200269108868
-8.598358419472756,0.8880035752937769,0.08110556052516947,0.110014392686042,-0.03523385088370325,cbs new+s,3.9809731931467947
-8.661645921893438,0.918793175486105,0.07704391705601939,0.09745976847654068,-0.029947342322468505,Jason,3.9105904025920624
-8.661645921893438,0.918793175486105,0.07704391705601939,0.09745976847654068,-0.029947342322468505,new+s ja+son,3.9105904025920624
-8.717380813397176,0.9457518796041782,0.07407992640851553,0.08746124763697452,-0.02569521335377761,Allen,3.8486750454339234
-8.717380813397176,0.9457518796041782,0.07407992640851553,0.08746124763697452,-0.02569521335377761,ja+son allen,3.8486750454339234
-8.767072828361261,0.9696839976495419,0.07189477252793162,0.07932130322901698,-0.022197748566824008,allen has,3.7935178564105296
-8.797395087845482,0.9842457473843718,0.07076374630491238,0.0746913919845851,-0.020190737047116623,has more,3.759878948650717
-8.83259100800708,1.0011127228891337,0.06963595790988951,0.06962118802577896,-0.01797523349471582,more from,3.720848729050262
-8.86515243542577,1.0166865683081063,0.06876394149904642,0.06520839510040159,-0.0160294827144468,from kingston,3.6847534163795137
-8.923631337835982,1.0445911867678301,0.06759468921378474,0.05791604767700091,-0.012770344512195119,kingston while,3.619956495621371
-8.550929369644258,0.8647818212779785,0.08466161233844911,0.12032325536571549,-0.03954098482573128,while cbs,4.033783578387521
-8.598358419472756,0.8880035752937769,0.08110556052516947,0.110014392686042,-0.03523385088370325,cbs news,3.9809731931467947
-8.998201226543058,1.080069671604135,0.06680570325927855,0.04971069171551476,-0.009017946397339471,Philadelphia,3.5373760738887983
-8.998201226543058,1.080069671604135,0.06680570325927855,0.04971069171551476,-0.009017946397339471,news philadelphia,3.5373760738887983
-9.053080391397629,1.1061166483261549,0.06669997658900763,0.044390906083950826,-0.006519070566555825,meteorologist,3.4766295216554557
-9.053080391397629,1.1061166483261549,0.06669997658900763,0.044390906083950826,-0.006519070566555825,philadelphia meteorologist,3.4766295216554557
-9.104428853600876,1.1304461574429199,0.06694739797574838,0.03992216708123546,-0.004364904791923332,Grant,3.4198096492164307
-9.104428853600876,1.1304461574429199,0.06694739797574838,0.03992216708123546,-0.004364904791923332,meteorologist grant,3.4198096492164307
-9.124403344231453,1.1399004218419777,0.06713108555689272,0.03830944176318289,-0.0035719762363407713,Gilmore,3.3977111798130224
-9.124403344231453,1.1399004218419777,0.06713108555689272,0.03830944176318289,-0.0035719762363407713,grant gilmore,3.3977111798130224
-8.767072828361261,0.9696839976495419,0.07189477252793162,0.07932130322901698,-0.022197748566824008,gilmore has,3.7935178564105296
-7.619380421839834,0.4312702566271325,-0.003103137307373882,0.016383014386642268,-0.004251139335466364,has the,5.06107360579896
-7.560128965747438,0.40331700966133033,-0.005771359510396701,0.014528963238036529,-0.0037884254598514635,recent,5.126582538419638
-9.18655024842809,1.169283321285946,0.0680054888160553,0.0337160877746624,-0.001255644679918148,most recent,3.3289702914658506
-9.204988274537877,1.1779919548271678,0.06835100523443892,0.03247154439127229,-0.000610093455417916,recent forecast,3.3085798668866717
-8.388644376577165,0.7942441791505204,0.02377517390670983,0.019616614786088893,-0.0016378991969679853,Copyright,4.210530349870078
-9.2526068449167,1.200465763441779,0.06942043306093597,0.0294941068330275,0.0009745867256239216,©2025,3.255926735458836
-9.2526068449167,1.200465763441779,0.06942043306093597,0.0294941068330275,0.0009745867256239216,copyright ©2025,3.255926735458836
-9.265617342435887,1.206601946015726,0.06975629902603177,0.02873798545070956,0.0013876972622216665,©2025 cbs,3.241542551027482
-9.274001183057258,1.2105551222404414,0.06998252044186003,0.028263414001498247,0.0016495473673047,Interactive,3.232273932293082
-9.274001183057258,1.2105551222404414,0.06998252044186003,0.028263414001498247,0.0016495473673047,cbs interactive,3.232273932293082
-9.29787126885024,1.221806542419797,0.07066827417404518,0.02696556124763024,0.0023768268804685785,Inc,3.2058864861245073
-9.29787126885024,1.221806542419797,0.07066827417404518,0.02696556124763024,0.0023768268804685785,interactive inc,3.2058864861245073
-8.143810313114491,0.678906304429868,0.011507199215326072,0.013312003794998634,-0.0005801477297911577,All,4.481146602012091
-9.314621228360561,1.2296984483695077,0.07118596173383072,0.02610099039979992,0.0028714579766463758,rights,3.1873715702171923
-9.314621228360561,1.2296984483695077,0.07118596173383072,0.02610099039979992,0.0028714579766463758,all rights,3.1873715702171923
-9.327029961868918,1.235543186343567,0.07158869230976876,0.02548449024048529,0.003229771555186856,reserved,3.1736561067727065
-9.327029961868918,1.235543186343567,0.07158869230976876,0.02548449024048529,0.003229771555186856,rights reserved,3.1736561067727065
-6.887567039519165,0.08564821796698885,-0.03247084158169641,-0.0037689521766836034,0.0007454307455921419,160,5.870338987814699
-6.887567039519165,0.08564821796698885,-0.03247084158169641,-0.0037689521766836034,0.0007454307455921419,with 160,5.870338987814699
5.60168681882851,-5.8246984225114735,-0.1367748615304551,-0.003914178898718922,-0.0017537203197550803,mph,19.68725761669568
-7.227468340110483,0.24631950879148423,-0.023913428443457965,-0.002715664748564846,0.0015305498648160512,160 mph,5.494393571369673
-6.421836545779468,-0.1345755591858957,-0.04288124989034593,-0.005049113134670144,-0.00019601905614246608,mph wind+s,6.385490704665164
-7.792692876914949,0.513356522565116,-0.007414859754855452,-0.0006823134309226269,0.0030729301256002487,Latest,4.869297244975625
-8.016648977654057,0.6190944460946379,8.891676677143245e-05,0.00024366779758570878,0.0037869999399613545,latest forecast,4.621649766577901
-8.228270571769649,0.7189605066759761,0.007794745770927924,0.0011953770227270937,0.004528559151204295,map,4.3876634642011485
-8.228270571769649,0.7189605066759761,0.007794745770927924,0.0011953770227270937,0.004528559151204295,forecast map,4.3876634642011485
-8.321671085888585,0.763019364850845,0.01140891427113877,0.0016420270842273932,0.004879268800736462,track,4.284400111812989
-8.321671085888585,0.763019364850845,0.01140891427113877,0.0016420270842273932,0.004879268800736462,map track,4.284400111812989
-8.773272027494844,0.9758501866407363,0.031085568432056856,0.004076964761885956,0.006821669623294531,expected make,3.785200416822074
3.0073825698332595,-4.596591857755609,-0.11826304159662482,0.013575942795641978,-0.009296150081044173,land+fall jamaica,16.816992210465948
-8.816289194156663,0.9961022460452744,0.03317982737800172,0.00433645241400462,0.007031737434696516,morning and,3.737658693210592
-7.9677088616410146,0.5941037339701345,0.04575633511912912,-0.05874231720777808,-0.008564345308330307,move,4.6766378387738055
-8.82308479959367,0.9993011491889134,0.033514635031240886,0.004377942466608206,0.007065380997442675,and move,3.7301485034834934
-7.944677535695701,0.5833979715911926,0.04259524539691027,-0.05587627966521245,-0.008022623170786645,move across,4.702030353207687
-8.734157631567447,0.957431832469307,0.029218097017950972,0.0038456310221995967,0.006634896078761119,southeastern,3.8284305211422858
-8.734157631567447,0.957431832469307,0.029218097017950972,0.0038456310221995967,0.006634896078761119,across southeastern,3.8284305211422858
-8.61496398609183,0.9012853561910388,0.023732349381636833,0.0031663741463134713,0.0060892041602225305,southeastern cuba,3.960174981039146
-8.94086051208764,1.0547232926763213,0.03949727182567041,0.00511960131293834,0.00766936471380732,cuba tuesday,3.5999965029120062
1.7669518058189926,-4.009938840307608,-0.12475726534083513,-0.015083066982306461,-0.007046347760831651,tuesday night,15.444820837957257
-7.714391215210024,0.4763768730200315,-0.009896571595698948,-0.00098839641601266,0.002838503280814409,now catastrophic,4.955886901105037
-6.887567039519165,0.08564821796698885,-0.03247084158169641,-0.0037689521766836034,0.0007454307455921419,catastrophic category,5.870338987814699
-6.781585203013333,0.03554057516761322,-0.034963935480850465,-0.004075644605969792,0.0005186036344663669,storm churning,5.987564083629794
-7.477694758167973,0.3645635756958825,-0.01699703739831899,-0.0018636889673117009,0.0021725254360989016,churning toward,5.217649846099678
-8.164879785188976,0.6890513719522318,0.005418620261939705,0.0009018266002088771,0.00429899911269266,with potentially,4.457751054588845
-8.387364309810454,0.7940008389883226,0.014035910757773606,0.0019667936269970147,0.005135357330599917,potentially devastating,4.211773155962554
-8.54902083455344,0.8702107074487773,0.020822637280872164,0.00280626307162659,0.005801544376907095,impacts,4.033067150925621
-8.54902083455344,0.8702107074487773,0.020822637280872164,0.00280626307162659,0.005801544376907095,devastating impacts,4.033067150925621
-8.63522783684793,0.910832720596862,0.02464395370342605,0.003279220856767618,0.00617958064277333,impacts expected,3.937776486839166
-8.717576828893145,0.9496231737455976,0.028436767326681045,0.0037488585506096003,0.006556904366410592,expected across,3.8467564507706973
-6.572892345933624,-0.06314003894768883,-0.039654481435440474,-0.004652457583403466,9.418176519870175e-05,said monday,6.218401924249738
-9.079111962509177,1.119731072480329,0.04698756082291525,0.00604891164570279,0.008433127048466677,Hurr…,3.44723926991436
-9.103732468924045,1.1313016843124895,0.04837881037449908,0.00622161493041125,0.008575924748125206,+1906,3.4200383062972985
-9.103732468924045,1.1313016843124895,0.04837881037449908,0.00622161493041125,0.008575924748125206,hurr… +1906,3.4200383062972985
-9.123598382714555,1.140636341011805,0.04951471239075146,0.0063626422533544155,0.00869273254688157,+1906 chars,3.3980909258727623
-6.983866526815129,0.1311742241937952,-0.030136246132165687,-0.0034816889272804566,0.000958617645081406,Slow-moving,5.763825201775101
0.9302208159929481,-3.6139114918092954,-0.12056967274159064,-0.014570379396980939,-0.0067229898440958604,slow-moving storm,14.519111439905497
-5.228402281552398,-0.6991387709240069,-0.06437199575977343,-0.007687904166268751,-0.002091684873637308,dumps,7.705679585459637
-6.21661624512824,-0.23163601321239113,-0.04705703875758524,-0.005562248629623658,-0.0005694221387969002,storm dumps,6.612497703330628
0.24995886218387042,-3.2927081989632816,-0.12704106038865937,0.0012911705834320383,0.03069137385772721,much,13.766816988574806
-7.227468340110483,0.24631950879148423,-0.023913428443457965,-0.002715664748564846,0.0015305498648160512,dumps much,5.494393571369673
-7.53064715574482,0.3895812328700097,-0.015458353418504829,-0.0016740671633689403,0.0023162484052994085,much rain,5.1590881566106
-7.928828663498409,0.577636927704793,-0.0029283788904383157,-0.00012876347327563445,0.0034989193181899185,rain hurricane,4.718757645723907
-8.248090955308372,0.7283111444103216,0.008550221010689682,0.0012887259963630503,0.004601714604015509,hurricane part+s,4.365749663832237
-2.656316250766036,-1.9163704231186305,-0.09527683518216738,-0.011474814215240332,-0.004700882976730457,Central,10.551185216092682
-8.402718318658332,0.8012409950401549,0.01466043339885377,0.002044015440426837,0.00519638348426223,part+s central,4.194798990688499
-5.553460785708948,-0.545342872684472,-0.0591300209828602,-0.00704471708205881,-0.0016352917600131345,central florida,7.346084955515373
-7.152784890969882,0.21102129552302795,-0.025871743137001267,-0.0029567839476811247,0.0013499850397721575,Intense,5.576994531384356
-8.604528282979166,0.8963682398365937,0.023266130058176918,0.0031086658706797124,0.006043029971904116,florida intense,3.971710144835312
-3.4720816213812125,-1.5302779338300931,-0.08709932097774592,-0.010473519479737903,-0.004024435793263573,rains,9.64868403941721
-7.296710314753467,0.2790432714199538,-0.02205567658292673,-0.0024868827519326647,0.0017023335702868536,intense rains,5.417812156168164
-7.391740785349638,0.3239503209945567,-0.019437189593750584,-0.0021643418593124053,0.0019452740419399553,rains that,5.312710740819958
-7.463937103662682,0.35806339515055496,-0.017392327525757145,-0.001912398144155586,0.0021356559274313784,stalled,5.232864997351666
-7.463937103662682,0.35806339515055496,-0.017392327525757145,-0.001912398144155586,0.0021356559274313784,that stalled,5.232864997351666
-7.56832361047148,0.4073805368932315,-0.014346566184805051,-0.0015370354659866537,0.0024203013849388045,stalled over,5.117421127743895
-6.781585203013333,0.03554057516761322,-0.034963935480850465,-0.004075644605969792,0.0005186036344663669,over central,5.987564083629794
-7.792692876914949,0.513356522565116,-0.007414859754855452,-0.0006823134309226269,0.0030729301256002487,florida unleashed,4.869297244975625
-6.826020672775424,0.056549948267148764,-0.033928122497612484,-0.003948231375276232,0.0006127396322213909,nearly,5.938414361472251
-7.880613348996032,0.5548726203348036,-0.004543149176803124,-0.0003280276891749652,0.003345272535297506,unleashed nearly,4.7720734926403106
-7.959303585747497,0.5920241621678879,-0.0018926522020665387,-9.353542903718648e-07,0.0035976624220494906,nearly inches,4.685059407645327
-8.016648977654057,0.6190944460946379,8.891676677143245e-05,0.00024366779758570878,0.0037869999399613545,508,4.621649766577901
-8.016648977654057,0.6190944460946379,8.891676677143245e-05,0.00024366779758570878,0.0037869999399613545,inches 508,4.621649766577901
-8.043675002526344,0.6318510828620825,0.001037930987456026,0.00036083211800063547,0.003877873512603769,millimeters,4.591766287283786
-8.043675002526344,0.6318510828620825,0.001037930987456026,0.00036083211800063547,0.003877873512603769,508 millimeter+s,4.591766287283786
-5.184502096701736,-0.7199104351096679,-0.06505012764660442,-0.007771089966591029,-0.0021504408860048415,millimeter+s rain,7.754244486843062
-8.202603282450253,0.706850732574063,0.006825356286991768,0.0010756076651193686,0.004434808525763901,rain hour+s,4.416042054722448
-8.238257608359653,0.7236721422636478,0.008174653807841922,0.0012423187062396632,0.004565336892349397,triggering,4.376621574154189
-8.238257608359653,0.7236721422636478,0.008174653807841922,0.0012423187062396632,0.004565336892349397,hour+s triggering,4.376621574154189
-8.290541854093231,0.7483364064842783,0.010188946725122383,0.001491239454303607,0.004760677941870475,triggering dangerou+s,4.318815913936082
-8.33454442335399,0.769091031283822,0.011918039702348546,0.0017049609728771661,0.00492882288096743,dangerou+s flash,4.270167808596468
-1.7847057279863314,-2.3289076714470305,-0.10281159188653936,-0.012397085568584577,-0.005314764159533357,floods,11.515477556283313
-5.933442188612343,-0.36558163317367676,-0.052460155418882576,-0.006225907960021811,-0.0010489656474872051,flash floods,6.925741924351393
-6.318308198290727,-0.18353868978281707,-0.045016667857721834,-0.005311545865435845,-0.00038727335419782,floods that,6.500009239124451
-9.279014170951903,1.2136133978028956,0.0588375504080277,0.007520857287064997,0.00965892204961786,that ...,3.226413641944777
-8.604528282979166,0.8963682398365937,0.023266130058176918,0.0031086658706797124,0.006043029971904116,... intense,3.971710144835312
-9.493031568591707,1.3139340986344548,0.07310884835141947,0.009296447541145387,0.011164301710972564,stranded,2.990080050997629
-9.493031568591707,1.3139340986344548,0.07310884835141947,0.009296447541145387,0.011164301710972564,that stranded,2.990080050997629
-8.26263525622328,0.735172364187765,0.009108474921035267,0.0013577107397658248,0.004655824606322861,cars,4.349669350150144
-9.501285923972386,1.3177985719634173,0.07369680803614999,0.009369668352082956,0.011227017076075714,stranded cars,2.9809670984825436
-9.495814481056488,1.3152370290486068,0.0733067412729599,0.009321091271660508,0.011185403965572025,cars and,2.987007647743106
-9.509265893984054,1.321534212118318,0.07426808311577561,0.00944081662552154,0.011288006083435088,inundated,2.9721572373370804
-9.509265893984054,1.321534212118318,0.07426808311577561,0.00944081662552154,0.011288006083435088,and inundated,2.9721572373370804
-7.855134338243429,0.5428421256346749,-0.005384893287562413,-0.0004318858790776708,0.0032653249273978946,roadways,4.800248235998605
-9.517828879517921,1.3255423647893132,0.07488424948128962,0.009517561607530483,0.011353846650222363,inundated roadways,2.962703911626331
-9.526090476505413,1.3294090339173288,0.07548185025055028,0.009591999972901855,0.011417761945975588,roadways leaving,2.953583492848206
-7.428263263680741,0.3412077537843423,-0.01840887980754037,-0.00203765240390305,0.0020409397324150542,+2337,5.272318407581292
-9.534850829787217,1.3335086903761735,0.07611890691683999,0.009671359311536792,0.011485960761676815,leaving +2337,2.943912667288114
-7.575799367457568,0.4109121556034858,-0.014124254734865026,-0.0015096328684802967,0.0024411283116064914,+2337 char+s,5.109153614863212
-9.071768565462266,1.1162795933996734,0.04657608691488756,0.005997838774211547,0.008390949875506154,melissa category,3.4553524959667055
-9.028637299042119,1.096003919753724,0.0441909257140717,0.005701838517383553,0.008146970817022805,category with,3.5030068904525873
-0.833569260353455,-2.7790915115492973,-0.10988930285717236,-0.013263251359428008,-0.005882797973739294,175,12.567757229760915
-9.007329525470354,1.0859851607439233,0.043032137161240186,0.0055580628195008135,0.008028748793163442,with 175,3.5265501398509116
-8.98942063884097,1.0775634749586653,0.042067947875181824,0.005438447170218439,0.007930534699588838,MPH,3.5463383844404417
-0.8791519886692623,-2.75751663217802,-0.10957386863824282,-0.013224650078619202,-0.005857666396917461,175 mph,12.517327197140961
-8.970680012606138,1.0687496509019228,0.041068363385155876,0.005314455104787452,0.007828863050288836,Winds,3.5670461021166773
-8.930426987977121,1.0498150319199488,0.0389531022088644,0.0050521195188340424,0.0076142065600073045,wind+s what,3.6115257578327733
-7.977264813168302,0.6005032416030593,-0.0012766305270098949,7.510014244773572e-05,0.0036564636453554275,what next,4.665198625850365
-8.682635079537773,0.9331655838726289,0.026809835596675297,0.0035473814762933785,0.006394792940347737,melissa dangerous,3.885376673775027
-8.583014263157283,0.8862305695907549,0.02231186176483739,0.002990556975718867,0.005948618247872232,dangerous category,3.9954910802201624
-5.808946332710084,-0.4244752391054267,-0.05471473733775661,-0.006502739942697711,-0.0012478585985687424,with wind+s,7.06346040855063
-1.7172500792168321,-2.3608350716061093,-0.10335005513825117,-0.012462986173788307,-0.005358278288279984,wind+s 175,11.590106263210497
-7.152784890969882,0.21102129552302795,-0.025871743137001267,-0.0029567839476811247,0.0013499850397721575,what expect,5.576994531384356
-2.0124774776224807,-2.2211014064355465,-0.10094841839920421,-0.012169050971905702,-0.005163826674472868,expect the,11.263485355875627
-6.21661624512824,-0.23163601321239113,-0.04705703875758524,-0.005562248629623658,-0.0005694221387969002,storm approaches,6.612497703330628
-5.8418044858163976,-0.40893118706591647,-0.05412649707006305,-0.006430517414205117,-0.001196034455836507,melissa strong,7.027112277806996
-5.428310594473087,-0.6045538592998052,-0.06119566521215267,-0.007298204335352889,-0.0018156030134972006,strong category,7.484531019994079
-8.63522783684793,0.910832720596862,0.02464395370342605,0.003279220856767618,0.00617958064277333,category oct,3.937776486839166
-8.46038609530353,0.8284308589064298,0.017042894792876018,0.0023386556387175756,0.005429704198076386,lingered,4.1310475776448605
5.406793923167966,-5.7328503890594975,-0.14371816509153515,-0.016231663591111636,0.004751340066415312,near,19.47179367918356
-8.321671085888585,0.763019364850845,0.01140891427113877,0.0016420270842273932,0.004879268800736462,lingered near,4.284400111812989
-8.228270571769649,0.7189605066759761,0.007794745770927924,0.0011953770227270937,0.004528559151204295,near jamaica,4.3876634642011485
-7.792692876914949,0.513356522565116,-0.007414859754855452,-0.0006823134309226269,0.0030729301256002487,has since,4.869297244975625
-7.53064715574482,0.3895812328700097,-0.015458353418504829,-0.0016740671633689403,0.0023162484052994085,since become,5.1590881566106
-7.071893619035383,0.1727859371464664,-0.027941683548418333,-0.0032115949693514046,0.0011597053269602631,noaa and,5.6664628553489305
-7.361150124567889,0.30949514626783303,-0.02028899180398043,-0.0022692750398402815,0.0018661403434058485,and tropical,5.346543014426315
-7.792692876914949,0.513356522565116,-0.007414859754855452,-0.0006823134309226269,0.0030729301256002487,Tidbits,4.869297244975625
-7.792692876914949,0.513356522565116,-0.007414859754855452,-0.0006823134309226269,0.0030729301256002487,tropical tidbit+s,4.869297244975625
-8.043675002526344,0.6318510828620825,0.001037930987456026,0.00036083211800063547,0.003877873512603769,website,4.591766287283786
-8.043675002526344,0.6318510828620825,0.001037930987456026,0.00036083211800063547,0.003877873512603769,tidbit+s website,4.591766287283786
-8.248090955308372,0.7283111444103216,0.008550221010689682,0.0012887259963630503,0.004601714604015509,Update,4.365749663832237
-8.248090955308372,0.7283111444103216,0.008550221010689682,0.0012887259963630503,0.004601714604015509,website update,4.365749663832237
-8.387364309810454,0.7940008389883226,0.014035910757773606,0.0019667936269970147,0.005135357330599917,update oct,4.211773155962554
-2.370707601865359,-2.051549203258735,-0.09787015500381936,-0.01179227121271638,-0.004913206977448472,This,10.867163054336237
-8.57192088154152,0.8810028954408258,0.021823389068044666,0.0029301042092751504,0.005900341828097674,article,4.007753513760533
-8.57192088154152,0.8810028954408258,0.021823389068044666,0.0029301042092751504,0.005900341828097674,this article,4.007753513760533
-8.691604165820143,0.9373902748523486,0.027224937632711194,0.0035987835235823315,0.006436117831369943,origin…,3.8754632622768623
-8.691604165820143,0.9373902748523486,0.027224937632711194,0.0035987835235823315,0.006436117831369943,article origin…,3.8754632622768623
-8.765701741502747,0.9722857263659106,0.030721436223639875,0.004031853758607502,0.006785210914718535,+5430,3.7935671460019136
-8.765701741502747,0.9722857263659106,0.030721436223639875,0.004031853758607502,0.006785210914718535,origin… +5430,3.7935671460019136
-8.809391287819267,0.9928550732078512,0.03284109765842695,0.004294478002285922,0.006997716657085328,+5430 char+s,3.74528199188313
-8.99847513053162,1.0818214851409966,0.042554324870978905,0.005498784519739595,0.007980060431824322,tested,3.536333661498305
-8.965857190526833,1.066481285451,0.04081265901880604,0.0052827390050547325,0.007802878502701378,tested the,3.5723752203454993
-8.945981539551854,1.0571322760139357,0.03976540669039373,0.00515285399919866,0.007696559738992586,the googel+e,3.5943377133776657
-7.714391215210024,0.4763768730200315,-0.009896571595698948,-0.00098839641601266,0.002838503280814409,Pixel,4.955886901105037
-7.714391215210024,0.4763768730200315,-0.009896571595698948,-0.00098839641601266,0.002838503280814409,googel+e pixel,4.955886901105037
-7.616079586278553,0.4299402320737742,-0.012916506641256272,-0.0013607519335582683,0.0025543946807933884,Pro,5.06460763737373
-7.616079586278553,0.4299402320737742,-0.012916506641256272,-0.0013607519335582683,0.0025543946807933884,pixel pro,5.06460763737373
-7.56832361047148,0.4073805368932315,-0.014346566184805051,-0.0015370354659866537,0.0024203013849388045,Fold,5.117421127743895
-7.56832361047148,0.4073805368932315,-0.014346566184805051,-0.0015370354659866537,0.0024203013849388045,pro fold,5.117421127743895
-8.78805706046357,0.9828113229549289,0.03180051880557995,0.0041655429684341,0.0068933109125155715,fold and,3.7688600720033465
-6.868051074896742,0.07642150024655825,-0.032935818560668365,-0.0038261578901343475,0.0007030608312232466,and more,5.891925185252399
-8.61496398609183,0.9012853561910388,0.023732349381636833,0.0031663741463134713,0.0060892041602225305,iterative,3.960174981039146
-8.61496398609183,0.9012853561910388,0.023732349381636833,0.0031663741463134713,0.0060892041602225305,more iterativ+e,3.960174981039146
-8.500113036163704,0.8471586422191781,0.01871892383209861,0.00254597903692127,0.00559433224805609,update,4.087131067224956
-8.500113036163704,0.8471586422191781,0.01871892383209861,0.00254597903692127,0.00559433224805609,iterativ+e update,4.087131067224956
-8.402718318658332,0.8012409950401549,0.01466043339885377,0.002044015440426837,0.00519638348426223,update than,4.194798990688499
-8.285964424807414,0.7461772232968824,0.010010871849807298,0.0014692311844065713,0.004743385377482362,initially,4.323876671066961
-8.285964424807414,0.7461772232968824,0.010010871849807298,0.0014692311844065713,0.004743385377482362,than initially,4.323876671066961
-8.06969543604385,0.644132326018386,0.0019610104426007607,0.00047480629846994096,0.0039663855994012814,realized,4.562995055625408
-8.06969543604385,0.644132326018386,0.0019610104426007607,0.00047480629846994096,0.0039663855994012814,initially realized,4.562995055625408
-0.7813539265364149,-2.8038056869750196,-0.11024790386025901,-0.013307135164954062,-0.00591134745466753,After,12.625525190064451
-7.792692876914949,0.513356522565116,-0.007414859754855452,-0.0006823134309226269,0.0030729301256002487,realized after,4.869297244975625
-1.7615007062405237,-2.3398908252545922,-0.10299749913338421,-0.012419838197000675,-0.005329793104104677,taking,11.541150136748719
-3.518948106360437,-1.508097156329434,-0.08659114814383082,-0.010411281580180521,-0.0039820588121404835,after taking,9.596834832311476
-6.029197266487336,-0.3202861021051109,-0.05067713002951345,-0.006006936955470587,-0.0008911676363549193,taking the,6.819817733686053
6.9767014058938575,-6.475101174799186,-0.07337653936868489,-0.1037265480340277,-0.02630077429471018,world,21.20842070771635
6.9767014058938575,-6.475101174799186,-0.07337653936868489,-0.1037265480340277,-0.02630077429471018,the world,21.20842070771635
0.9302208159929481,-3.6139114918092954,-0.12056967274159064,-0.014570379396980939,-0.0067229898440958604,world storm,14.519111439905497
-6.887567039519165,0.08564821796698885,-0.03247084158169641,-0.0037689521766836034,0.0007454307455921419,with last,5.870338987814699
-7.296710314753467,0.2790432714199538,-0.02205567658292673,-0.0024868827519326647,0.0017023335702868536,last year,5.417812156168164
-7.6721533272054065,0.4564270764124094,-0.01120681862961298,-0.0011499635050530406,0.002715082014899218,model,5.002596471135705
-7.6721533272054065,0.4564270764124094,-0.01120681862961298,-0.0011499635050530406,0.002715082014899218,year model,5.002596471135705
-8.945981539551854,1.0571322760139357,0.03976540669039373,0.00515285399919866,0.007696559738992586,model googel+e,3.5943377133776657
-8.473941587459016,0.8348213838031071,0.017611541070879463,0.0024089922524462137,0.005485514071083058,fold hab+d,4.116062402642489
-4.453701472581166,-1.0657220309528421,-0.07542245808738043,-0.009042896414001016,-0.003040893736184003,some,8.562711993042212
-8.525110726681396,0.8589415044672255,0.019788518594401464,0.002678307844301186,0.005699605412606045,hab+d some,4.059497754754785
-8.583014263157283,0.8862305695907549,0.02231186176483739,0.002990556975718867,0.005948618247872232,some big,3.9954910802201624
-8.625194942290312,0.906105796601643,0.024191560266480408,0.00322321797224155,0.006134715195925233,shoes,3.9488662263398218
-8.625194942290312,0.906105796601643,0.024191560266480408,0.00322321797224155,0.006134715195925233,big shoes,3.9488662263398218
-8.70907044978232,0.945616900603258,0.028038265839295362,0.003699505108891221,0.006517160800825667,fill,3.8561582278982494
-8.70907044978232,0.945616900603258,0.028038265839295362,0.003699505108891221,0.006517160800825667,shoes fill,3.8561582278982494
-8.780722751021734,0.9793582230579299,0.03144522961759946,0.004121523765077092,0.006857699879821886,gets,3.7769658860956294
-8.816289194156663,0.9961022460452744,0.03317982737800172,0.00433645241400462,0.007031737434696516,fairly,3.737658693210592
-8.816289194156663,0.9961022460452744,0.03317982737800172,0.00433645241400462,0.007031737434696516,get+s fairly,3.737658693210592
-8.861845934071283,1.0175450578780016,0.03544553004226057,0.00461725505499622,0.007259733941948433,close,3.6873124523120797
-8.861845934071283,1.0175450578780016,0.03544553004226057,0.00461725505499622,0.007259733941948433,fairly clos+e,3.6873124523120797
-8.914277441843245,1.0422171851831683,0.03811638115973226,0.004948367354098669,0.007529481287419246,doing,3.6293715948363943
-8.914277441843245,1.0422171851831683,0.03811638115973226,0.004948367354098669,0.007529481287419246,clos+e doing,3.6293715948363943
1.8464309898741398,-4.047556305409149,-0.12513013980339635,-0.015128727492486692,-0.0070749618855009445,just,15.532751810479027
-8.945981539551854,1.0571322760139357,0.03976540669039373,0.00515285399919866,0.007696559738992586,doing just,3.5943377133776657
-8.970680012606138,1.0687496509019228,0.041068363385155876,0.005314455104787452,0.007828863050288836,just that,3.5670461021166773
-8.99847513053162,1.0818214851409966,0.042554324870978905,0.005498784519739595,0.007980060431824322,that but,3.536333661498305
-9.015991156300469,1.0900579629623517,0.043501652616997635,0.005616315124738463,0.008076625288021106,repeatedly,3.516979711557902
-9.015991156300469,1.0900579629623517,0.043501652616997635,0.005616315124738463,0.008076625288021106,but repeatedly,3.516979711557902
-9.060478729667155,1.11097290174186,0.04594656537737328,0.005919706380148149,0.008326472040766811,falls,3.4678260293487537
-9.060478729667155,1.11097290174186,0.04594656537737328,0.005919706380148149,0.008326472040766811,repeatedly falls,3.4678260293487537
-9.082730498882169,1.1214317601233015,0.04719090422564544,0.0060741519320748165,0.008453979798317307,short,3.44324142115305
-9.082730498882169,1.1214317601233015,0.04719090422564544,0.0060741519320748165,0.008453979798317307,falls short,3.44324142115305
-9.11380089998524,1.1360328389454142,0.048953005063016405,0.006292901331388521,0.008634946069397098,ways,3.4089148721930567
-9.11380089998524,1.1360328389454142,0.048953005063016405,0.006292901331388521,0.008634946069397098,short ways,3.4089148721930567
-9.139357788170653,1.1480404451877861,0.05042442763015964,0.006475601575035508,0.008786423228374567,should,3.3806807496181825
-9.139357788170653,1.1480404451877861,0.05042442763015964,0.006475601575035508,0.008786423228374567,ways should,3.3806807496181825
-9.157391241223047,1.156511864304092,0.05147491721359415,0.006606056478543695,0.008894769875402327,should n't,3.3607588039903313
-9.18280779984433,1.168449572285502,0.05297302328247093,0.006792127629325784,0.009049576522807499,why you,3.3326814751466234
-9.203918242561713,1.1783629374973181,0.0542332206313071,0.00694867602410594,0.009180066527870063,trust,3.3093618706304384
-9.203918242561713,1.1783629374973181,0.0542332206313071,0.00694867602410594,0.009180066527870063,can trust,3.3093618706304384
-9.218923829044869,1.1854084505514966,0.055137926777226245,0.00706107839633183,0.009273897571168642,Android,3.2927864445058836
-9.218923829044869,1.1854084505514966,0.055137926777226245,0.00706107839633183,0.009273897571168642,trust android,3.2927864445058836
-9.237925902253732,1.1943291478923947,0.05629442978186966,0.007204782748792677,0.009394028003184408,android central,3.271796995455808
-7.1615519268110095,0.17799749385186736,-0.32250816110588737,-0.05690004416155155,-0.2255039536190359,Our,5.582605245923414
-9.258051655398605,1.2037757824947568,0.0575327595405927,0.007358677481084215,0.009522888072047297,central our,3.249567047620763
-9.266604800948256,1.2077899576663593,0.05806327952664096,0.007424615631803218,0.009578166678247629,expert,3.240119874428802
-9.266604800948256,1.2077899576663593,0.05806327952664096,0.007424615631803218,0.009578166678247629,our experte,3.240119874428802
-9.281035324837223,1.2145618185462785,0.05896417377114675,0.007536597416063188,0.009672137578884334,reviewers,3.2241812912666035
-9.281035324837223,1.2145618185462785,0.05896417377114675,0.007536597416063188,0.009672137578884334,experte reviewers,3.2241812912666035
-9.30055117034366,1.2237186723594644,0.06019433007028065,0.007689526948760522,0.009800657782934229,spend,3.202626573181388
-9.30055117034366,1.2237186723594644,0.06019433007028065,0.007689526948760522,0.009800657782934229,reviewers spend,3.202626573181388
-9.311688784930197,1.2289437090975175,0.06090253672066144,0.007777579806241457,0.009874754749925,spend hours,3.190325711921338
-9.322428935171589,1.233981760892557,0.06158976657984018,0.007863032006167071,0.009946732088499693,testing,3.1784640584890242
-9.322428935171589,1.233981760892557,0.06158976657984018,0.007863032006167071,0.009946732088499693,hours testing,3.1784640584890242
-9.336170793795175,1.240427113792432,0.06247528928324052,0.007973151335976257,0.010039586954263512,testing and,3.1632875897323203
-9.34280802836877,1.2435398713702701,0.0629055182987711,0.00802665693917465,0.010084744723730416,comparing,3.1559575841557357
-9.34280802836877,1.2435398713702701,0.0629055182987711,0.00802665693917465,0.010084744723730416,and comparing,3.1559575841557357
-9.358765438503664,1.2510228063141717,0.06394670116098299,0.008156155985033208,0.010194150068541859,products,3.138334967327169
-9.358765438503664,1.2510228063141717,0.06394670116098299,0.008156155985033208,0.010194150068541859,comparing products,3.138334967327169
-9.336170793795175,1.240427113792432,0.06247528928324052,0.007973151335976257,0.010039586954263512,products and,3.1632875897323203
-9.378259837130834,1.2601627121055765,0.06523190730118152,0.008316029189374146,0.01032943258275,services,3.1168069909845335
-9.378259837130834,1.2601627121055765,0.06523190730118152,0.008316029189374146,0.01032943258275,and services,3.1168069909845335
-9.18280779984433,1.168449572285502,0.05297302328247093,0.006792127629325784,0.009049576522807499,services you,3.3326814751466234
-9.405817681844937,1.2730799898316305,0.06707407567702274,0.008545230743240121,0.010523797234556927,choose,3.086375821560728
-9.405817681844937,1.2730799898316305,0.06707407567702274,0.008545230743240121,0.010523797234556927,can choose,3.086375821560728
-9.414840676483482,1.2773085428273243,0.06768381528343066,0.008621105917550083,0.01058824855797931,choose the,3.076412407802143
-9.4198636292999,1.2796623291526765,0.06802467246387582,0.008663524268933345,0.01062430393706323,the best,3.0708660187102237
-9.42601187832844,1.2825432596377935,0.0684432889066358,0.008715621956199416,0.01066860986231783,best for,3.0640771457535676
-9.18280779984433,1.168449572285502,0.05297302328247093,0.006792127629325784,0.009049576522807499,for you,3.3326814751466234
-9.436730035310312,1.287565076352277,0.06917676034578778,0.008806910648278881,0.01074630698583947,Find,3.0522424059018727
4.3503594000986165,-5.232636128480029,-0.1350373265768445,-0.016342895014002858,-0.007823403584264942,out,18.302938549671325
-9.442499969891998,1.290268235004838,0.06957357566272009,0.008856302265976635,0.010788377648066238,find out,3.045871488787772
-9.44702516193393,1.2923881203698266,0.06988575476565846,0.008895160954767221,0.010821492774159162,out more,3.040875018274631
-9.45257203391853,1.2949864759496093,0.07026958392357564,0.008942940435210224,0.010862229679161242,more about,3.0347505304705575
1.6877396812739924,-3.9724477241173997,-0.12438153234015607,-0.015037058222829833,-0.007017484080093225,how,15.357185310592978
-6.811128417893107,0.04950887759917366,-0.03427677437280678,-0.003991119778601278,0.0005810371163222396,about how,5.954886528838644
-9.466453084402946,1.3014881344746219,0.07123579786386773,0.009063226116487943,0.010964881063300836,test.After,3.019424318384407
-9.466453084402946,1.3014881344746219,0.07123579786386773,0.009063226116487943,0.010964881063300836,how test.after,3.019424318384407
-7.555717812883175,0.40142535000979374,-0.014720143900227245,-0.001583082027862723,0.0023853187880054846,using,5.131362043018734
-9.477628445785228,1.30672172547108,0.07201963806712634,0.009160818610244028,0.011048266750868643,test.after using,3.007085825236304
-9.483518495769248,1.3094798458286678,0.07243492848461512,0.009212528533333491,0.011092485691224736,using the,3.000582862402465
-9.487368280744754,1.3112824707068158,0.07270717801910935,0.009246429190929361,0.011121489074555065,Pix…,2.9963325191344814
-9.487368280744754,1.3112824707068158,0.07270717801910935,0.009246429190929361,0.011121489074555065,the pix…,2.9963325191344814
-9.493031568591707,1.3139340986344548,0.07310884835141947,0.009296447541145387,0.011164301710972564,+15928,2.990080050997629
-9.493031568591707,1.3139340986344548,0.07310884835141947,0.009296447541145387,0.011164301710972564,pix… +15928,2.990080050997629
-9.499475885355977,1.3169511926564073,0.07356762191852088,0.009353579852953571,0.011213232527296585,+15928 char+s,2.98296539793066
-6.491640517438935,-0.10156385389957023,-0.041406937945514,-0.0048678962108167365,-6.360553065061243e-05,how hurrican+e,6.308277386353601
-7.98854986158198,0.6058304853812111,-0.000887437212738651,0.00012314087719860617,0.003693640910988753,got,4.652720161715095
-7.98854986158198,0.6058304853812111,-0.000887437212738651,0.00012314087719860617,0.003693640910988753,melissa got,4.652720161715095
-7.754513288962295,0.49532601792614317,-0.008633632877620485,-0.0008326415147645863,0.0029576951175699553,got dangerous,4.911517740692276
-6.983866526815129,0.1311742241937952,-0.030136246132165687,-0.0034816889272804566,0.000958617645081406,fast,5.763825201775101
-6.983866526815129,0.1311742241937952,-0.030136246132165687,-0.0034816889272804566,0.000958617645081406,dangerous fast,5.763825201775101
-5.793739386767405,-0.43166918346004524,-0.05498535565937663,-0.006535964451914325,-0.001271683827724958,fast the,7.08028256798607
5.128101560222207,-5.603676413831226,-0.17492570145146263,-0.0234125134953008,-0.03617907777695914,jamaica the,19.164569224983413
-7.928828663498409,0.577636927704793,-0.0029283788904383157,-0.00012876347327563445,0.0034989193181899185,role,4.718757645723907
-7.928828663498409,0.577636927704793,-0.0029283788904383157,-0.00012876347327563445,0.0034989193181899185,the role,4.718757645723907
1.2479253224410982,-3.7636894163279164,-0.03426829897259148,0.034341837372792144,-0.05284416053909379,climate,14.87049453452361
-8.06969543604385,0.644132326018386,0.0019610104426007607,0.00047480629846994096,0.0039663855994012814,role climate,4.562995055625408
1.4698234310911609,-3.8688801753446214,-0.08990310603959745,0.0467537106068021,-0.030681848378118888,change,15.11597612598492
0.12741349973935812,-3.233777406203032,-0.07864977822155267,0.05503897084787303,-0.032975021414975464,climate chang+e,13.630935098020974
-8.371601890437951,0.7865677276745899,0.01339897637384535,0.0018880427477311439,0.005073175997210811,chang+e has,4.229198993709713
-8.432270270058904,0.8151751439227377,0.015873984845007294,0.002194085960790449,0.005315127708532806,played,4.16212917431229
-8.432270270058904,0.8151751439227377,0.015873984845007294,0.002194085960790449,0.005315127708532806,has played,4.16212917431229
-8.560592577594416,0.8756642832584296,0.021327059483098987,0.002868682576655183,0.005851324399480783,played making,4.020275730747688
-8.371601890437951,0.7865677276745899,0.01339897637384535,0.0018880427477311439,0.005073175997210811,making hurrican+e,4.229198993709713
-8.78805706046357,0.9828113229549289,0.03180051880557995,0.0041655429684341,0.0068933109125155715,incredibly,3.7688600720033465
-8.78805706046357,0.9828113229549289,0.03180051880557995,0.0041655429684341,0.0068933109125155715,melissa incredibly,3.7688600720033465
-7.754513288962295,0.49532601792614317,-0.008633632877620485,-0.0008326415147645863,0.0029576951175699553,incredibly dangerous,4.911517740692276
-8.93567610559492,1.0522844209622846,0.03922651918381602,0.0050860250668865355,0.0076419151221984345,undeniable,3.6057253600576233
-8.93567610559492,1.0522844209622846,0.03922651918381602,0.0050860250668865355,0.0076419151221984345,dangerous undeniable,3.6057253600576233
-8.99847513053162,1.0818214851409966,0.042554324870978905,0.005498784519739595,0.007980060431824322,History,3.536333661498305
-8.960977102987597,1.0641859179848927,0.04055455271919828,0.005250725970636402,0.007776659837443469,unfolding,3.577767645943955
-8.960977102987597,1.0641859179848927,0.04055455271919828,0.005250725970636402,0.007776659837443469,history unfolding,3.577767645943955
-8.891750604814085,1.0316178561017868,0.036960403891663454,0.004805044942602371,0.007412600718226484,unfolding the,3.6542650928909084
-8.765701741502747,0.9722857263659106,0.030721436223639875,0.004031853758607502,0.006785210914718535,right,3.7935671460019136
-8.765701741502747,0.9722857263659106,0.030721436223639875,0.004031853758607502,0.006785210914718535,ocean right,3.7935671460019136
-8.717576828893145,0.9496231737455976,0.028436767326681045,0.0037488585506096003,0.006556904366410592,right now,3.8467564507706973
-8.417681469450553,0.8082964949976694,0.015272985340184952,0.0021197624099626375,0.005256294326667717,spun,4.1782570831969315
-8.417681469450553,0.8082964949976694,0.015272985340184952,0.0021197624099626375,0.005256294326667717,has spun,4.1782570831969315
-8.285964424807414,0.7461772232968824,0.010010871849807298,0.0014692311844065713,0.004743385377482362,spun into,4.323876671066961
-8.118960986054253,0.667382847332751,0.003734471601218037,0.0006938111355531962,0.00413677679996567,extraordinarily,4.508522237633047
-8.118960986054253,0.667382847332751,0.003734471601218037,0.0006938111355531962,0.00413677679996567,into extraordinarily,4.508522237633047
-7.580519615384795,0.4131420254224798,-0.013983591111915508,-0.0014922940291361344,0.002454309733223546,extraordinarily dangerou+s,5.1039334556582885
-6.887567039519165,0.08564821796698885,-0.03247084158169641,-0.0037689521766836034,0.0007454307455921419,dangerou+s category,5.870338987814699
-3.6851395722644007,-1.4294434123554298,-0.08475223359912942,-0.010186046704258031,-0.0038283820462088796,maximum,9.412974683674621
-6.887567039519165,0.08564821796698885,-0.03247084158169641,-0.0037689521766836034,0.0007454307455921419,with maximum,5.870338987814699
0.43077850159169095,-3.37752166646509,-0.11782193854151568,-0.014234052788371018,-0.00650889159232878,sustained,13.966557700926028
-4.922042773081122,-0.8440992708762076,-0.06896721352910502,-0.008251505682059332,-0.0024885438493549316,maximum sustained,8.044594216116822
-1.0180979092566815,-2.6917517859339597,-0.10859841275363113,-0.013105278364661022,-0.005779838430873008,sustained wind+s,12.363605685503499
-6.46772187331821,-0.1128753049876483,-0.04191531745487319,-0.004930387197083212,-0.00010929911814718841,mph and,6.334734802565611
14.015206682640885,-9.806369142338625,-0.15311233731882148,-0.018577079462197145,-0.009096681098241553,set,28.99532454493975
-8.432270270058904,0.8151751439227377,0.015873984845007294,0.002194085960790449,0.005315127708532806,and set,4.16212917431229
1.4868803411826015,-3.877380733596606,-0.12340999955752277,-0.014918101208958371,-0.006942712219195459,strike,15.134966568014628
-8.525110726681396,0.8589415044672255,0.019788518594401464,0.002678307844301186,0.005699605412606045,set strike,4.059497754754785
-8.604528282979166,0.8963682398365937,0.023266130058176918,0.0031086658706797124,0.006043029971904116,Ja…,3.971710144835312
-8.604528282979166,0.8963682398365937,0.023266130058176918,0.0031086658706797124,0.006043029971904116,strike ja…,3.971710144835312
-8.654724682624323,0.9200179484181765,0.025529014765699215,0.0033887932340644755,0.006267441650877658,+5415,3.9162261364571944
-8.654724682624323,0.9200179484181765,0.025529014765699215,0.0033887932340644755,0.006267441650877658,ja… +5415,3.9162261364571944
-8.70907044978232,0.945616900603258,0.028038265839295362,0.003699505108891221,0.006517160800825667,+5415 char+s,3.8561582278982494
-8.402718318658332,0.8012409950401549,0.01466043339885377,0.002044015440426837,0.00519638348426223,begins,4.194798990688499
-8.402718318658332,0.8012409950401549,0.01466043339885377,0.002044015440426837,0.00519638348426223,melissa begin+s,4.194798990688499
-8.285964424807414,0.7461772232968824,0.010010871849807298,0.0014692311844065713,0.004743385377482362,lashing,4.323876671066961
-8.285964424807414,0.7461772232968824,0.010010871849807298,0.0014692311844065713,0.004743385377482362,begin+s lashing,4.323876671066961
-6.950376857875322,0.11534227290759391,-0.030955826212031565,-0.003582542813874206,0.0008836905683144575,lashing jamaica,5.8008668526028
-7.792692876914949,0.513356522565116,-0.007414859754855452,-0.0006823134309226269,0.0030729301256002487,jamaica 'catastrophic,4.869297244975625
-6.887567039519165,0.08564821796698885,-0.03247084158169641,-0.0037689521766836034,0.0007454307455921419,'catastrophic category,5.870338987814699
-7.14174374611409,0.2058025971702775,-0.026157365417828947,-0.002991947419057525,0.0013236938601872816,storm hurrican+e,5.589206304105075
-3.3830207211149528,-1.5724285237220803,-0.08805274639496126,-0.010590284204397624,-0.0041038363767303965,packing,9.747213776868124
-6.704181982929669,-0.001057876393470547,-0.03673650561592341,-0.004293654772931702,0.00035785500936479347,melissa packing,6.0731799701807105
-6.87666608570805,0.08049450594992713,-0.03273089462036701,-0.0038009466009585897,0.0007217303452559682,packing sustained,5.882396294645912
-6.983866526815129,0.1311742241937952,-0.030136246132165687,-0.0034816889272804566,0.000958617645081406,282,5.763825201775101
-6.983866526815129,0.1311742241937952,-0.030136246132165687,-0.0034816889272804566,0.000958617645081406,mph 282,5.763825201775101
-4.545090026005869,-1.0224748651398423,-0.07421286844689673,-0.008894634215495177,-0.002937855468130302,kph,8.461609744894877
-6.887567039519165,0.08564821796698885,-0.03247084158169641,-0.0037689521766836034,0.0007454307455921419,282 kph,5.870338987814699
-6.6641463357447,-0.019988693815967906,-0.03763791766871212,-0.004404505866058367,0.00027627588132775327,kph monday,6.117463876386458
-5.392825608911916,-0.6213428962937804,-0.061770327933261364,-0.007368716637395418,-0.0018656581133284387,afternoon,7.5237861000219945
-6.42384571441614,-0.1336253634570883,-0.0428392092985634,-0.005043946013811336,-0.0001922474142197015,monday afternoon,6.3832682636441085
-5.730175759966753,-0.4617396450403408,-0.05610556191218278,-0.006673486607264934,-0.0013701972242192162,afternoon the,7.150597847349569
-2.759477446611969,-1.867544509289993,-0.09430786166956198,-0.011356189793309282,-0.004621274946357397,slow-moving,10.437054953288026
-2.759477446611969,-1.867544509289993,-0.09430786166956198,-0.011356189793309282,-0.004621274946357397,the slow-moving,10.437054953288026
-4.010000487924245,-1.2756993255892186,-0.08098247779721872,-0.009724236137302167,-0.0035117519665712788,slow-moving category,9.05357792439524
-4.346548765134324,-1.1164299080631337,-0.0768116862219595,-0.009213161190987898,-0.003158969911050459,storm course,8.681254346288732
-5.443161648126013,-0.5975274207548784,-0.06095373291705136,-0.007268517718067328,-0.0017945158623995632,course barrel,7.468102144143195
-5.912709319232771,-0.3753892532248919,-0.05284053399010983,-0.006272617191159477,-0.0010825715849903331,barrel into,6.948676722188281
-6.215769875384335,-0.232036332071762,-0.04707378978758914,-0.005564306651056106,-0.0005709151431757204,into jamaica,6.613433936146953
-6.632743653654994,-0.03483779897515982,-0.03833776739816375,-0.004490563148500977,0.00021301611279128836,jamaica what,6.152198932402958
-6.781585203013333,0.03554057516761322,-0.034963935480850465,-0.004075644605969792,0.0005186036344663669,what could,5.987564083629794
-5.730175759966753,-0.4617396450403408,-0.05610556191218278,-0.006673486607264934,-0.0013701972242192162,could the,7.150597847349569
-7.09274601868416,0.1826426615816521,-0.02741305987814433,-0.003146526127321761,0.00120824275380812,largest,5.643399300337665
-7.09274601868416,0.1826426615816521,-0.02741305987814433,-0.003146526127321761,0.00120824275380812,the largest,5.643399300337665
-8.682635079537773,0.9331655838726289,0.026809835596675297,0.0035473814762933785,0.006394792940347737,largest record,3.885376673775027
-3.600567900716406,-1.4694686697664947,-0.0856953042329327,-0.010301559508008235,-0.003907257873838693,record for,9.506537539355625
-3.298402184634977,-1.6124768840431285,-0.08894403276410387,-0.01069943308010994,-0.004177936100452131,caribbean island,9.840828977659815
-7.2711483729848325,0.2669629971295371,-0.02274631762384756,-0.002571940241213165,0.0016384150978469292,p.m,5.446083448373245
-8.984815956997416,1.0753979616344647,0.04182146042088895,0.005407870592988733,0.007905449524302773,1800,3.5514263498581062
-9.007329525470354,1.0859851607439233,0.043032137161240186,0.0055580628195008135,0.008028748793163442,GMT,3.5265501398509116
-9.007329525470354,1.0859851607439233,0.043032137161240186,0.0055580628195008135,0.008028748793163442,1800 gmt,3.5265501398509116
-8.98942063884097,1.0775634749586653,0.042067947875181824,0.005438447170218439,0.007930534699588838,gmt hurrican+e,3.5463383844404417
-6.286918112581586,-0.19838500678098825,-0.045652413032939154,-0.005389665745153467,-0.0004440900187245248,on…,6.534731842137185
-8.654724682624323,0.9200179484181765,0.025529014765699215,0.0033887932340644755,0.006267441650877658,largest on…,3.9162261364571944
-8.70041439359228,0.9415399755383347,0.02763436765522463,0.0036494856473441688,0.006476902794247846,+3981,3.86572550816521
-8.70041439359228,0.9415399755383347,0.02763436765522463,0.0036494856473441688,0.006476902794247846,on… +3981,3.86572550816521
-8.750189276352113,0.9649812954825567,0.029979345853600403,0.0039399248861049126,0.006710969696639188,+3981 char+s,3.810711804171223
-7.477694758167973,0.3645635756958825,-0.01699703739831899,-0.0018636889673117009,0.0021725254360989016,went,5.217649846099678
-7.477694758167973,0.3645635756958825,-0.01699703739831899,-0.0018636889673117009,0.0021725254360989016,melissa went,5.217649846099678
-7.152784890969882,0.21102129552302795,-0.025871743137001267,-0.0029567839476811247,0.0013499850397721575,went from,5.576994531384356
-6.6641463357447,-0.019988693815967906,-0.03763791766871212,-0.004404505866058367,0.00027627588132775327,from tropical,6.117463876386458
-6.6641463357447,-0.019988693815967906,-0.03763791766871212,-0.004404505866058367,0.00027627588132775327,storm category,6.117463876386458
-7.6721533272054065,0.4564270764124094,-0.01120681862961298,-0.0011499635050530406,0.002715082014899218,category just,5.002596471135705
-5.34252580861186,-0.6451415664655036,-0.06257677774969524,-0.007467663939619671,-0.0019358235736903649,few,7.579430131134129
-7.928828663498409,0.577636927704793,-0.0029283788904383157,-0.00012876347327563445,0.0034989193181899185,just few,4.718757645723907
7.7294099994720415,-6.83261963010401,-0.1552345822031838,-0.019467458214688975,-0.016830886685938573,days,22.04159854206185
-8.043675002526344,0.6318510828620825,0.001037930987456026,0.00036083211800063547,0.003877873512603769,few days,4.591766287283786
-8.118960986054253,0.667382847332751,0.003734471601218037,0.0006938111355531962,0.00413677679996567,days hurricane,4.508522237633047
-4.98263025971624,-0.8154534774538633,-0.06988559325079105,-0.007956741996760096,0.0020327738989596254,melissa one,7.977574346413429
19.016028084333193,-12.172675801105513,-0.15604911761178528,-0.018886976550339406,-0.00849201415682219,the strongest,34.52772405648889
0.5311587013604395,-3.4250324903278972,-0.11839022933016931,-0.014303608605600338,-0.0065532928364605515,recorded,14.077612495576926
-7.276760290173571,0.2696151540964671,-0.022595180303895623,-0.002553327092797402,0.0016523971268988498,ever recorded,5.439876701195512
-6.877465517522854,0.08087245992225922,-0.03271185203773763,-0.003798603812773812,0.0007234655074489183,recorded the,5.881512059842138
-7.68297107306879,0.46153664540896955,-0.010873103661577191,-0.0011088151212944493,0.0027464942079744974,caribbean set,4.990633401510214
-7.754850245193733,0.49548515252595804,-0.008622949525177281,-0.0008313238751766943,0.0029587043263738563,set hit,4.911145118776601
-7.848814843056493,0.5398581411076484,-0.005592451048602842,-0.0004574938380316291,0.0032456266655824656,jamaica early,4.807236388318875
-6.346824087494713,-0.1700519794919595,-0.04443445856519966,-0.005240000345671263,-0.0003351918622315816,early tuesday,6.468466074372604
-7.845310234037813,0.5382032942682673,-0.005707349399485015,-0.0004716694627835841,0.0032347248378979607,tuesday after,4.811111822226197
-7.836874983193744,0.5342201950121601,-0.005983294695041205,-0.0005057135920584375,0.0032085500506450065,undergoing,4.820439632662465
-7.836874983193744,0.5342201950121601,-0.005983294695041205,-0.0005057135920584375,0.0032085500506450065,after undergoing,4.820439632662465
-7.8046559404778995,0.5190058868431904,-0.007029504864834543,-0.000634778201639743,0.003109408666596085,rapid,4.8560681321080015
-7.8046559404778995,0.5190058868431904,-0.007029504864834543,-0.000634778201639743,0.003109408666596085,undergoing rapid,4.8560681321080015
-7.783634084330163,0.5090785723922524,-0.007705554527329406,-0.0007181706114424919,0.003045426067725447,intensification,4.87931476514688
-7.783634084330163,0.5090785723922524,-0.007705554527329406,-0.0007181706114424919,0.003045426067725447,rapid intensification,4.87931476514688
-7.657787492726692,0.44964149303048195,-0.01164803148036904,-0.0012043645608308291,0.0026735750184344736,climate-charged,5.018483344486311
-7.657787492726692,0.44964149303048195,-0.01164803148036904,-0.0012043645608308291,0.0026735750184344736,intensification climate-charged,5.018483344486311
-7.500336173832394,0.3752608658029608,-0.0163424973369172,-0.0017830295781133083,0.0022336234569779526,phenomenon,5.192609902891256
-7.500336173832394,0.3752608658029608,-0.0163424973369172,-0.0017830295781133083,0.0022336234569779526,climate-charged phenomenon,5.192609902891256
-8.186701100407248,0.6993477003992188,0.006229766768711134,0.001002028218151237,0.004377274700060559,phenomenon that,4.433624212255541
-4.8646416391363525,-0.8712609130759064,-0.06979388491438136,-0.008352874630991979,-0.0025596160613501453,increasingly,8.108095578016268
-8.016648977654057,0.6190944460946379,8.891676677143245e-05,0.00024366779758570878,0.0037869999399613545,that increasingly,4.621649766577901
-7.53064715574482,0.3895812328700097,-0.015458353418504829,-0.0016740671633689403,0.0023162484052994085,sending,5.1590881566106
-7.53064715574482,0.3895812328700097,-0.015458353418504829,-0.0016740671633689403,0.0023162484052994085,increasingly sending,5.1590881566106
-6.983866526815129,0.1311742241937952,-0.030136246132165687,-0.0034816889272804566,0.000958617645081406,sending devastating,5.763825201775101
-4.185821585348812,-1.1924922340155728,-0.0788389811189619,-0.009461597618930855,-0.003330768221219657,devastating storms,8.85906650496498
-5.944242486074604,-0.3689399904860329,-0.11272464418044169,-0.0003017361078423188,0.14409467467485326,storms the,6.917292869467384
-9.237925902253732,1.1943291478923947,0.05629442978186966,0.007204782748792677,0.009394028003184408,thats,3.271796995455808
-9.237925902253732,1.1943291478923947,0.05629442978186966,0.007204782748792677,0.009394028003184408,phenomenon thats,3.271796995455808
-9.25148230673042,1.2006924405645045,0.057127014979987956,0.0073082505511649545,0.009480640231688481,thats increasingly,3.256823156382299
-9.287020988911214,1.217370472303787,0.05934002225933015,0.007583319349552484,0.009711379166901339,+2567,3.2175702114868012
-9.287020988911214,1.217370472303787,0.05934002225933015,0.007583319349552484,0.009711379166901339,increasingly +2567,3.2175702114868012
-9.29865451160548,1.2228288305219845,0.060074176025495404,0.007674588708304031,0.00978809430778408,+2567 char+s,3.2047213488426363
-8.207818865380005,0.7093115013457318,0.0070215258296640465,0.0010998436256783786,0.004453769496389657,pummelling,4.410275506016466
-8.207818865380005,0.7093115013457318,0.0070215258296640465,0.0010998436256783786,0.004453769496389657,after pummelling,4.410275506016466
-8.148027832122434,0.6810994294109882,0.004796993992155968,0.0008250426985985139,0.004239075385732229,pummelling jamaica,4.476383675650671
-0.5661053476485893,-2.9053920824361628,-0.08297306194408403,0.03943231742808296,-0.026398760272671788,makes,12.863592298280226
-6.308846712465228,-0.18801358622718967,-0.045208856578771106,-0.005335162358951956,-0.0004044552284616079,melissa make+s,6.510475187750399
-7.163244737068206,0.21596518233209583,-0.02560024355987181,-0.0029233582008074853,0.0013749867172813375,make+s land+fall,5.565425714586182
-1.5001807461069827,-2.463576248594859,-0.10504308799789969,-0.012670185127395536,-0.005494778570873206,land+fall eastern,11.830258346902593
-7.829630916342472,0.5307995187911758,-0.006219594100095031,-0.0005348656920423954,0.003186144352367434,cuba hurrican+e,4.828450239156397
21.898775018515792,-13.537300782773109,-0.1658469367820827,-0.018072743965904185,0.013600418482010417,made,37.717123185968674
6.740314514463575,-6.364809913671942,-0.15800060600938978,-0.01567310649479066,0.029666034020072216,melissa made,20.94744816140607
17.712689022639978,-11.556521881939343,-0.1644484959381515,-0.018024320173031766,0.012078953853190352,made land+fall,33.08606543502401
-4.086325520331554,-1.239578399350226,-0.08006124022407249,-0.009611363366837497,-0.0034340519503497603,cuba near,8.969139198845408
-3.915648178737344,-1.3203521036397219,-0.08210218073907245,-0.009861416128486704,-0.0036060207673729236,near the,9.157960523613069
-2.6243596621036307,-1.9316643655315762,-0.04843877631873697,-0.07027147038750557,-0.01690598396317804,city,10.58667679851051
-3.7121543896473987,-1.416658164220543,-0.08444774808771358,-0.010148750103003756,-0.0038028869815872786,the city,9.383087835693424
-3.231853118186276,-1.643973462132756,-0.08963523114269889,-0.010784074998063001,-0.0042353168062876055,Chivirico,9.914453644465258
-3.231853118186276,-1.643973462132756,-0.08963523114269889,-0.010784074998063001,-0.0042353168062876055,city chivirico,9.914453644465258
-2.429582182875885,-2.0236837145947772,-0.09734602140649712,-0.011728112976854553,-0.0048703812116915254,chivirico early,10.802028185906117
20.08551494383743,-12.678532979798575,-0.15480261308708776,-0.007612200360667546,-0.002177349854158257,Wednesday,35.71081011929994
-1.774658389522596,-2.333663170217167,-0.10289217334772435,-0.012406947704361116,-0.005321279159579751,early wednesday,11.526593300934104
1.252637504621477,-3.7665129048562145,-0.1222419423249416,-0.014775094813193059,-0.006852553685582059,wednesday category,14.87581422902364
6.496545256235679,-6.248353828379089,-0.1412759366182729,-0.017109235048877576,-0.008280925400572346,storm after,20.67732618259899
-4.282432702454235,-1.1467719182729699,-0.07762838536951494,-0.009313248494452465,-0.0032282520777282865,jamaica one,8.752185720116206
-3.7382829777269357,-1.40429236938493,-0.08415173919046942,-0.01011249112732754,-0.0037780882579605962,strongest atlantic,9.354181450378976
-2.52634856731164,-1.9779055156196579,-0.09756916890922154,-0.011510942494500463,-0.0021297526088593457,hurricanes,10.694979413693384
-7.061242392687325,0.1677511295085936,-0.02821038804131716,-0.0032446687557008205,0.001135048119595302,atlantic hurricanes,5.678243556587304
-5.82650272990733,-0.4161698923931487,-0.054401034455383405,-0.0064642248322905665,-0.0012202273290868714,hurricanes record,7.044039274308408
-6.8358874808179815,0.0612149370967936,-0.033696280984146176,-0.003919711244544378,0.0006338300349728902,record the,5.927500809762407
-8.885930729182084,1.0288792700263782,0.03666384032532702,0.004768279058912878,0.007382647400883544,national hurrican+e,3.660696499657337
-1.5733402304448685,-2.4289490722378293,-0.10447914239193386,-0.012601168432303689,-0.005449364197064871,pummeling,11.749319192548084
-1.5733402304448685,-2.4289490722378293,-0.10447914239193386,-0.012601168432303689,-0.005449364197064871,after pummeling,11.749319192548084
-3.246783151216837,-1.6369073114959471,-0.08948090193728495,-0.010765176622527751,-0.0042225113574739246,pummeling jamaica,9.897936220630214
-8.78805706046357,0.9828113229549289,0.03180051880557995,0.0041655429684341,0.0068933109125155715,U.S…,3.7688600720033465
-8.78805706046357,0.9828113229549289,0.03180051880557995,0.0041655429684341,0.0068933109125155715,the u.s…,3.7688600720033465
-8.829780634835116,1.0024529780194922,0.0338456024122412,0.0044189582402232655,0.007098654996985103,+2971,3.722748624046855
-8.829780634835116,1.0024529780194922,0.0338456024122412,0.0044189582402232655,0.007098654996985103,u.s… +2971,3.722748624046855
-8.867991664202805,1.020437356147013,0.03575504139752403,0.004655620584160691,0.007290939126539844,+2971 chars,3.680520782276677
-8.664200556269979,0.9244818865712732,0.025962028092991904,0.00344240528404699,0.006310469067795121,Battery,3.9057523395496063
-8.583014263157283,0.8862305695907549,0.02231186176483739,0.002990556975718867,0.005948618247872232,Storage,3.9954910802201624
-6.766037962590539,0.028189568480013083,-0.03532318017913378,-0.004119831528208291,0.00048598972949156355,battery storage,6.00476084341165
-8.446500262633714,0.8218842900894612,0.016463828933612534,0.0022670349098472455,0.005372919596871627,Essential,4.1463980731189665
-8.446500262633714,0.8218842900894612,0.016463828933612534,0.0022670349098472455,0.005372919596871627,storage essential,4.1463980731189665
-8.285964424807414,0.7461772232968824,0.010010871849807298,0.0014692311844065713,0.004743385377482362,essential for,4.323876671066961
-8.207818865380005,0.7093115013457318,0.0070215258296640465,0.0010998436256783786,0.004453769496389657,Homes,4.410275506016466
-8.207818865380005,0.7093115013457318,0.0070215258296640465,0.0010998436256783786,0.004453769496389657,for homes,4.410275506016466
-7.31558548394486,0.2879632233398399,-0.02154202476035836,-0.002423618854076961,0.0017499146653057462,During,5.3969364844909204
-8.06969543604385,0.644132326018386,0.0019610104426007607,0.00047480629846994096,0.0039663855994012814,homes during,4.562995055625408
-3.631874643119403,-1.454652086040337,-0.08534797654558414,-0.010259017559573876,-0.003878224015203618,And,9.471902422495074
-7.86382374827365,0.5469450947319627,-0.005098710215350313,-0.0003965763818133171,0.003292495024643065,during and,4.790639438079116
-6.705393456202166,-0.0004850409710868142,-0.036709067053141836,-0.00429028036466899,0.0003603400061130829,and after,6.0718399491401955
-1.8431668545698372,-2.3012374916782816,-0.10234006712104998,-0.012339376576915181,-0.005276619799839964,after storm,11.450799846963196
-6.385120571403944,-0.15193983476369732,-0.04364545485031125,-0.005143036374649919,-0.0002645363470241517,storm severe,6.426104156099273
-5.052973863338545,-0.7821452111430003,-0.06704189815567801,-0.008015391968686428,-0.002322635476919716,disrupt,7.899749201770973
-6.385120571403944,-0.15193983476369732,-0.04364545485031125,-0.005143036374649919,-0.0002645363470241517,storms disrupt,6.426104156099273
-7.227468340110483,0.24631950879148423,-0.023913428443457965,-0.002715664748564846,0.0015305498648160512,disrupt power,5.494393571369673
-4.166756317672288,-1.2015147613994497,-0.079075089843466,-0.009490529454175129,-0.0033507372168563843,grids,8.880158425828474
-4.166756317672288,-1.2015147613994497,-0.079075089843466,-0.009490529454175129,-0.0033507372168563843,power grids,8.880158425828474
-7.201771159678902,0.23417437316646827,-0.024592480307313744,-0.002799279058730033,0.0014678782609468975,home,5.522814872149676
-7.86382374827365,0.5469450947319627,-0.005098710215350313,-0.0003965763818133171,0.003292495024643065,grids home,4.790639438079116
-8.016648977654057,0.6190944460946379,8.891676677143245e-05,0.00024366779758570878,0.0037869999399613545,battery,4.621649766577901
-8.016648977654057,0.6190944460946379,8.891676677143245e-05,0.00024366779758570878,0.0037869999399613545,home battery,4.621649766577901
-8.207818865380005,0.7093115013457318,0.0070215258296640465,0.0010998436256783786,0.004453769496389657,storage,4.410275506016466
-8.355412376556545,0.7789328267020486,0.012749164745761238,0.0018077055780859833,0.0050097974516464736,offers,4.247097170287823
-8.355412376556545,0.7789328267020486,0.012749164745761238,0.0018077055780859833,0.0050097974516464736,storage offers,4.247097170287823
-8.46038609530353,0.8284308589064298,0.017042894792876018,0.0023386556387175756,0.005429704198076386,safety,4.1310475776448605
-8.46038609530353,0.8284308589064298,0.017042894792876018,0.0023386556387175756,0.005429704198076386,offers safety,4.1310475776448605
-8.560592577594416,0.8756642832584296,0.021327059483098987,0.002868682576655183,0.005851324399480783,independence,4.020275730747688
-8.560592577594416,0.8756642832584296,0.021327059483098987,0.002868682576655183,0.005851324399480783,safety independence,4.020275730747688
-8.70041439359228,0.9415399755383347,0.02763436765522463,0.0036494856473441688,0.006476902794247846,independence and,3.86572550816521
-8.734157631567447,0.957431832469307,0.029218097017950972,0.0038456310221995967,0.006634896078761119,and resilience,3.8284305211422858
-8.82308479959367,0.9993011491889134,0.033514635031240886,0.004377942466608206,0.007065380997442675,keeping,3.7301485034834934
-8.82308479959367,0.9993011491889134,0.033514635031240886,0.004377942466608206,0.007065380997442675,resilience keeping,3.7301485034834934
17.57249276315717,-11.490065066288206,-0.1596336186942343,-0.01373015114347453,-0.017663247509223285,lights,32.930925493463214
-8.874053097310616,1.0232898882580428,0.03606122087704844,0.004693574498773039,0.007321822418521426,keeping lights,3.6738223113436232
-4.735834921278513,-0.9333801547798237,-0.10830225292023818,-0.015263878047998749,-0.03094746253804232,lights and,8.251018809503957
-8.951040481808768,1.0595119818428251,0.04003096915424399,0.005185788722583955,0.007723504492480986,families,3.5887475607664485
-8.951040481808768,1.0595119818428251,0.04003096915424399,0.005185788722583955,0.007723504492480986,and familie+s,3.5887475607664485
-8.993973370324287,1.0797044954024815,0.042312224194485035,0.005468750352684338,0.0079554038769491,protected,3.5413078491922203
-8.993973370324287,1.0797044954024815,0.042312224194485035,0.005468750352684338,0.0079554038769491,familie+s protected,3.5413078491922203
-9.036846713556578,1.0998635540159774,0.044640793638050125,0.005757660917665865,0.00819292199783402,protected during,3.4939363623415765
-9.064279457372571,1.1127594475956388,0.04615807858794055,0.005945957451059686,0.008348129260713941,blackouts,3.463626788899153
-9.064279457372571,1.1127594475956388,0.04615807858794055,0.005945957451059686,0.008348129260713941,during blackout+s,3.463626788899153
-6.818267198316278,0.052702364258638834,-0.0654798241258276,-0.009714203980312001,-0.02383162443495146,light,5.947006342466976
-9.133136960940751,1.1451178723120652,0.05006441023819552,0.006430896722055705,0.008749330243197743,fall+en light,3.3875531515263635
-9.151481937869104,1.1537360306194908,0.051129560095105386,0.006563166501620633,0.008859131344255507,pole,3.3672868820280777
-9.151481937869104,1.1537360306194908,0.051129560095105386,0.006563166501620633,0.008859131344255507,light pole,3.3672868820280777
-9.17454153276018,1.164567314594441,0.052483517000254484,0.006731325102998939,0.008998955470634343,pole see+n,3.3418129923260538
-9.196155312461478,1.1747176987533532,0.05376811150196141,0.006890894876947749,0.009131877225685661,see+n the,3.31793708690966
-9.206466527795357,1.1795594852308875,0.05438633250386099,0.006967698046667269,0.009195937540250549,Sugar,3.3065469640562526
-9.206466527795357,1.1795594852308875,0.05438633250386099,0.006967698046667269,0.009195937540250549,the sugar,3.3065469640562526
-9.221360109834034,1.1865522648107836,0.055285522676606455,0.007079417174694094,0.009289217397523857,Man,3.290095324141064
-9.221360109834034,1.1865522648107836,0.055285522676606455,0.007079417174694094,0.009289217397523857,sugar man,3.290095324141064
-9.235610195249892,1.1932420950219016,0.0561528365981047,0.0071871876088603105,0.009379309039336205,beach,3.274354861837704
-9.235610195249892,1.1932420950219016,0.0561528365981047,0.0071871876088603105,0.009379309039336205,man beach,3.274354861837704
-9.249262184245,1.1996503799263434,0.05699023047214473,0.007291251207799037,0.00946640341567195,main,3.2592753883747045
-9.249262184245,1.1996503799263434,0.05699023047214473,0.007291251207799037,0.00946640341567195,beach main,3.2592753883747045
-9.260211676196917,1.2047895553611507,0.05766649680973879,0.007375299232564952,0.009536818970594321,main road,3.247181235376935
-9.27697981368254,1.212658763897061,0.058710246129722185,0.007505032765290883,0.009645637974248012,Hellshire,3.2286605834443596
-9.27697981368254,1.212658763897061,0.058710246129722185,0.007505032765290883,0.009645637974248012,road hellshire,3.2286605834443596
-9.304309390570614,1.2254818432533259,0.06043279951865395,0.0077191755011761076,0.009825599169568836,Catherine,3.1984758058339384
-9.304309390570614,1.2254818432533259,0.06043279951865395,0.0077191755011761076,0.009825599169568836,hellshire catherine,3.1984758058339384
-7.79923522417306,0.5038965091178884,-0.19819351981171118,-0.03556491360512808,-0.14497692871175274,parish,4.867052278884175
-9.322428935171589,1.233981760892557,0.06158976657984018,0.007863032006167071,0.009946732088499693,catherine parish,3.1784640584890242
-9.336170793795175,1.240427113792432,0.06247528928324052,0.007973151335976257,0.010039586954263512,parish near,3.1632875897323203
-9.344443992138292,1.2443070811757027,0.06301181697493662,0.008039877260073517,0.010095906547242902,Portmore,3.1541508781351166
-9.344443992138292,1.2443070811757027,0.06301181697493662,0.008039877260073517,0.010095906547242902,near portmore,3.1541508781351166
-9.3649079227705,1.2539028924906837,0.06435007350218454,0.00820633070725208,0.010236581508394058,portmore jamaica,3.1315516367707112
-9.376807214656974,1.2594817162286498,0.06513563255542544,0.008304052199660518,0.010319289536196631,starts,3.1184111173107087
-9.376807214656974,1.2594817162286498,0.06513563255542544,0.008304052199660518,0.010319289536196631,jamaica start+s,3.1184111173107087
-9.39100325142339,1.266136440349965,0.0660800385480287,0.008421546602670199,0.010418850977131466,feel,3.1027346750792666
-9.39100325142339,1.266136440349965,0.0660800385480287,0.008421546602670199,0.010418850977131466,start+s feel,3.1027346750792666
-9.196155312461478,1.1747176987533532,0.05376811150196141,0.006890894876947749,0.009131877225685661,feel the,3.31793708690966
-5.477699082146671,-0.5811869379782579,-0.0603878086382312,-0.007199072861028587,-0.00174515671538677,effects,7.4298954030219715
-9.40318333357856,1.2718453463701451,0.06689667337106638,0.008523156134934118,0.010505056358520354,the effects,3.089284768427978
-9.417363961057147,1.2784909855128543,0.0678549172761621,0.008642398667447681,0.010606345170146664,effects hurrican+e,3.073626167421902
-9.429633393726338,1.2842401283213174,0.06869059045653957,0.008746400443314503,0.010694797105367481,Mellisa,3.06007832292367
-9.429633393726338,1.2842401283213174,0.06869059045653957,0.008746400443314503,0.010694797105367481,hurrican+e mellisa,3.06007832292367
-9.442499969891998,1.290268235004838,0.06957357566272009,0.008856302265976635,0.010788377648066238,mellisa october,3.045871488787772
-2.189588371899564,-2.1372736950313804,-0.09944985337906048,-0.011985631513735806,-0.00504201218801088,october 2025,11.067541356341671
-9.462262463242393,1.2995254259969353,0.07094324270816564,0.009026803851504945,0.010933783987961368,Hurric…,3.0240511778732344
-9.471594917599138,1.3038962185453842,0.07159578158905262,0.00910804489881043,0.011003164254352198,+6383,3.013747285172599
-9.471594917599138,1.3038962185453842,0.07159578158905262,0.00910804489881043,0.011003164254352198,hurric… +6383,3.013747285172599
-9.477628445785228,1.30672172547108,0.07201963806712634,0.009160818610244028,0.011048266750868643,+6383 chars,3.007085825236304
-7.328905307614115,0.29425773179505477,-0.02117765210073693,-0.0023787388830216975,0.0017836897708571192,SNAP,5.382205002089701
-6.242972404393295,-0.21917007348287942,-0.046533522099608225,-0.0054979280743937976,-0.0005227418576957193,benefits,6.583343226964422
-7.322239911412338,0.2911078983897055,-0.021360185771963455,-0.0024012218618478676,0.0017667677200325195,snap benefit+s,5.38957680314579
-8.537196694161937,0.8646379336339167,0.020309876157248122,0.002742815388613682,0.0057509792271651095,benefit+s set,4.046137682388853
-6.271695005189686,-0.20558504789834942,-0.04595880643910811,-0.005427313472139593,-0.0004714523617502693,expire,6.551571147641412
-6.271695005189686,-0.20558504789834942,-0.04595880643910811,-0.005427313472139593,-0.0004714523617502693,set expire,6.551571147641412
-8.338775856716651,0.7710867210469128,0.012085984078287468,0.001725721665791529,0.004945177337728205,expire this,4.2654897098658715
-5.1618669189288235,-0.7306205080765982,-0.06539713395811309,-0.007813655114971917,-0.002180481469722139,week,7.779284861130986
-5.1618669189288235,-0.7306205080765982,-0.06539713395811309,-0.007813655114971917,-0.002180481469722139,this week,7.779284861130986
-6.71587336796016,0.0044702800154658995,-0.03647130801880957,-0.004261040260645551,0.00038187722388237713,braces,6.0602480381870585
-6.71587336796016,0.0044702800154658995,-0.03647130801880957,-0.004261040260645551,0.00038187722388237713,jamaica braces,6.0602480381870585
-6.4008644783380975,-0.14449394196867527,-0.04331869991934247,-0.0051028779773908475,-0.00023525000075802667,braces for,6.408688979396165
-6.887567039519165,0.08564821796698885,-0.03247084158169641,-0.0037689521766836034,0.0007454307455921419,for category,5.870338987814699
-3.9385666629109917,-1.3095882448555711,-0.08568041291769872,-0.00943685218117538,0.005835243171394137,Over,9.132633121695475
-6.21661624512824,-0.23163601321239113,-0.04705703875758524,-0.005562248629623658,-0.0005694221387969002,storm over,6.612497703330628
7.530328185810886,-6.737875817327736,-0.1497154808435946,-0.016840532378421605,0.005761921137324882,million,21.82113347639183
-1.9053562827214332,-2.2721391615282895,-0.1106223032609622,-0.01140663780455724,0.016010947741556526,over million,11.382123509485707
-6.9844041266601256,0.13142836597165086,-0.030123021722789148,-0.0034800615223767395,0.0009598274001910122,million american+s,5.763230584805634
-8.118960986054253,0.667382847332751,0.003734471601218037,0.0006938111355531962,0.00413677679996567,soon,4.508522237633047
-8.118960986054253,0.667382847332751,0.003734471601218037,0.0006938111355531962,0.00413677679996567,american+s soon,4.508522237633047
-8.285964424807414,0.7461772232968824,0.010010871849807298,0.0014692311844065713,0.004743385377482362,soon without,4.323876671066961
-5.666675582121933,-0.4917807761582593,-0.05720732483782427,-0.006808731356943855,-0.0014669163794453766,federal,7.220843265572226
-8.417681469450553,0.8082964949976694,0.015272985340184952,0.0021197624099626375,0.005256294326667717,without federal,4.1782570831969315
-4.586410238521936,-1.0338814137158328,0.09672282282090984,0.3168635847737717,-0.13004629114833702,food,8.429456309158319
-8.525110726681396,0.8589415044672255,0.019788518594401464,0.002678307844301186,0.005699605412606045,federal food,4.059497754754785
-7.102955134869016,0.1874683363422096,-0.027153002632517603,-0.003114514131835097,0.0012321350180356577,assistance,5.632107659834626
-8.583014263157283,0.8862305695907549,0.02231186176483739,0.002990556975718867,0.005948618247872232,food assistance,3.9954910802201624
-8.717576828893145,0.9496231737455976,0.028436767326681045,0.0037488585506096003,0.006556904366410592,assistance snap,3.8467564507706973
-7.700738225310344,0.4699284459934123,-0.010322237813909771,-0.0010408879663983536,0.002798380549388999,benefit+s are,4.970985249764923
-7.7419894982979,0.4894113308870578,-0.00902979258211873,-0.0008815011143601054,0.0029202829338869467,are set,4.925367162504338
-5.077534832289155,-0.7705236342570427,-0.06667443367129898,-0.007970323321181484,-0.0022909098044509323,Saturday,7.872578259023595
-8.945981539551854,1.0571322760139357,0.03976540669039373,0.00515285399919866,0.007696559738992586,expire saturday,3.5943377133776657
-7.544051551958044,0.39591391800317055,-0.015064444765449589,-0.0016255183685210438,0.0023530949328437467,for hurrican+e,5.144263957105217
-9.157391241223047,1.156511864304092,0.05147491721359415,0.006606056478543695,0.008894769875402327,melissa bring,3.3607588039903313
-9.17454153276018,1.164567314594441,0.052483517000254484,0.006731325102998939,0.008998955470634343,bring over,3.3418129923260538
-9.188209821798097,1.1709864972799924,0.05329411256453778,0.006832012738678287,0.009082801198027577,170,3.3267140719327313
-9.188209821798097,1.1709864972799924,0.05329411256453778,0.006832012738678287,0.009082801198027577,over 170,3.3267140719327313
-9.198762889640452,1.1759421643798176,0.05392412088326838,0.006910275768370278,0.009148037416870097,170 mile+s,3.3150566504329904
-4.90338610447439,-0.8529273851581949,-0.06923704402148723,-0.008284593837759308,-0.0025117530785083,per,8.065233579920962
-5.731625410230991,-0.4610538417186265,-0.05608020915451862,-0.006670374325355199,-0.0013679695996230128,mile+s per,7.148994213259372
-5.741807670658804,-0.45623680856108706,-0.05590187810529017,-0.006648482368770287,-0.0013522979538819844,hour,7.137730384074825
-5.741807670658804,-0.45623680856108706,-0.05590187810529017,-0.006648482368770287,-0.0013522979538819844,per hour,7.137730384074825
-9.235610195249892,1.1932420950219016,0.0561528365981047,0.0071871876088603105,0.009379309039336205,hour wind+s,3.274354861837704
-9.25148230673042,1.2006924405645045,0.057127014979987956,0.0073082505511649545,0.009480640231688481,Good,3.256823156382299
-9.262357097780342,1.2057964571821518,0.057799491048987864,0.007391828908578341,0.009550675229303644,good morning,3.244811556926828
-6.045887589246976,-0.3123911838611364,-0.0503618485547002,-0.005968213966508224,-0.0008632188968341892,'re,6.801355003526836
-9.287020988911214,1.217370472303787,0.05934002225933015,0.007583319349552484,0.009711379166901339,you 're,3.2175702114868012
-9.294825480023082,1.2210323433929415,0.05983200118105693,0.007644480820608595,0.009762779025353845,reading,3.2089503659941356
-9.294825480023082,1.2210323433929415,0.05983200118105693,0.007644480820608595,0.009762779025353845,'re reading,3.2089503659941356
-9.309860775068204,1.2280861645255494,0.0607859892473271,0.007763088673847776,0.009862555434735333,reading the,3.192344628103521
-8.600255406445484,0.8943548772038452,0.023075869268199725,0.0030851164293769807,0.006024195708054989,First,3.9764332200053154
-8.410022993647981,0.8046853752594378,0.014958980604955985,0.0020809325420793265,0.00522557625525932,newsletter,4.186723582618896
-9.332794885010044,1.2388437886495358,0.06225709472458919,0.007946016582594329,0.010016695898836959,first newsletter,3.167015898300932
-9.352488078535586,1.2480792955251765,0.0635359637662568,0.008105067744459777,0.010150970242262008,Subscribe,3.1452673268368643
-9.367930094902055,1.2553198617772399,0.06454907004087497,0.008231084445189487,0.010257523756304784,here,3.1282141901831446
-9.367930094902055,1.2553198617772399,0.06454907004087497,0.008231084445189487,0.010257523756304784,subscrib+e her+e,3.1282141901831446
-6.183207214174506,-0.24743806075897945,-0.04771542090260834,-0.005643134655929843,-0.0006280737082029163,get,6.649453989896203
-9.37970495258751,1.260840178502546,0.06532776619946966,0.008327954589816495,0.010339533273349924,her+e get,3.1152111591359355
-6.200759361688864,-0.24951177525977952,0.09079871853249845,-0.17995665499681443,-0.0370530058059343,delivered,6.634663604054843
-9.389615919674027,1.2654861397074513,0.06598739562812787,0.008410020196028578,0.010409078104623756,get delivered,3.10426666265764
-9.407125312243291,1.2736928257105171,0.06716223742164547,0.00855620111107252,0.010533112547037662,delivered your,3.084931892430344
-9.413570060598364,1.2767131040411817,0.0675977533402574,0.008610396131713405,0.010579147970376745,inbox,3.0778154421958828
-9.413570060598364,1.2767131040411817,0.0675977533402574,0.008610396131713405,0.010579147970376745,your inbox,3.0778154421958828
-9.422340049912368,1.2808227473098224,0.0681930993826773,0.008684485018222774,0.010642126713083986,inbox and,3.06813155419513
-9.427224583077658,1.2831114825921364,0.06852604073862402,0.008725920920007067,0.01067737153097182,listen,3.062738092050206
-9.427224583077658,1.2831114825921364,0.06852604073862402,0.008725920920007067,0.01067737153097182,and liste+n,3.062738092050206
-9.439053398191021,1.2886535705695774,0.06933637881819078,0.00882677806744808,0.010763226838250435,liste+n the,3.049677037760063
-9.453667143173385,1.2954994452421749,0.0703455152159954,0.00895239272231649,0.010870291277314724,podcast,3.033541392174947
-9.453667143173385,1.2954994452421749,0.0703455152159954,0.00895239272231649,0.010870291277314724,first podcast,3.033541392174947
-9.462262463242393,1.2995254259969353,0.07094324270816564,0.009026803851504945,0.010933783987961368,podcast for,3.0240511778732344
-9.466453084402946,1.3014881344746219,0.07123579786386773,0.009063226116487943,0.010964881063300836,for all,3.019424318384407
-9.439053398191021,1.2886535705695774,0.06933637881819078,0.00882677806744808,0.010763226838250435,all the,3.049677037760063
-4.02719006429559,-1.2675643079067553,-0.08077622150967716,-0.009698965610815409,-0.003494366654666799,news,9.034561004997993
-7.636103938125535,0.43939915059727586,-0.01230980180660772,-0.0012859553236096713,0.0026113700150807075,the news,5.042462864246621
-9.407125312243291,1.2736928257105171,0.06716223742164547,0.00855620111107252,0.010533112547037662,news you,3.084931892430344
-7.9080301487467235,0.5678174168791568,-0.0036284898562050083,-0.00021516213938346448,0.003432258205070645,need,4.741756241796849
-7.9080301487467235,0.5678174168791568,-0.0036284898562050083,-0.00021516213938346448,0.003432258205070645,you need,4.741756241796849
-9.491158400877447,1.3130570763272225,0.07297583837089326,0.009279884073381374,0.011150121769652386,start,2.992148084847039
-9.491158400877447,1.3130570763272225,0.07297583837089326,0.009279884073381374,0.011150121769652386,need start,2.992148084847039
-9.407125312243291,1.2736928257105171,0.06716223742164547,0.00855620111107252,0.010533112547037662,start your,3.084931892430344
-1.296670776719056,-2.559592182091232,-0.08337117689318974,-0.041696910261313,-0.01158309497599028,day,12.055309784581187
-9.501285923972386,1.3177985719634173,0.07369680803614999,0.009369668352082956,0.011227017076075714,your day,2.9809670984825436
-9.506635443348657,1.3203028677034128,0.07407946067270259,0.009417324459936515,0.01126786304124431,Today,2.9750612282996665
-9.513586204398258,1.3235565119089616,0.07457854965454157,0.009479485214290725,0.011321173383601914,today top,2.9673876969755977
-9.516986442929523,1.3251480571133103,0.07482348471037663,0.009509992942747505,0.01134735089650022,st…,2.9636339324779413
-9.516986442929523,1.3251480571133103,0.07482348471037663,0.009509992942747505,0.01134735089650022,top st…,2.9636339324779413
-9.5211686791551,1.3271055374984218,0.07512546248428455,0.009547606904530789,0.011379638200583936,+6602,2.9590169066096226
-9.5211686791551,1.3271055374984218,0.07512546248428455,0.009547606904530789,0.011379638200583936,st… +6602,2.9590169066096226
-9.526090476505413,1.3294090339173288,0.07548185025055028,0.009591999972901855,0.011417761945975588,+6602 char+s,2.953583492848206
-8.321671085888585,0.763019364850845,0.01140891427113877,0.0016420270842273932,0.004879268800736462,Strongest,4.284400111812989
-5.793739386767405,-0.43166918346004524,-0.05498535565937663,-0.006535964451914325,-0.001271683827724958,storm earth,7.08028256798607
-5.087739006032692,-0.7656953182590582,-0.06652116914728874,-0.007951525396174119,-0.0022776717292515365,earth 2025,7.861289747110516
-8.387364309810454,0.7940008389883226,0.014035910757773606,0.0019667936269970147,0.005135357330599917,2025 the,4.211773155962554
-7.792692876914949,0.513356522565116,-0.007414859754855452,-0.0006823134309226269,0.0030729301256002487,2025 about,4.869297244975625
-8.06969543604385,0.644132326018386,0.0019610104426007607,0.00047480629846994096,0.0039663855994012814,about hit,4.562995055625408
2.32972932821537,-4.276846112354767,-0.1368077590655737,-0.017117088392798928,-0.014436660303693446,Here,16.06765838366957
-8.446500262633714,0.8218842900894612,0.016463828933612534,0.0022670349098472455,0.005372919596871627,her+e what,4.1463980731189665
-8.645069051628365,0.9154691442386595,0.025089713118608206,0.003334405378413065,0.006223817382753032,need know,3.926898704242373
-7.9067005825713785,0.5671896806770045,-0.0036730609240420986,-0.00022066230292683807,0.003428016698440244,about hurricane,4.74322645675278
-8.867991664202805,1.020437356147013,0.03575504139752403,0.004655620584160691,0.007290939126539844,melissa before,3.680520782276677
-8.908755340186907,1.0396190505416463,0.03783181623079615,0.004913084089516476,0.007500690478703416,before its,3.6354737906062864
-8.930426987977121,1.0498150319199488,0.0389531022088644,0.0050521195188340424,0.0076142065600073045,its first,3.6115257578327733
-8.960977102987597,1.0641859179848927,0.04055455271919828,0.005250725970636402,0.007776659837443469,first land+fall,3.577767645943955
-9.040887344249926,1.1017631686314084,0.044862920058706623,0.005785224860558455,0.008215622115274534,category hurrican+e,3.489471930399925
-6.875784507476375,0.08007771464582936,-0.03275188869433116,-0.0038035294738688746,0.0007198174211548898,Katrina,5.883371390018121
-8.99847513053162,1.0818214851409966,0.042554324870978905,0.005498784519739595,0.007980060431824322,hurrican+e katrina,3.536333661498305
-8.960977102987597,1.0641859179848927,0.04055455271919828,0.005250725970636402,0.007776659837443469,approaching,3.577767645943955
-8.960977102987597,1.0641859179848927,0.04055455271919828,0.005250725970636402,0.007776659837443469,katrina approaching,3.577767645943955
-8.897493542062538,1.0343201511735964,0.0372538829076529,0.004841429704078136,0.00744225540870703,approaching jamaica,3.647918747776874
-8.829780634835116,1.0024529780194922,0.0338456024122412,0.0044189582402232655,0.007098654996985103,jamaica october,3.722748624046855
-8.560592577594416,0.8756642832584296,0.021327059483098987,0.002868682576655183,0.005851324399480783,noaa early,4.020275730747688
-8.207818865380005,0.7093115013457318,0.0070215258296640465,0.0010998436256783786,0.004453769496389657,morning hurricane,4.410275506016466
-6.887567039519165,0.08564821796698885,-0.03247084158169641,-0.0037689521766836034,0.0007454307455921419,with sustained,5.870338987814699
-2.3448362436086754,-2.0637941987206316,-0.09809880428022699,-0.01182025934338155,-0.004931875530145148,potential,10.895785391547285
-8.228270571769649,0.7189605066759761,0.007794745770927924,0.0011953770227270937,0.004528559151204295,and potential,4.3876634642011485
-8.446500262633714,0.8218842900894612,0.016463828933612534,0.0022670349098472455,0.005372919596871627,+4548,4.1463980731189665
-8.446500262633714,0.8218842900894612,0.016463828933612534,0.0022670349098472455,0.005372919596871627,potential +4548,4.1463980731189665
-8.525110726681396,0.8589415044672255,0.019788518594401464,0.002678307844301186,0.005699605412606045,+4548 char+s,4.059497754754785
-5.808353929475018,-0.42475548631248117,-0.05472529870664404,-0.006504036604143159,-0.0012487886141472077,WATCH,7.064115733827554
-8.248090955308372,0.7283111444103216,0.008550221010689682,0.0012887259963630503,0.004601714604015509,Lobby,4.365749663832237
-8.248090955308372,0.7283111444103216,0.008550221010689682,0.0012887259963630503,0.004601714604015509,watch lobby,4.365749663832237
-8.043675002526344,0.6318510828620825,0.001037930987456026,0.00036083211800063547,0.003877873512603769,luxury,4.591766287283786
-8.043675002526344,0.6318510828620825,0.001037930987456026,0.00036083211800063547,0.003877873512603769,lobby luxury,4.591766287283786
-7.829083933714435,0.5305412296113183,-0.006237411153170121,-0.0005370637398305145,0.0031844552724164775,luxury florida,4.829055102262284
-7.477694758167973,0.3645635756958825,-0.01699703739831899,-0.0018636889673117009,0.0021725254360989016,hotel,5.217649846099678
-7.477694758167973,0.3645635756958825,-0.01699703739831899,-0.0018636889673117009,0.0021725254360989016,florida hotel,5.217649846099678
-5.932764350927193,-0.3658927797570444,-0.04944798329671238,-0.0007001707759526432,-0.0031738345786739303,flooded,6.9264933996596865
-7.071893619035383,0.1727859371464664,-0.027941683548418333,-0.0032115949693514046,0.0011597053269602631,hotel flooded,5.6664628553489305
1.260080072703298,-3.7700355005671415,-0.12227964997595002,-0.014779711184827838,-0.006855468625063173,amid,14.884048245050515
-6.022046552864507,-0.3236685770711727,-0.05081179415493388,-0.006023476115188059,-0.0009031009631628312,flooded amid,6.827727816647268
-4.185821585348812,-1.1924922340155728,-0.0788389811189619,-0.009461597618930855,-0.003330768221219657,amid storms,8.85906650496498
-5.3523433400816325,-0.6423573856640101,-0.013602891576383107,0.08275182992175009,-0.03671680945216282,Experts,7.569457283114329
-6.385120571403944,-0.15193983476369732,-0.04364545485031125,-0.005143036374649919,-0.0002645363470241517,storms experte+s,6.426104156099273
-6.6641463357447,-0.019988693815967906,-0.03763791766871212,-0.004404505866058367,0.00027627588132775327,experte+s said,6.117463876386458
-4.9246910952854,-0.8428461189620884,-0.06892882109616165,-0.00824679772555452,-0.0024852407058420403,said the,8.04166445081694
-6.21661624512824,-0.23163601321239113,-0.04705703875758524,-0.005562248629623658,-0.0005694221387969002,unleased,6.612497703330628
-6.21661624512824,-0.23163601321239113,-0.04705703875758524,-0.005562248629623658,-0.0005694221387969002,storm unleased,6.612497703330628
-7.227468340110483,0.24631950879148423,-0.023913428443457965,-0.002715664748564846,0.0015305498648160512,unleased rains,5.494393571369673
-7.580519615384795,0.4131420254224798,-0.013983591111915508,-0.0014922940291361344,0.002454309733223546,comparable,5.1039334556582885
-7.580519615384795,0.4131420254224798,-0.013983591111915508,-0.0014922940291361344,0.002454309733223546,rains comparable,5.1039334556582885
-8.06969543604385,0.644132326018386,0.0019610104426007607,0.00047480629846994096,0.0039663855994012814,comparable what,4.562995055625408
-5.793739386767405,-0.43166918346004524,-0.05498535565937663,-0.006535964451914325,-0.001271683827724958,what the,7.08028256798607
-8.387364309810454,0.7940008389883226,0.014035910757773606,0.0019667936269970147,0.005135357330599917,region saw,4.211773155962554
-8.446500262633714,0.8218842900894612,0.016463828933612534,0.0022670349098472455,0.005372919596871627,saw from,4.1463980731189665
-6.236295126900843,-0.22232827710982583,-0.046666500530662805,-0.005514266431001327,-0.0005346027309862302,from hurricane,6.590729444695213
-8.525110726681396,0.8589415044672255,0.019788518594401464,0.002678307844301186,0.005699605412606045,2022,4.059497754754785
-8.525110726681396,0.8589415044672255,0.019788518594401464,0.002678307844301186,0.005699605412606045,hurricane 2022,4.059497754754785
-5.23701650604679,-0.6950629203088354,-0.06423812988249028,-0.007671482416429173,-0.0020800784501455085,officially,7.696150049547883
-7.897035202069215,0.5626262554438695,-0.003996412510400185,-0.000260563771099339,0.0033972540139853326,melissa officially,4.753914316768245
-7.421325985953185,0.33792984607962184,-0.018605162127230353,-0.0020618357555455703,0.0020226678636915824,becomes,5.27999071784519
-7.421325985953185,0.33792984607962184,-0.018605162127230353,-0.0020618357555455703,0.0020226678636915824,officially becomes,5.27999071784519
-6.781585203013333,0.03554057516761322,-0.034963935480850465,-0.004075644605969792,0.0005186036344663669,becomes strongest,5.987564083629794
-7.477694758167973,0.3645635756958825,-0.01699703739831899,-0.0018636889673117009,0.0021725254360989016,world this,5.217649846099678
-7.959303585747498,0.5920241621678883,-0.0018926522020663167,-9.353542903475787e-07,0.0035976624220494836,year /li,4.685059407645326
-8.164879785188976,0.6890513719522318,0.005418620261939705,0.0009018266002088771,0.00429899911269266,Tracking,4.457751054588845
-8.164879785188976,0.6890513719522318,0.005418620261939705,0.0009018266002088771,0.00429899911269266,/li tracking,4.457751054588845
-8.321671085888585,0.763019364850845,0.01140891427113877,0.0016420270842273932,0.004879268800736462,tracking hurrican+e,4.284400111812989
-8.487179789289799,0.8410620343968025,0.01817010906768536,0.002478086725618797,0.005540380231575085,Melissas,4.101428113727852
-8.487179789289799,0.8410620343968025,0.01817010906768536,0.002478086725618797,0.005540380231575085,hurrican+e melissas,4.101428113727852
-8.593880825393816,0.8913511356152333,0.02279270332156813,0.0030500686557798553,0.005996174348257813,melissas path,3.983479468109561
-8.645069051628365,0.9154691442386595,0.025089713118608206,0.003334405378413065,0.006223817382753032,path and,3.926898704242373
-8.682635079537773,0.9331655838726289,0.026809835596675297,0.0035473814762933785,0.006394792940347737,timing,3.885376673775027
-8.682635079537773,0.9331655838726289,0.026809835596675297,0.0035473814762933785,0.006394792940347737,and timing,3.885376673775027
-7.959303585747498,0.5920241621678883,-0.0018926522020663167,-9.353542903475787e-07,0.0035976624220494836,timing /li,4.685059407645326
0.30035595407341553,-3.3153891086860225,-0.09520411713684652,-0.04131795019007337,-0.01206917730604503,states,13.82212386952808
-8.83637914332448,1.0055588866745822,0.03417280883863366,0.004459509510222628,0.007131566857874316,/li state+s,3.7154563527576876
-5.133189951616417,-0.7441894017661532,-0.06583421089777261,-0.00786726696209891,-0.0022182950311598454,warn,7.811009061923845
-8.880032162977376,1.0261035654942008,0.03636413296267227,0.004731124748207728,0.007352389878670231,state+s warn,3.667214905698004
-8.908755340186907,1.0396190505416463,0.03783181623079615,0.004913084089516476,0.007500690478703416,warn food,3.6354737906062864
-8.93567610559492,1.0522844209622846,0.03922651918381602,0.0050860250668865355,0.0076419151221984345,food benefit+s,3.6057253600576233
-9.064279457372571,1.1127594475956388,0.04615807858794055,0.005945957451059686,0.008348129260713941,/l…,3.463626788899153
-9.064279457372571,1.1127594475956388,0.04615807858794055,0.005945957451059686,0.008348129260713941,expire /l…,3.463626788899153
-9.082730498882169,1.1214317601233015,0.04719090422564544,0.0060741519320748165,0.008453979798317307,+4643,3.44324142115305
-9.082730498882169,1.1214317601233015,0.04719090422564544,0.0060741519320748165,0.008453979798317307,/l… +4643,3.44324142115305
-9.103732468924045,1.1313016843124895,0.04837881037449908,0.00622161493041125,0.008575924748125206,+4643 char+s,3.4200383062972985
-8.625194942290312,0.906105796601643,0.024191560266480408,0.00322321797224155,0.006134715195925233,Live,3.9488662263398218
-8.57192088154152,0.8810028954408258,0.021823389068044666,0.0029301042092751504,0.005900341828097674,Updates,4.007753513760533
-8.57192088154152,0.8810028954408258,0.021823389068044666,0.0029301042092751504,0.005900341828097674,live update+s,4.007753513760533
-8.46038609530353,0.8284308589064298,0.017042894792876018,0.0023386556387175756,0.005429704198076386,update+s category,4.1310475776448605
-7.213820265546991,0.23986912708072872,-0.024274771695443148,-0.002760159078350504,0.0014971925276293287,Landfall,5.509488438710382
-7.068094857089831,0.17099027800437572,-0.028037618407782523,-0.0032234033193555044,0.0011509008814588675,category land+fall,5.670664441977622
-8.094771942514079,0.6559673446619048,0.002859455410995332,0.0005857499616867545,0.0040526511186454815,Imminent,4.535267859021197
-8.094771942514079,0.6559673446619048,0.002859455410995332,0.0005857499616867545,0.0040526511186454815,land+fall imminent,4.535267859021197
-7.714391215210024,0.4763768730200315,-0.009896571595698948,-0.00098839641601266,0.002838503280814409,imminent jamaica,4.955886901105037
-7.296710314753467,0.2790432714199538,-0.02205567658292673,-0.0024868827519326647,0.0017023335702868536,Takes,5.417812156168164
-7.296710314753467,0.2790432714199538,-0.02205567658292673,-0.0024868827519326647,0.0017023335702868536,jamaica takes,5.417812156168164
-6.781585203013333,0.03554057516761322,-0.034963935480850465,-0.004075644605969792,0.0005186036344663669,Cover,5.987564083629794
-6.781585203013333,0.03554057516761322,-0.034963935480850465,-0.004075644605969792,0.0005186036344663669,takes cover,5.987564083629794
-5.793739386767405,-0.43166918346004524,-0.05498535565937663,-0.006535964451914325,-0.001271683827724958,cover the,7.08028256798607
-6.781585203013333,0.03554057516761322,-0.034963935480850465,-0.004075644605969792,0.0005186036344663669,grown,5.987564083629794
-6.781585203013333,0.03554057516761322,-0.034963935480850465,-0.004075644605969792,0.0005186036344663669,has grown,5.987564083629794
-7.296710314753467,0.2790432714199538,-0.02205567658292673,-0.0024868827519326647,0.0017023335702868536,grown stronger,5.417812156168164
-7.754513288962295,0.49532601792614317,-0.008633632877620485,-0.0008326415147645863,0.0029576951175699553,stronger than,4.911517740692276
-7.928828663498409,0.577636927704793,-0.0029283788904383157,-0.00012876347327563445,0.0034989193181899185,than katrina,4.718757645723907
-8.267312251839886,0.7373786598647243,0.009288696523158654,0.0013799820678727318,0.004673302468379586,katrina and,4.34449844737353
-6.092602703079743,-0.2902941448780836,-0.049472143363490956,-0.005858934033271206,-0.0007842743248050489,threatening,6.749679187978325
-8.304075367882625,0.7547200257877618,0.01071740471192531,0.0015565541617925446,0.004812022295796227,and threatening,4.303853480771124
-8.560592577594416,0.8756642832584296,0.021327059483098987,0.002868682576655183,0.005851324399480783,threatening the,4.020275730747688
-8.70907044978232,0.945616900603258,0.028038265839295362,0.003699505108891221,0.006517160800825667,atlantic first,3.8561582278982494
-8.46038609530353,0.8284308589064298,0.017042894792876018,0.0023386556387175756,0.005429704198076386,first category,4.1310475776448605
-8.891750604814085,1.0316178561017868,0.036960403891663454,0.004805044942602371,0.007412600718226484,land+fall since,3.6542650928909084
-8.925111787389003,1.0473144778168448,0.038676973124290054,0.005017878776252607,0.007586234509913746,2019,3.6173992132153345
-8.925111787389003,1.0473144778168448,0.038676973124290054,0.005017878776252607,0.007586234509913746,since 2019,3.6173992132153345
-8.98942063884097,1.0775634749586653,0.042067947875181824,0.005438447170218439,0.007930534699588838,you have,3.5463383844404417
-9.01168399295467,1.0880327117142823,0.04326791573088401,0.005587315214553093,0.008052786974639212,have questions,3.5217387793634893
-9.052761734260486,1.1073453575205952,0.04551839923282863,0.005866568403556699,0.00828265212325751,questions about,3.476352228271435
-9.075458178549544,1.1180137750413324,0.04678262918372769,0.006023474848067249,0.008412117790454691,about melissa,3.4512760805237295
-8.970680012606138,1.0687496509019228,0.041068363385155876,0.005314455104787452,0.007828863050288836,melissa you,3.5670461021166773
-9.133136960940751,1.1451178723120652,0.05006441023819552,0.006430896722055705,0.008749330243197743,text,3.3875531515263635
-9.133136960940751,1.1451178723120652,0.05006441023819552,0.006430896722055705,0.008749330243197743,can text,3.3875531515263635
-9.168918384989237,1.1619262547026645,0.05215178684273107,0.006690122332633993,0.008964671396586603,404,3.3480247929407243
-9.168918384989237,1.1619262547026645,0.05215178684273107,0.006690122332633993,0.008964671396586603,text 404,3.3480247929407243
-9.18280779984433,1.168449572285502,0.05297302328247093,0.006792127629325784,0.009049576522807499,793-7182,3.3326814751466234
-9.18280779984433,1.168449572285502,0.05297302328247093,0.006792127629325784,0.009049576522807499,404 793-7182,3.3326814751466234
-9.226179299444413,1.1888147667275226,0.05557806880834698,0.007115766994630592,0.009319592405762364,'re just,3.2847720687945605
-9.237925902253732,1.1943291478923947,0.05629442978186966,0.007204782748792677,0.009394028003184408,just hours,3.271796995455808
-9.25148230673042,1.2006924405645045,0.057127014979987956,0.0073082505511649545,0.009480640231688481,away,3.256823156382299
-9.25148230673042,1.2006924405645045,0.057127014979987956,0.0073082505511649545,0.009480640231688481,hours away,3.256823156382299
-9.262357097780342,1.2057964571821518,0.057799491048987864,0.007391828908578341,0.009550675229303644,away from,3.244811556926828
-9.27697981368254,1.212658763897061,0.058710246129722185,0.007505032765290883,0.009645637974248012,from historic,3.2286605834443596
-9.294825480023082,1.2210323433929415,0.05983200118105693,0.007644480820608595,0.009762779025353845,historic land+fall,3.2089503659941356
-9.318891571319636,1.2323224907321253,0.06136295267396079,0.007834828482155684,0.009922968444569719,land+fall hurrican+e,3.1823707741147427
-3.882565632351877,-1.3360087151956073,-0.08248987489764056,-0.009908911979782954,-0.0036386173890410683,closes,9.194560023241161
-9.349297252632482,1.2465830175876023,0.06332775836486416,0.008079171793863906,0.010129092263199701,melissa closes,3.1487911249998426
-7.284951864232306,0.27348640993075746,-0.022374077820449055,-0.0025260969413101204,0.0016728574841013621,closes jamaica,5.430816882945185
-6.205212574563229,-0.2370297747908947,-0.04728242097797687,-0.005589938685058167,-0.0005895069781962593,jamaica category,6.625112162238511
-9.400523186610657,1.270598576447227,0.06671781532318695,0.00850090088459488,0.01048616675184548,intensity,3.0922222188616297
-9.400523186610657,1.270598576447227,0.06671781532318695,0.00850090088459488,0.01048616675184548,category intensity,3.0922222188616297
-9.414840676483482,1.2773085428273243,0.06768381528343066,0.008621105917550083,0.01058824855797931,Below,3.076412407802143
-9.42356965537179,1.2813989125320315,0.06827682043350096,0.008694904278457113,0.010650987674136893,below you,3.0667738286130084
-9.43202035336289,1.2853585059769552,0.0688538824850073,0.008766723858264902,0.010712093755662844,+7244,3.0574426945288575
-9.43202035336289,1.2853585059769552,0.0688538824850073,0.008766723858264902,0.010712093755662844,you +7244,3.0574426945288575
-9.439053398191021,1.2886535705695774,0.06933637881819078,0.00882677806744808,0.010763226838250435,+7244 char+s,3.049677037760063
-5.730531084884657,-0.4617252506544136,-0.03887689019048837,0.02490561572422865,-0.013517597918472823,Air,7.150303012585262
-8.593880825393816,0.8913511356152333,0.02279270332156813,0.0030500686557798553,0.005996174348257813,watch air,3.983479468109561
-5.766833570218707,-0.44452069395188376,-0.03969615352338809,0.022302057623802475,-0.012428479303343221,Force,7.110128639133735
-5.766833570218707,-0.44452069395188376,-0.03969615352338809,0.022302057623802475,-0.012428479303343221,air force,7.110128639133735
-8.473941587459016,0.8348213838031071,0.017611541070879463,0.0024089922524462137,0.005485514071083058,fly,4.116062402642489
-8.473941587459016,0.8348213838031071,0.017611541070879463,0.0024089922524462137,0.005485514071083058,force fly,4.116062402642489
-5.963921770429369,-0.35160232115735957,-0.027697253100685423,0.038275979953579765,-0.0181020847923102,inside,6.892258644768165
-8.417681469450553,0.8082964949976694,0.015272985340184952,0.0021197624099626375,0.005256294326667717,fly inside,4.1782570831969315
-5.81653679948164,-0.42155283713445924,-0.024781936561540062,0.04830206172077873,-0.022335026707948125,inside the,7.055405759293786
-0.2934196749779421,-3.0343681665547404,-0.09682912124647325,0.01686157400561117,-0.01792022303170004,eye,13.165214749630284
-0.2934196749779421,-3.0343681665547404,-0.09682912124647325,0.01686157400561117,-0.01792022303170004,the eye,13.165214749630284
-8.06969543604385,0.644132326018386,0.0019610104426007607,0.00047480629846994096,0.0039663855994012814,eye hurrican+e,4.562995055625408
-7.152784890969882,0.21102129552302795,-0.025871743137001267,-0.0029567839476811247,0.0013499850397721575,melissa experte+s,5.576994531384356
-6.21661624512824,-0.23163601321239113,-0.04705703875758524,-0.005562248629623658,-0.0005694221387969002,experte+s warn,6.612497703330628
-4.757108710514568,-0.9221452406791224,-0.07131493931848647,-0.008539373863069695,-0.002690129232740177,'storm,8.227056829045521
-4.757108710514568,-0.9221452406791224,-0.07131493931848647,-0.008539373863069695,-0.002690129232740177,warn 'storm,8.227056829045521
-8.304075367882625,0.7547200257877618,0.01071740471192531,0.0015565541617925446,0.004812022295796227,'storm the,4.303853480771124
-7.071893619035383,0.1727859371464664,-0.027941683548418333,-0.0032115949693514046,0.0011597053269602631,century,5.6664628553489305
-7.071893619035383,0.1727859371464664,-0.027941683548418333,-0.0032115949693514046,0.0011597053269602631,the century,5.6664628553489305
-7.928828663498409,0.577636927704793,-0.0029283788904383157,-0.00012876347327563445,0.0034989193181899185,century catastrophic,4.718757645723907
-8.248090955308372,0.7283111444103216,0.008550221010689682,0.0012887259963630503,0.004601714604015509,catastrophic for,4.365749663832237
-8.691604165820143,0.9373902748523486,0.027224937632711194,0.0035987835235823315,0.006436117831369943,force hurricane,3.8754632622768623
-8.773272027494844,0.9758501866407363,0.031085568432056856,0.004076964761885956,0.006821669623294531,Hunters,3.785200416822074
-8.773272027494844,0.9758501866407363,0.031085568432056856,0.004076964761885956,0.006821669623294531,hurricane hunters,3.785200416822074
-8.780722751021734,0.9793582230579299,0.03144522961759946,0.004121523765077092,0.006857699879821886,hunters have,3.7769658860956294
-8.742240169530103,0.9612380519674757,0.02960117240087605,0.003893080495525362,0.0066731671577248425,flown,3.819497394604099
-8.742240169530103,0.9612380519674757,0.02960117240087605,0.003893080495525362,0.0066731671577248425,have flown,3.819497394604099
-8.691604165820143,0.9373902748523486,0.027224937632711194,0.0035987835235823315,0.006436117831369943,flown inside,3.8754632622768623
-7.531316488809002,0.3855600377769064,0.043155243198006274,0.10652951667615952,-0.03944554718206757,eye hurricane,5.160313046946453
-8.186701100407248,0.6993477003992188,0.006229766768711134,0.001002028218151237,0.004377274700060559,capturing,4.433624212255541
-8.186701100407248,0.6993477003992188,0.006229766768711134,0.001002028218151237,0.004377274700060559,melissa capturing,4.433624212255541
-7.928828663498409,0.577636927704793,-0.0029283788904383157,-0.00012876347327563445,0.0034989193181899185,eerie,4.718757645723907
-7.928828663498409,0.577636927704793,-0.0029283788904383157,-0.00012876347327563445,0.0034989193181899185,capturing eerie,4.718757645723907
-6.555421208241022,-0.07163498354609033,-0.024776562915002458,0.02323975995633646,-0.010685574023518295,footage,6.237855728070244
-7.714391215210024,0.4763768730200315,-0.009896571595698948,-0.00098839641601266,0.002838503280814409,eerie footag+e,4.955886901105037
-8.625194942290312,0.906105796601643,0.024191560266480408,0.00322321797224155,0.006134715195925233,footag+e the,3.9488662263398218
-7.129322752854053,0.19970021083995926,-0.014347922121742789,0.01914401351946468,-0.007231503131103772,that expected,5.603066104323938
-5.01911427152426,-0.8682704796632685,0.17109342831977403,0.45866497142155543,-0.18606920458920884,widespread,7.967630307810826
-5.01911427152426,-0.8682704796632685,0.17109342831977403,0.45866497142155543,-0.18606920458920884,cause widespread,7.967630307810826
-0.645180174607674,-2.8745062938902093,-0.12477682693335809,0.09848647957109377,-0.11721608498560401,devastation,12.778818840521238
-7.041884959203677,0.13190512856429137,0.12030613830952742,0.2788875122832122,-0.1088112127050426,widespread devastation,5.711348858082557
-8.418342626638763,0.80512852111259,0.06107087721735539,0.08616360853656461,-0.027127206533388386,devastation jamaica,4.17910038504866
-8.586848520915336,0.8857624122494836,0.05647157966949087,0.0652078717243647,-0.017974881033299882,the air,3.9922896551562195
-8.687165565235746,0.9335261542481155,0.05516323291639748,0.054979974770920856,-0.01335968468327856,force has,3.8811805794106213
-8.722206271919019,0.9501768799914194,0.05494037862790824,0.05176086466014685,-0.011876902026371145,captured,3.8423848314228572
-8.722206271919019,0.9501768799914194,0.05494037862790824,0.05176086466014685,-0.011876902026371145,has captured,3.8423848314228572
-8.792713751535436,0.9836360351555578,0.05484348751955183,0.04579860729053515,-0.009079775649200001,jaw-dropping,3.7643414160305553
-8.792713751535436,0.9836360351555578,0.05484348751955183,0.04579860729053515,-0.009079775649200001,captured jaw-dropping,3.7643414160305553
-8.866001125077903,1.0175788164887265,0.06403273783755382,0.05643471164287954,-0.012639064827278059,jaw-dropping footag+e,3.683595793754306
-8.89116959083125,1.0278913820837465,0.07861422779273701,0.08109915406394166,-0.02196862906725039,footag+e from,3.6564622710278925
-8.904114518542078,1.0327491171893042,0.08802127513502224,0.09737079526825139,-0.028162199514570982,from inside,3.6427010898759664
-7.808745622403273,0.49187986018209573,0.21976313695271332,0.1785687869546864,-0.12520415409411206,which expected,4.864356723054965
-9.104249372950612,1.10904219302798,0.16962298297092582,0.23230392817626003,-0.07909321510686279,devastation makes,3.4293171710738757
-3.4134396507123093,-1.5583799966056189,-0.05264348885291948,0.05413532958220115,-0.02899809191656971,makes land+fall,9.713775800155668
-9.22647697026559,1.1776984866137996,0.13680714232255065,0.15688539815124883,-0.04852257411341501,53rd,3.2894092331951708
-9.22647697026559,1.1776984866137996,0.13680714232255065,0.15688539815124883,-0.04852257411341501,the 53rd,3.2894092331951708
-9.240710203961047,1.1852708594962866,0.13368275892136317,0.14947301018848547,-0.04550601554563288,53rd weather,3.273299131680588
-9.261822313855761,1.1963744407816295,0.12932779425794338,0.13901063319775622,-0.041240497030063675,Reconnai…,3.2494585366633064
-9.261822313855761,1.1963744407816295,0.12932779425794338,0.13901063319775622,-0.041240497030063675,weather reconnai…,3.2494585366633064
-8.176143928964382,0.6887696486212245,-0.08764133507762936,0.06409305250084639,-0.14154384295468025,+3762,4.447501754282717
-9.288090303379352,1.209996319580489,0.12437125794713051,0.12686456326069173,-0.03627407796582676,reconnai… +3762,3.2198792705772337
-8.205529462220344,0.7030626100649076,-0.08616619886264949,0.060405797988593427,-0.13769310201004956,+3762 char+s,4.414829665923741
-6.4273501274514935,-0.13196802479392566,-0.04276582622374171,-0.00503492660479268,-0.0001856633151306993,Photos,6.3793918599419905
-7.095583733177232,0.18398400565242934,-0.027340857355333086,-0.0031376383731581492,0.0012148752839660337,photo+s hurrican+e,5.6402606863311275
-5.056544417035407,-0.7804557190437138,-0.06698860355196506,-0.008008855594603369,-0.0023180353971892693,bears,7.895799220867026
-8.691604165820143,0.9373902748523486,0.027224937632711194,0.0035987835235823315,0.006436117831369943,melissa bear+s,3.8754632622768623
-8.63522783684793,0.910832720596862,0.02464395370342605,0.003279220856767618,0.00617958064277333,bear+s dow+n,3.937776486839166
-7.484871146738779,0.36795420857090777,-0.016790115923952062,-0.0018381905000729665,0.002191834077880782,dow+n jamaica,5.209713207391961
-7.421325985953185,0.33792984607962184,-0.018605162127230353,-0.0020618357555455703,0.0020226678636915824,category and,5.27999071784519
0.42318703803756286,-3.3739285583822314,-0.11777862171498467,-0.014228751105650864,-0.006505504638906827,storm this,13.958158948435411
-7.627603654721491,0.43538390113362935,-0.012567862660660359,-0.0013177705208420164,0.0025871293865743304,year approaches,5.051863244380658
-4.630645346356361,-0.9819886894345089,-0.07305920087457815,-0.008753214128229918,-0.0028393818509451093,warns,8.366961030144653
-7.227468340110484,0.24631950879148556,-0.02391342844345805,-0.0027156647485648477,0.0015305498648160764,center sei+ns,5.494393571369672
-7.329494739198729,0.2945362753566485,-0.02116149128746287,-0.0023767483080823553,0.0017851882053535155,sei+ns the,5.3815531025574925
-5.445428195739261,-0.5964550579516739,-0.06091673502148107,-0.007263977789436044,-0.0017912903432258298,the da+mög+e,7.465594792749597
-7.152784890969882,0.21102129552302795,-0.025871743137001267,-0.0029567839476811247,0.0013499850397721575,jamaica catastrophic,5.576994531384356
-8.094771942514079,0.6559673446619048,0.002859455410995332,0.0005857499616867545,0.0040526511186454815,melissa approaches,4.535267859021197
5.400732055120786,-5.729747683729371,-0.1383087206067231,-0.016744486774775205,-0.008064869663325326,storm hit,19.464998167725987
2.065379973434199,-4.160305100177612,-0.22107317338681454,-0.03241443449796439,-0.07857553982297433,hit the,15.77869648167698
-7.829083933714435,0.5305412296113183,-0.006237411153170121,-0.0005370637398305145,0.0031844552724164775,island recorded,4.829055102262284
-8.094771942514079,0.6559673446619048,0.002859455410995332,0.0005857499616867545,0.0040526511186454815,recorded history,4.535267859021197
-9.086314356016064,1.1231161061465211,0.04739268133443336,0.006099198416572693,0.008474678146360402,+286,3.439281905843917
-9.086314356016064,1.1231161061465211,0.04739268133443336,0.006099198416572693,0.008474678146360402,melissa +286,3.439281905843917
-9.103732468924045,1.1313016843124895,0.04837881037449908,0.00622161493041125,0.008575924748125206,+286 chars,3.4200383062972985
-8.930426987977121,1.0498150319199488,0.0389531022088644,0.0050521195188340424,0.0076142065600073045,'We,3.6115257578327733
-8.914277441843245,1.0422171851831683,0.03811638115973226,0.004948367354098669,0.007529481287419246,'we 're,3.6293715948363943
-8.891750604814085,1.0316178561017868,0.036960403891663454,0.004805044942602371,0.007412600718226484,absolutely,3.6542650928909084
-8.891750604814085,1.0316178561017868,0.036960403891663454,0.004805044942602371,0.007412600718226484,'re absolutely,3.6542650928909084
-8.82308479959367,0.9993011491889134,0.033514635031240886,0.004377942466608206,0.007065380997442675,terrified,3.7301485034834934
-8.82308479959367,0.9993011491889134,0.033514635031240886,0.004377942466608206,0.007065380997442675,absolutely terrified,3.7301485034834934
-7.44142872766818,0.34742843694862025,-0.018035129390944628,-0.0019916023758102417,0.0020757468517275043,Millions,5.257758047146078
-8.734157631567447,0.957431832469307,0.029218097017950972,0.0038456310221995967,0.006634896078761119,terrified million+s,3.8284305211422858
-8.654724682624323,0.9200179484181765,0.025529014765699215,0.0033887932340644755,0.006267441650877658,brace,3.9162261364571944
-8.654724682624323,0.9200179484181765,0.025529014765699215,0.0033887932340644755,0.006267441650877658,million+s brace,3.9162261364571944
-8.248090955308372,0.7283111444103216,0.008550221010689682,0.0012887259963630503,0.004601714604015509,melissa impact,4.365749663832237
-8.016648977654057,0.6190944460946379,8.891676677143245e-05,0.00024366779758570878,0.0037869999399613545,impact jamaica,4.621649766577901
-4.876387247754344,-0.8657029830868934,-0.06962557446298871,-0.008332236426528177,-0.002545153737339661,world strongest,8.095101708134218
-1.2557850557524137,-2.5792515474541338,-0.10687956489145357,-0.012894931805979516,-0.005642295195537174,the year,12.10064287587487
-7.421325985953185,0.33792984607962184,-0.018605162127230353,-0.0020618357555455703,0.0020226678636915824,year closes,5.27999071784519
-8.186701100407248,0.6993477003992188,0.006229766768711134,0.001002028218151237,0.004377274700060559,jamaica peopl+e,4.433624212255541
-8.321671085888585,0.763019364850845,0.01140891427113877,0.0016420270842273932,0.004879268800736462,describe,4.284400111812989
-8.321671085888585,0.763019364850845,0.01140891427113877,0.0016420270842273932,0.004879268800736462,peopl+e describ+e,4.284400111812989
-8.46038609530353,0.8284308589064298,0.017042894792876018,0.0023386556387175756,0.005429704198076386,frantic,4.1310475776448605
-8.46038609530353,0.8284308589064298,0.017042894792876018,0.0023386556387175756,0.005429704198076386,describ+e frantic,4.1310475776448605
-8.560592577594416,0.8756642832584296,0.021327059483098987,0.002868682576655183,0.005851324399480783,preparations,4.020275730747688
-8.560592577594416,0.8756642832584296,0.021327059483098987,0.002868682576655183,0.005851324399480783,frantic preparations,4.020275730747688
-7.384190562469397,0.3201014248692222,-0.031485225168145614,-0.0009198377932800456,0.03164424620679522,Waves,5.32115731356153
-8.750189276352113,0.9649812954825567,0.029979345853600403,0.0039399248861049126,0.006710969696639188,crash,3.810711804171223
-8.750189276352113,0.9649812954825567,0.029979345853600403,0.0039399248861049126,0.006710969696639188,waves crash,3.810711804171223
-8.83637914332448,1.0055588866745822,0.03417280883863366,0.004459509510222628,0.007131566857874316,crash the,3.7154563527576876
-8.861845934071283,1.0175450578780016,0.03544553004226057,0.00461725505499622,0.007259733941948433,the kingston,3.6873124523120797
-8.914277441843245,1.0422171851831683,0.03811638115973226,0.004948367354098669,0.007529481287419246,waterfront,3.6293715948363943
-8.914277441843245,1.0422171851831683,0.03811638115973226,0.004948367354098669,0.007529481287419246,kingston waterfront,3.6293715948363943
-8.980158319033016,1.073207480652963,0.04157272548763391,0.005377016136695684,0.007880144896241824,waterfront the,3.556572857561738
-7.5155427844369544,0.3762337709064534,0.08208748684292984,-0.12437345025595584,-0.02327472124445023,trees,5.17858282631672
-8.99847513053162,1.0818214851409966,0.042554324870978905,0.005498784519739595,0.007980060431824322,the trees,3.536333661498305
-9.024466983076087,1.0940431769925767,0.04396312705515437,0.005673573005355129,0.008123714294974906,trees are,3.5076146807201494
-9.040887344249926,1.1017631686314084,0.044862920058706623,0.005785224860558455,0.008215622115274534,snapping,3.489471930399925
-9.040887344249926,1.1017631686314084,0.044862920058706623,0.005785224860558455,0.008215622115274534,are snapping,3.489471930399925
-8.83637914332448,1.0055588866745822,0.03417280883863366,0.004459509510222628,0.007131566857874316,snapping the,3.7154563527576876
-8.43747258362719,0.817627964165627,0.016089207498906438,0.0022207030471299224,0.005336209042826716,the wind,4.156378056753138
-9.120361901256505,1.139115665750513,0.049328834043704944,0.006339563287010009,0.00867360469655942,slamming,3.4016664710002997
-9.120361901256505,1.139115665750513,0.049328834043704944,0.006339563287010009,0.00867360469655942,wind slamming,3.4016664710002997
-9.148489639903458,1.1523303818329633,0.05095510144080828,0.006541501132294021,0.008841135342560136,slamming into,3.370592530694408
-9.163202488395378,1.159241513632019,0.05181562255677852,0.0066483705287601995,0.008929946318820655,into our,3.3543391046997835
-9.17454153276018,1.164567314594441,0.052483517000254484,0.006731325102998939,0.008998955470634343,rooms,3.3418129923260538
-9.17454153276018,1.164567314594441,0.052483517000254484,0.006731325102998939,0.008998955470634343,our room+s,3.3418129923260538
-9.19087904764152,1.172239992099991,0.053453118634053304,0.006851764757693909,0.009099260213943068,room+s and,3.323765500162406
-9.211505555536096,1.181925487607315,0.05468973272880137,0.007005392368589505,0.00922739758776859,the rain,3.3009807470360704
-9.23092876826939,1.191044446284586,0.05586714932795145,0.007151687490448045,0.00934962059843597,relentless,3.2795258667020324
-9.23092876826939,1.191044446284586,0.05586714932795145,0.007151687490448045,0.00934962059843597,rain relentless,3.2795258667020324
-9.262357097780342,1.2057964571821518,0.057799491048987864,0.007391828908578341,0.009550675229303644,Keira,3.244811556926828
-9.274932107448997,1.2116978482181147,0.05858225441430921,0.007489123044007074,0.009632284712271497,Witcomb,3.2309222766899466
-9.274932107448997,1.2116978482181147,0.05858225441430921,0.007489123044007074,0.009632284712271497,keira witcomb,3.2309222766899466
-5.8662982952073275,-0.39734414466044177,-0.053684849780632454,-0.006376290683557921,-0.001157093266756816,among,7.000016957834293
-9.29674598989696,1.2219334071980716,0.05995340162816627,0.007659573567207178,0.009775468242222212,witcomb among,3.2068292336512148
-9.30802161613979,1.2272233748586483,0.060668854078916326,0.007748524681455498,0.00985029674693133,millions,3.194375864311321
-9.30802161613979,1.2272233748586483,0.060668854078916326,0.007748524681455498,0.00985029674693133,among million+s,3.194375864311321
-9.329379789312938,1.237242031680653,0.062036800238955095,0.007918621432126965,0.009993592123659079,locals,3.1707875078314527
-9.329379789312938,1.237242031680653,0.062036800238955095,0.007918621432126965,0.009993592123659079,million+s locals,3.1707875078314527
-9.341162815412492,1.2427683115421146,0.06279872037512808,0.008013374704140366,0.010073532266859062,locals and,3.157774510216247
-9.347688518977892,1.2458286141079384,0.0632229329717653,0.008066134187811118,0.010118079917129753,tourists,3.150567742829981
-9.347688518977892,1.2458286141079384,0.0632229329717653,0.008066134187811118,0.010118079917129753,and tourist+s,3.150567742829981
-9.361853234583068,1.2524706335832196,0.06414929334500859,0.008181355726218366,0.010215457886043906,awaiting,3.134925011107582
-9.361853234583068,1.2524706335832196,0.06414929334500859,0.008181355726218366,0.010215457886043906,tourist+s awaiting,3.134925011107582
-9.381142625942752,1.2615141459892054,0.06542321240688441,0.008339828791850296,0.010349591922075907,+4256,3.113623550017903
-9.381142625942752,1.2615141459892054,0.06542321240688441,0.008339828791850296,0.010349591922075907,awaiting +4256,3.113623550017903
-9.389615919674027,1.2654861397074513,0.06598739562812787,0.008410020196028578,0.010409078104623756,+4256 char+s,3.10426666265764
-8.78805706046357,0.9828113229549289,0.03180051880557995,0.0041655429684341,0.0068933109125155715,Hotel,3.7688600720033465
-8.742240169530103,0.9612380519674757,0.02960117240087605,0.003893080495525362,0.0066731671577248425,lockdowns,3.819497394604099
-8.742240169530103,0.9612380519674757,0.02960117240087605,0.003893080495525362,0.0066731671577248425,hotel lockdowns,3.819497394604099
-8.654724682624323,0.9200179484181765,0.025529014765699215,0.0033887932340644755,0.006267441650877658,lockdowns and,3.9162261364571944
-7.324289975720032,0.2920766898517302,-0.021304086365095697,-0.002394312048809878,0.0017719680056931955,honeymoon,5.387309469896155
-8.61496398609183,0.9012853561910388,0.023732349381636833,0.0031663741463134713,0.0060892041602225305,and honeymoon,3.960174981039146
-8.500113036163704,0.8471586422191781,0.01871892383209861,0.00254597903692127,0.00559433224805609,honeymoon hit,4.087131067224956
-8.402718318658332,0.8012409950401549,0.01466043339885377,0.002044015440426837,0.00519638348426223,Britons,4.194798990688499
-8.402718318658332,0.8012409950401549,0.01466043339885377,0.002044015440426837,0.00519638348426223,hit britons,4.194798990688499
-8.267312251839886,0.7373786598647243,0.009288696523158654,0.0013799820678727318,0.004673302468379586,caught,4.34449844737353
-8.267312251839886,0.7373786598647243,0.009288696523158654,0.0013799820678727318,0.004673302468379586,britons caught,4.34449844737353
-7.959303585747498,0.5920241621678883,-0.0018926522020663167,-9.353542903475787e-07,0.0035976624220494836,caught hurrican+e,4.685059407645326
5.9618622402078625,-5.995310377475339,-0.13988102104044475,-0.016937693098760434,-0.008179733865490849,the powerful,20.08579228499714
28.014996153062008,-16.430488971676947,-0.15459186024337968,-0.01882146724876188,-0.009084621992299546,powerful storm,44.483129196916906
-0.35142275085489594,-3.0072974427925443,-0.11309367347249014,-0.013655388692024326,-0.006137095554351783,storm set,13.101175814965304
-7.477694758167973,0.3645635756958825,-0.01699703739831899,-0.0018636889673117009,0.0021725254360989016,set the,5.217649846099678
-7.477694758167973,0.3645635756958825,-0.01699703739831899,-0.0018636889673117009,0.0021725254360989016,strongest the,5.217649846099678
-8.487179789289799,0.8410620343968025,0.01817010906768536,0.002478086725618797,0.005540380231575085,Rob,4.101428113727852
-8.487179789289799,0.8410620343968025,0.01817010906768536,0.002478086725618797,0.005540380231575085,for rob,4.101428113727852
-8.537196694161937,0.8646379336339167,0.020309876157248122,0.002742815388613682,0.0057509792271651095,Cuff,4.046137682388853
-8.537196694161937,0.8646379336339167,0.020309876157248122,0.002742815388613682,0.0057509792271651095,rob cuff,4.046137682388853
-8.593880825393816,0.8913511356152333,0.02279270332156813,0.0030500686557798553,0.005996174348257813,cuff and,3.983479468109561
-6.772916659968372,0.031441947557949046,-0.035164437430608125,-0.0041003064399362694,0.0005003989302143023,his,5.997152330156655
-8.63522783684793,0.910832720596862,0.02464395370342605,0.003279220856767618,0.00617958064277333,and his,3.937776486839166
-8.673502244627386,0.9288635918613777,0.026388916087338385,0.003495261594361806,0.006352914670363875,wife,3.8954711509450943
-8.673502244627386,0.9288635918613777,0.026388916087338385,0.003495261594361806,0.006352914670363875,his wife,3.8954711509450943
-8.717576828893145,0.9496231737455976,0.028436767326681045,0.0037488585506096003,0.006556904366410592,Leah,3.8467564507706973
-8.717576828893145,0.9496231737455976,0.028436767326681045,0.0037488585506096003,0.006556904366410592,wife leah,3.8467564507706973
-3.2729342743029903,-1.6256218632158674,-0.10824579283643243,-0.008846708473867348,0.04180978416018826,their,9.869432887821903
-8.765701741502747,0.9722857263659106,0.030721436223639875,0.004031853758607502,0.006785210914718535,leah their,3.7935671460019136
-4.35243711998675,-1.1138224146456461,-0.05064352148474962,0.03878129785016949,-0.021625943913664986,Jamaican,8.674865907854096
-8.809391287819267,0.9928550732078512,0.03284109765842695,0.004294478002285922,0.006997716657085328,their jamaica+n,3.74528199188313
-8.780722751021734,0.9793582230579299,0.03144522961759946,0.004121523765077092,0.006857699879821886,jamaica+n honeymoon,3.7769658860956294
-6.459062696884617,-0.1169703878726902,-0.04209853711620934,-0.0049529081674905325,-0.00012575826008090832,coming,6.344313100209991
-8.673502244627386,0.9288635918613777,0.026388916087338385,0.003495261594361806,0.006352914670363875,honeymoon coming,3.8954711509450943
-8.537196694161937,0.8646379336339167,0.020309876157248122,0.002742815388613682,0.0057509792271651095,uncertain,4.046137682388853
-8.537196694161937,0.8646379336339167,0.020309876157248122,0.002742815388613682,0.0057509792271651095,coming uncertain,4.046137682388853
-4.8371254481896875,-0.8842814095212423,-0.07018649480834395,-0.008401015348054505,-0.002593335747750511,end,8.138536069331312
-8.402718318658332,0.8012409950401549,0.01466043339885377,0.002044015440426837,0.00519638348426223,uncertain end,4.194798990688499
-8.285964424807414,0.7461772232968824,0.010010871849807298,0.0014692311844065713,0.004743385377482362,end hurricane,4.323876671066961
-7.152784890969882,0.21102129552302795,-0.025871743137001267,-0.0029567839476811247,0.0013499850397721575,world most,5.576994531384356
2.001160795465413,-4.120789711406392,-0.12584440512392892,-0.015216198402405762,-0.007129689979520109,most powerful,15.703935489158814
-7.361150124567889,0.30949514626783303,-0.02028899180398043,-0.0022692750398402815,0.0018661403434058485,year bears,5.346543014426315
-6.623670916192849,-0.03912800358306212,-0.038538803020453455,-0.0045152824893336385,0.0001948569570349749,bears dow+n,6.1622344741646735
-8.487179789289799,0.8410620343968025,0.01817010906768536,0.002478086725618797,0.005540380231575085,didn't…,4.101428113727852
-7.861924868233122,0.5460551734903598,-0.0069867495440327915,-0.00020278248726914722,0.007932753152921877,+6240,4.792732675704734
-8.593880825393816,0.8913511356152333,0.02279270332156813,0.0030500686557798553,0.005996174348257813,didn't… +6240,3.983479468109561
-7.927226768401303,0.5768883334208259,-0.004782535429343655,6.376008080526997e-05,0.008080826715160819,+6240 char+s,4.7205220556134835
-6.761380985419404,0.02598765126819025,-0.03543047086185053,-0.004133027927602738,0.0004762528491501824,melissa makes,6.009911920961515
-6.887567039519165,0.08564821796698885,-0.03247084158169641,-0.0037689521766836034,0.0007454307455921419,land+fall category,5.870338987814699
-6.6641463357447,-0.019988693815967906,-0.03763791766871212,-0.004404505866058367,0.00027627588132775327,storm n't,6.117463876386458
-7.071893619035383,0.1727859371464664,-0.027941683548418333,-0.0032115949693514046,0.0011597053269602631,bet,5.6664628553489305
-7.071893619035383,0.1727859371464664,-0.027941683548418333,-0.0032115949693514046,0.0011597053269602631,n't bet,5.6664628553489305
-7.361150124567889,0.30949514626783303,-0.02028899180398043,-0.0022692750398402815,0.0018661403434058485,against,5.346543014426315
-7.361150124567889,0.30949514626783303,-0.02028899180398043,-0.0022692750398402815,0.0018661403434058485,bet agains+t,5.346543014426315
-8.118960986054253,0.667382847332751,0.003734471601218037,0.0006938111355531962,0.00413677679996567,agains+t melissa,4.508522237633047
-2.7515406149324075,-1.9868532699545574,0.20386119132675923,0.5869759046019145,-0.24201579538035436,because,10.495802984807883
-7.639419882488099,0.39785656707974226,0.16972761989961233,0.34631371085027957,-0.1332114970843709,melissa because,5.057570635553022
-7.940187247069076,0.5560508989100463,0.14130042346672306,0.27134230321091257,-0.10208175630745972,because you,4.717991160097395
-6.780908776105077,0.030258987007684368,0.03251041331753972,0.12099910960584688,-0.047807567143949035,lose,5.990561122628663
-8.215794966517414,0.7010412376187178,0.10137040966620207,0.17602932952148062,-0.0632232079356162,you los+e,4.40677938439651
-8.358054042875317,0.7722882061126792,0.08676539878786123,0.13849070268023403,-0.04778373321621066,los+e warned,4.247689861694763
-8.4693964886814,0.8269931609666272,0.07803442494429393,0.11405337570690129,-0.0376212909705288,warned jamaica+n,4.1236322071207905
-8.5840693089272,0.8826537880512433,0.07129832813037577,0.0928622047069477,-0.028682726634781098,Government,3.9961591260261344
-8.5840693089272,0.8826537880512433,0.07129832813037577,0.0928622047069477,-0.028682726634781098,jamaica+n government,3.9961591260261344
-8.695604950454362,0.9363145430873636,0.06673352912049478,0.07562953788702692,-0.02127211733328603,Minister,3.872381175504754
-8.695604950454362,0.9363145430873636,0.06673352912049478,0.07562953788702692,-0.02127211733328603,government minister,3.872381175504754
-8.770711518845548,0.9722509471031973,0.0646663545344517,0.0656781845210085,-0.016902823432403027,Desmond,3.789117376139153
-8.770711518845548,0.9722509471031973,0.0646663545344517,0.0656781845210085,-0.016902823432403027,minister desmond,3.789117376139153
-8.828482064413485,0.9998063894789324,0.06358858033529473,0.05883914378902588,-0.013845263195075322,McKenzie,3.7251102535989746
-8.828482064413485,0.9998063894789324,0.06358858033529473,0.05883914378902588,-0.013845263195075322,desmond mckenzie,3.7251102535989746
-8.897277258800301,1.0325386800995302,0.06285357755095237,0.05154410732214399,-0.010517098842749218,NewsNation,3.648924297583473
-8.848177710350239,1.010860721676391,0.040520817788918126,0.01499347506503018,0.003174737595089549,Jamaicans,3.7025358087584785
-8.848177710350239,1.010860721676391,0.040520817788918126,0.01499347506503018,0.003174737595089549,newsnation jamaicans,3.7025358087584785
-7.007033121398712,0.14212574998886618,-0.0295644063359499,-0.0034113159593885086,0.0010109510637155792,braced,5.738201641332514
-8.78805706046357,0.9828113229549289,0.03180051880557995,0.0041655429684341,0.0068933109125155715,jamaicans braced,3.7688600720033465
-6.819593647560941,0.053511255600968255,-0.034078776962840104,-0.003966763880048595,0.0005990387285541828,braced for,5.945523222079691
-8.70041439359228,0.9415399755383347,0.02763436765522463,0.0036494856473441688,0.006476902794247846,for impact,3.86572550816521
-8.63522783684793,0.910832720596862,0.02464395370342605,0.003279220856767618,0.00617958064277333,impact tuesday,3.937776486839166
-8.512752998369127,0.8531167242487119,0.01925829517318954,0.002612707293243692,0.005647398330552507,tuesday hurricane,4.073158355139917
-8.228270571769649,0.7189605066759761,0.007794745770927924,0.0011953770227270937,0.004528559151204295,melissa neared,4.3876634642011485
-8.06969543604385,0.644132326018386,0.0019610104426007607,0.00047480629846994096,0.0039663855994012814,neared land+fall,4.562995055625408
-7.754513288962295,0.49532601792614317,-0.008633632877620485,-0.0008326415147645863,0.0029576951175699553,land+fall threatening,4.911517740692276
-7.071893619035383,0.1727859371464664,-0.027941683548418333,-0.0032115949693514046,0.0011597053269602631,threatening catastrophic,5.6664628553489305
-4.185821585348812,-1.1924922340155728,-0.0788389811189619,-0.009461597618930855,-0.003330768221219657,catastrophic storm,8.85906650496498
1.461365174923749,-3.8653043496002173,-0.1232846232829479,-0.01490275058797359,-0.006933048430873239,surges,15.106738110800173
1.461365174923749,-3.8653043496002173,-0.1232846232829479,-0.01490275058797359,-0.006933048430873239,storm surges,15.106738110800173
-7.152784890969882,0.21102129552302795,-0.025871743137001267,-0.0029567839476811247,0.0013499850397721575,surges flash,5.576994531384356
-5.696400721122044,-0.4777181054003812,-0.056693705823565435,-0.006745684684597824,-0.0014218491932111582,floods and,7.1879605647372955
-6.781585203013333,0.03554057516761322,-0.034963935480850465,-0.004075644605969792,0.0005186036344663669,landslides the,5.987564083629794
-4.966869979181565,-0.8228877081614585,-0.06831432458353842,-0.008171441795402247,-0.0024323428022345033,worst,7.9950031688284495
-4.966869979181565,-0.8228877081614585,-0.06831432458353842,-0.008171441795402247,-0.0024323428022345033,the worst,7.9950031688284495
-4.185821585348812,-1.1924922340155728,-0.0788389811189619,-0.009461597618930855,-0.003330768221219657,worst storm,8.85906650496498
-7.829083933714435,0.5305412296113183,-0.006237411153170121,-0.0005370637398305145,0.0031844552724164775,isl…,4.829055102262284
-7.829083933714435,0.5305412296113183,-0.006237411153170121,-0.0005370637398305145,0.0031844552724164775,caribbean isl…,4.829055102262284
-8.016648977654057,0.6190944460946379,8.891676677143245e-05,0.00024366779758570878,0.0037869999399613545,isl… +2337,4.621649766577901
-4.338171327852678,-1.1203943953975095,-0.07691900820756939,-0.009226313940638728,-0.003168079847121095,Strong,8.69052226791571
-9.123598382714555,1.140636341011805,0.04951471239075146,0.0063626422533544155,0.00869273254688157,watch strong,3.3980909258727623
-9.064279457372571,1.1127594475956388,0.04615807858794055,0.005945957451059686,0.008348129260713941,and flying,3.463626788899153
-8.993973370324287,1.0797044954024815,0.042312224194485035,0.005468750352684338,0.0079554038769491,debris hurrican+e,3.5413078491922203
-8.809391287819267,0.9928550732078512,0.03284109765842695,0.004294478002285922,0.006997716657085328,land+fall storm,3.74528199188313
-7.078253578856401,0.17579224907701008,-0.027780815296633204,-0.003191793895380597,0.0011744719108193911,feet,5.659428485618226
-8.654724682624323,0.9200179484181765,0.025529014765699215,0.0033887932340644755,0.006267441650877658,surges feet,3.9162261364571944
-8.593880825393816,0.8913511356152333,0.02279270332156813,0.0030500686557798553,0.005996174348257813,3.9m,3.983479468109561
-8.593880825393816,0.8913511356152333,0.02279270332156813,0.0030500686557798553,0.005996174348257813,feet 3.9m,3.983479468109561
-5.532555025951444,-0.5552336354229572,-0.05947936803844832,-0.007087590642890392,-0.0016658289026765943,above,7.369211653180022
-8.525110726681396,0.8589415044672255,0.019788518594401464,0.002678307844301186,0.005699605412606045,3.9m above,4.059497754754785
-8.446500262633714,0.8218842900894612,0.016463828933612534,0.0022670349098472455,0.005372919596871627,ground,4.1463980731189665
-8.446500262633714,0.8218842900894612,0.016463828933612534,0.0022670349098472455,0.005372919596871627,above ground,4.1463980731189665
-2.1930151341061404,-2.1363794883437857,-0.11712385431440149,-0.015200906431355968,-0.0185680468232176,level,11.064026502368458
-8.338775856716651,0.7710867210469128,0.012085984078287468,0.001725721665791529,0.004945177337728205,ground level,4.2654897098658715
-9.079111962509177,1.119731072480329,0.04698756082291525,0.00604891164570279,0.008433127048466677,level and,3.44723926991436
-8.14231438319309,0.6784033435279828,0.004587179095811952,0.0007991273488210868,0.004218861946944848,and destructive,4.482700873026836
-3.7994150294056563,-1.3753607110882768,-0.08345330458766344,-0.010026935196550513,-0.003719523185254142,waves,9.286550354547627
-7.792692876914949,0.513356522565116,-0.007414859754855452,-0.0006823134309226269,0.0030729301256002487,destructive waves,4.869297244975625
-7.53064715574482,0.3895812328700097,-0.015458353418504829,-0.0016740671633689403,0.0023162484052994085,waves are,5.1590881566106
-7.296710314753467,0.2790432714199538,-0.02205567658292673,-0.0024868827519326647,0.0017023335702868536,are expected,5.417812156168164
-5.793739386767405,-0.43166918346004524,-0.05498535565937663,-0.006535964451914325,-0.001271683827724958,expected the,7.08028256798607
3.5029382218436957,-4.831568106087417,-0.13204851261893508,-0.015976349927435848,-0.007600160244788962,storm hit+s,17.365407825108417
-5.195298990540383,-0.7148017919541294,-0.06488397618049413,-0.007750708751159318,-0.002136050943461386,hit+s jamaica,7.742300333611339
-7.829083933714435,0.5305412296113183,-0.006237411153170121,-0.0005370637398305145,0.0031844552724164775,image+s from,4.829055102262284
-7.98854986158198,0.6058304853812111,-0.000887437212738651,0.00012314087719860617,0.003693640910988753,from jamaica,4.652720161715095
-8.186701100407248,0.6993477003992188,0.006229766768711134,0.001002028218151237,0.004377274700060559,jamaica show,4.433624212255541
-7.358370017625837,0.30818141956679757,-0.020365980756708056,-0.0022787588220112417,0.001858992915783668,show the,5.3496177345964835
-3.6487789646888906,-1.4488696827229086,-0.002758155887689115,-0.11346950749764069,-0.02533088699300822,arrival,9.454262326906475
-8.487179789289799,0.8410620343968025,0.01817010906768536,0.002478086725618797,0.005540380231575085,powerful arrival,4.101428113727852
-8.61496398609183,0.9012853561910388,0.023732349381636833,0.0031663741463134713,0.0060892041602225305,arrival hurricane,3.960174981039146
-3.270584362094622,-1.625642585289067,-0.08923399169960511,-0.010734940907437398,-0.004202016369794516,which made,9.87160442534235
-8.908755340186907,1.0396190505416463,0.03783181623079615,0.004913084089516476,0.007500690478703416,land+fall tuesday,3.6354737906062864
-8.951040481808768,1.0595119818428251,0.04003096915424399,0.005185788722583955,0.007723504492480986,tuesday afternoon,3.5887475607664485
-9.020251874074669,1.092061319733914,0.04373337942593215,0.0056450664506075485,0.008100266745994933,afternoon category,3.5122719870979076
-9.110475478923384,1.1344702622248348,0.04876301870851123,0.006269313930080549,0.008615411850018557,Coastal,3.412588724691764
-9.136260926642894,1.1465855426594884,0.050245052873645,0.006453327621528325,0.008767939570040392,area+s are,3.384101971431883
-9.166072190532063,1.16058941988703,0.051984265562073806,0.006669315874979901,0.008947364622537994,facing,3.351168957776741
-9.166072190532063,1.16058941988703,0.051984265562073806,0.006669315874979901,0.008947364622537994,are facing,3.351168957776741
-9.18551949981715,1.169723068313757,0.05313408470305411,0.006812134180654711,0.00906624034866094,intense,3.3296859597280015
-9.18551949981715,1.169723068313757,0.05313408470305411,0.006812134180654711,0.00906624034866094,facing intense,3.3296859597280015
-9.206466527795357,1.1795594852308875,0.05438633250386099,0.006967698046667269,0.009195937540250549,intense wind,3.3065469640562526
-9.218923829044869,1.1854084505514966,0.055137926777226245,0.00706107839633183,0.009273897571168642,wind and,3.2927864445058836
-9.228562642672378,1.1899336591932514,0.055723037695081246,0.007133780342474937,0.009334649407583849,and rain,3.2821394535845854
-9.253687142509278,1.2017273060976514,0.05726302619132756,0.007325154076017113,0.00949479944357011,third,3.2543878181611277
-9.253687142509278,1.2017273060976514,0.05726302619132756,0.007325154076017113,0.00949479944357011,rain third,3.2543878181611277
-9.272870904403888,1.2107305810858382,0.058453568648977175,0.007473127305252786,0.009618861614424839,third th…,3.233198885112815
-9.283043418696007,1.2155040936893746,0.059090122651745805,0.007552253947994624,0.00968528519394332,+67,3.221963372942582
-9.283043418696007,1.2155040936893746,0.059090122651745805,0.007552253947994624,0.00968528519394332,th… +67,3.221963372942582
-9.290947985634562,1.2192130539427424,0.059587298966868166,0.007614059644306748,0.009737208857230346,+67 char+s,3.213232937184392
-9.18280779984433,1.168449572285502,0.05297302328247093,0.006792127629325784,0.009049576522807499,Meteorologist,3.3326814751466234
-9.142427938711235,1.149482765367583,0.05060255033133498,0.006497720537361926,0.00880478274669476,struggles,3.3772890513812612
-9.142427938711235,1.149482765367583,0.05060255033133498,0.006497720537361926,0.00880478274669476,meteorologist struggles,3.3772890513812612
-9.100313918441756,1.129695229474348,0.04818455056118105,0.006197498659434588,0.008555968223441485,hold,3.423815098512746
-9.100313918441756,1.129695229474348,0.04818455056118105,0.006197498659434588,0.008555968223441485,struggles hold,3.423815098512746
-7.859661685739082,0.5449798589070878,-0.005235900541546448,-0.00041350317095788496,0.00327946880160521,together,4.7952418660999045
-9.071768565462266,1.1162795933996734,0.04657608691488756,0.005997838774211547,0.008390949875506154,hold together,3.4553524959667055
-7.450098290764615,0.3515247473004859,-0.01778811387880639,-0.0019611664507100746,0.002098761884836743,reporting,5.248169960662388
-9.036846713556578,1.0998635540159774,0.044640793638050125,0.005757660917665865,0.00819292199783402,together reporting,3.4939363623415765
-8.980158319033016,1.073207480652963,0.04157272548763391,0.005377016136695684,0.007880144896241824,reporting deadly,3.556572857561738
-8.945981539551854,1.0571322760139357,0.03976540669039373,0.00515285399919866,0.007696559738992586,deadly hurricane,3.5943377133776657
-8.83637914332448,1.0055588866745822,0.03417280883863366,0.004459509510222628,0.007131566857874316,'Oh,3.7154563527576876
-8.83637914332448,1.0055588866745822,0.03417280883863366,0.004459509510222628,0.007131566857874316,melissa 'oh,3.7154563527576876
-8.78805706046357,0.9828113229549289,0.03180051880557995,0.0041655429684341,0.0068933109125155715,Jesus,3.7688600720033465
-8.78805706046357,0.9828113229549289,0.03180051880557995,0.0041655429684341,0.0068933109125155715,'oh jesus,3.7688600720033465
-8.742240169530103,0.9612380519674757,0.02960117240087605,0.003893080495525362,0.0066731671577248425,Christ,3.819497394604099
-8.742240169530103,0.9612380519674757,0.02960117240087605,0.003893080495525362,0.0066731671577248425,jesus christ,3.819497394604099
-8.61496398609183,0.9012853561910388,0.023732349381636833,0.0031663741463134713,0.0060892041602225305,christ all,3.960174981039146
-8.57192088154152,0.8810028954408258,0.021823389068044666,0.0029301042092751504,0.005900341828097674,bad,4.007753513760533
-8.57192088154152,0.8810028954408258,0.021823389068044666,0.0029301042092751504,0.005900341828097674,all bad,4.007753513760533
-8.525110726681396,0.8589415044672255,0.019788518594401464,0.002678307844301186,0.005699605412606045,bad news,4.059497754754785
-7.655658942634886,0.4486360766616402,-0.011713216027955276,-0.0012124015268054475,0.0026674450988302834,John,5.020837269193786
-8.432270270058904,0.8151751439227377,0.015873984845007294,0.002194085960790449,0.005315127708532806,news john,4.16212917431229
-8.355412376556545,0.7789328267020486,0.012749164745761238,0.0018077055780859833,0.0050097974516464736,Morales,4.247097170287823
-8.355412376556545,0.7789328267020486,0.012749164745761238,0.0018077055780859833,0.0050097974516464736,john moral+es,4.247097170287823
-8.207818865380005,0.7093115013457318,0.0070215258296640465,0.0010998436256783786,0.004453769496389657,lamented,4.410275506016466
-8.207818865380005,0.7093115013457318,0.0070215258296640465,0.0010998436256783786,0.004453769496389657,moral+es lamented,4.410275506016466
-7.98854986158198,0.6058304853812111,-0.000887437212738651,0.00012314087719860617,0.003693640910988753,lamented while,4.652720161715095
-7.792692876914949,0.513356522565116,-0.007414859754855452,-0.0006823134309226269,0.0030729301256002487,discussing,4.869297244975625
-7.792692876914949,0.513356522565116,-0.007414859754855452,-0.0006823134309226269,0.0030729301256002487,while discussing,4.869297244975625
-9.056639706556178,1.1091683078906351,0.04573334720550168,0.005893244386493808,0.008304647121200133,discussing the,3.4720676015165073
-6.887567039519165,0.08564821796698885,-0.03247084158169641,-0.0037689521766836034,0.0007454307455921419,the category,5.870338987814699
-6.21661624512824,-0.23163601321239113,-0.04705703875758524,-0.005562248629623658,-0.0005694221387969002,storm making,6.612497703330628
-7.071893619035383,0.1727859371464664,-0.027941683548418333,-0.0032115949693514046,0.0011597053269602631,making land+fall,5.6664628553489305
-8.446500262633714,0.8218842900894612,0.016463828933612534,0.0022670349098472455,0.005372919596871627,rages,4.1463980731189665
-8.446500262633714,0.8218842900894612,0.016463828933612534,0.0022670349098472455,0.005372919596871627,melissa rages,4.1463980731189665
-8.525110726681396,0.8589415044672255,0.019788518594401464,0.002678307844301186,0.005699605412606045,rages across,4.059497754754785
-8.604528282979166,0.8963682398365937,0.023266130058176918,0.0031086658706797124,0.006043029971904116,across jamaica,3.971710144835312
-8.625194942290312,0.906105796601643,0.024191560266480408,0.00322321797224155,0.006134715195925233,even,3.9488662263398218
-8.625194942290312,0.906105796601643,0.024191560266480408,0.00322321797224155,0.006134715195925233,jamaica even,3.9488662263398218
-8.57192088154152,0.8810028954408258,0.021823389068044666,0.0029301042092751504,0.005900341828097674,even those,4.007753513760533
-8.500113036163704,0.8471586422191781,0.01871892383209861,0.00254597903692127,0.00559433224805609,those reporting,4.087131067224956
-8.355412376556545,0.7789328267020486,0.012749164745761238,0.0018077055780859833,0.0050097974516464736,reporting the,4.247097170287823
-8.186701100407248,0.6993477003992188,0.006229766768711134,0.001002028218151237,0.004377274700060559,news have,4.433624212255541
2.793897505095792,-4.497450988948075,-0.15526072246666828,-0.015850590379403,0.023843442687613077,have been,16.5815440977068
-3.2140353376363535,-1.6528565976547789,-0.10102640536740126,-0.009686113382525363,0.02295685755465377,struck,9.934335724843162
-7.928828663498409,0.577636927704793,-0.0029283788904383157,-0.00012876347327563445,0.0034989193181899185,been struck,4.718757645723907
-7.033450875057796,0.15313449012020142,-0.05448538705577487,-0.0006581818255005974,0.06446146349874532,struck the,5.709563096983281
-7.296710314753467,0.2790432714199538,-0.02205567658292673,-0.0024868827519326647,0.0017023335702868536,severity,5.417812156168164
-7.296710314753467,0.2790432714199538,-0.02205567658292673,-0.0024868827519326647,0.0017023335702868536,the severity,5.417812156168164
-8.355412376556545,0.7789328267020486,0.012749164745761238,0.0018077055780859833,0.0050097974516464736,severity the,4.247097170287823
-6.887567039519165,0.08564821796698885,-0.03247084158169641,-0.0037689521766836034,0.0007454307455921419,that has,5.870338987814699
-7.227468340110483,0.24631950879148423,-0.023913428443457965,-0.002715664748564846,0.0015305498648160512,has officially,5.494393571369673
-8.06969543604385,0.644132326018386,0.0019610104426007607,0.00047480629846994096,0.0039663855994012814,officially been,4.562995055625408
-7.959303585747498,0.5920241621678883,-0.0018926522020663167,-9.353542903475787e-07,0.0035976624220494836,marked,4.685059407645326
-7.959303585747498,0.5920241621678883,-0.0018926522020663167,-9.353542903475787e-07,0.0035976624220494836,been marked,4.685059407645326
-8.186701100407248,0.6993477003992188,0.006229766768711134,0.001002028218151237,0.004377274700060559,marked category,4.433624212255541
-8.186701100407248,0.6993477003992188,0.006229766768711134,0.001002028218151237,0.004377274700060559,highest category,4.433624212255541
-8.717576828893145,0.9496231737455976,0.028436767326681045,0.0037488585506096003,0.006556904366410592,Saffir…,3.8467564507706973
-8.717576828893145,0.9496231737455976,0.028436767326681045,0.0037488585506096003,0.006556904366410592,the saffir…,3.8467564507706973
-8.78805706046357,0.9828113229549289,0.03180051880557995,0.0041655429684341,0.0068933109125155715,+2674,3.7688600720033465
-8.78805706046357,0.9828113229549289,0.03180051880557995,0.0041655429684341,0.0068933109125155715,saffir… +2674,3.7688600720033465
-8.829780634835116,1.0024529780194922,0.0338456024122412,0.0044189582402232655,0.007098654996985103,+2674 char+s,3.722748624046855
-9.30055117034366,1.2237186723594644,0.06019433007028065,0.007689526948760522,0.009800657782934229,things about,3.202626573181388
-9.25148230673042,1.2006924405645045,0.057127014979987956,0.0073082505511649545,0.009480640231688481,melissa that,3.256823156382299
-9.240225203017975,1.195408477908656,0.05643520081003821,0.007222276028493754,0.009408664584164074,that make,3.2692572604344923
-9.21399678076833,1.1830951698605732,0.05484004157650603,0.007024067201471439,0.009242988618942356,unusual,3.298228902937036
-9.21399678076833,1.1830951698605732,0.05484004157650603,0.007024067201471439,0.009242988618942356,make unusual,3.298228902937036
-9.193527454002828,1.1734836832357065,0.05361111448514966,0.006871391668107019,0.009115618520989398,unusual and,3.3208399385671616
-9.18280779984433,1.168449572285502,0.05297302328247093,0.006792127629325784,0.009049576522807499,and dangerous,3.3326814751466234
-9.28899074125639,1.2182947058395754,0.059463985419581325,0.007598729757227344,0.009724326746913266,dangerous hurricane,3.215394663279457
-8.154868297809202,0.6843371545689072,0.0020125027572999304,0.0011946692659298395,0.012029047750007744,strongest hurricanes,4.468810028038302
-8.117670793545305,0.666783998145341,0.0009612962666390168,0.0009916292892203846,0.011101130597071712,hurricanes history,4.509938987867576
-8.086596564329358,0.6521187632921241,1.870441044997395e-05,0.0008327945267686265,0.010531364974440197,history made,4.5442980459215505
-7.960722941831077,0.592702244448887,-0.003953455238437167,0.00023868929161496334,0.008979831271335139,yesterday,4.68348223839775
-7.960722941831077,0.592702244448887,-0.003953455238437167,0.00023868929161496334,0.008979831271335139,jamaica yesterday,4.68348223839775
-7.887602356755339,0.5581795035689447,-0.006263437567153619,-8.364176498775432e-05,0.008339073215928899,yesterday with,4.7643381510531695
-3.927462406952241,-1.3147609271461493,-0.08196311783771472,-0.009844379439977922,-0.0035943231270288653,185,9.14489035017587
-8.473941587459016,0.8348213838031071,0.017611541070879463,0.0024089922524462137,0.005485514071083058,wind+s 185,4.116062402642489
-6.511132405108076,-0.09234600038875751,-0.04099014683952662,-0.004816661183699614,-2.611721747118774e-05,185 mile+s,6.286716649378245
-8.118960986054253,0.667382847332751,0.003734471601218037,0.0006938111355531962,0.00413677679996567,putting,4.508522237633047
-8.118960986054253,0.667382847332751,0.003734471601218037,0.0006938111355531962,0.00413677679996567,hour putting,4.508522237633047
-7.792692876914949,0.513356522565116,-0.007414859754855452,-0.0006823134309226269,0.0030729301256002487,firmly,4.869297244975625
-7.792692876914949,0.513356522565116,-0.007414859754855452,-0.0006823134309226269,0.0030729301256002487,putting firmly,4.869297244975625
-7.296710314753467,0.2790432714199538,-0.02205567658292673,-0.0024868827519326647,0.0017023335702868536,firmly category,5.417812156168164
-6.6641463357447,-0.019988693815967906,-0.03763791766871212,-0.004404505866058367,0.00027627588132775327,responsible,6.117463876386458
-6.6641463357447,-0.019988693815967906,-0.03763791766871212,-0.004404505866058367,0.00027627588132775327,storm responsible,6.117463876386458
-7.5680580325482785,0.4072472709199393,-0.017710922978028863,-0.001171856770223024,0.010913151990798984,responsible for,5.117711381213289
10.806653740169429,-8.29210786088544,-0.1855583339316194,-0.014885192225361589,0.07454778459530875,least,25.447337861803543
-7.756893445396248,0.49453818870803223,-0.038491817866342024,0.0023566720276752204,0.07774262780749597,for leas+t,4.909642600169284
-7.821258660970968,0.5180308629928976,-0.06961260384277726,0.00588364573081622,0.15796726693410137,seven,4.841349970007014
-7.821258660970968,0.5180308629928976,-0.06961260384277726,0.00588364573081622,0.15796726693410137,leas+t seven,4.841349970007014
-7.699292916748689,0.4294603839237916,-0.14538779093235954,0.011537709308143093,0.3201371189523353,seven deaths,4.989321975618581
-8.254182366980892,0.7255129223616907,-0.042463071279236694,0.006726408649496491,0.13223627931514623,deaths wednesday,4.361336417902715
-8.442629528327464,0.8175714015957902,-0.01861573904630958,0.006039803026887664,0.09352291112649652,wednesday morning,4.151670251419365
-8.565474159117269,0.8765832186707385,-0.005409215354780478,0.005868959139312381,0.0744461926422095,Ahead,4.01541586221052
-8.663156568525945,0.9231619422582411,0.004110358237475714,0.005870103837444254,0.06209787221986484,ahead land+fall,3.9072162368073027
-8.760137673500418,0.9691972468562615,0.012901473504830452,0.005978756350015671,0.051908735251342646,land+fall waves,3.799881444668001
-8.80544548403427,0.9906497815673996,0.01682810553475654,0.006063398638383517,0.04776520286818414,splash,3.7497594377052366
-8.80544548403427,0.9906497815673996,0.01682810553475654,0.006063398638383517,0.04776520286818414,waves splash,3.7497594377052366
-8.871926683186718,1.0220775218965,0.022421496235361216,0.006224228798480315,0.04231718309096387,splash kingston,3.6762353156454983
-9.064832937582228,1.1130156203669115,0.03785098946066244,0.006919061517022507,0.03012318126407488,approached,3.4630000998324557
-9.064832937582228,1.1130156203669115,0.03785098946066244,0.006919061517022507,0.03012318126407488,melissa approached,3.4630000998324557
-9.11463154965509,1.1364434341342162,0.04171192991663682,0.007150094479003052,0.027716885381023286,Matias,3.407973757366279
-9.137179976180972,1.1470459715677173,0.04345100212936162,0.00726138626757623,0.026714577967049687,Delacroix/AP,3.383060541847612
-9.137179976180972,1.1470459715677173,0.04345100212936162,0.00726138626757623,0.026714577967049687,matia+s delacroix/ap,3.383060541847612
-9.189260717076015,1.1715228373543745,0.04745351719971019,0.007534140540049012,0.02459517726575737,delacroix/ap hurricane,3.32552292830076
-9.387791707654022,1.2646847702748458,0.06272498746636297,0.008771382711739118,0.018725852148603478,win…,3.106251754156457
-9.387791707654022,1.2646847702748458,0.06272498746636297,0.008771382711739118,0.018725852148603478,with win…,3.106251754156457
-9.396080654181656,1.268569625042487,0.06336921695489266,0.0088298032161179,0.01854848466210003,win… +6240,3.0970989337115107
-8.758008623433497,0.9686632975898872,0.030352730640280656,0.003986178145730315,0.006748314222181626,Wary,3.802069689541356
-8.664200556269979,0.9244818865712732,0.025962028092991904,0.00344240528404699,0.006310469067795121,Videos,3.9057523395496063
-8.664200556269979,0.9244818865712732,0.025962028092991904,0.00344240528404699,0.006310469067795121,wary video+s,3.9057523395496063
-8.560592577594416,0.8756642832584296,0.021327059483098987,0.002868682576655183,0.005851324399480783,video+s hurrican+e,4.020275730747688
-8.304075367882625,0.7547200257877618,0.01071740471192531,0.0015565541617925446,0.004812022295796227,Hits,4.303853480771124
-8.304075367882625,0.7547200257877618,0.01071740471192531,0.0015565541617925446,0.004812022295796227,melissa hit+s,4.303853480771124
-7.754513288962295,0.49532601792614317,-0.008633632877620485,-0.0008326415147645863,0.0029576951175699553,Spot,4.911517740692276
-7.754513288962295,0.49532601792614317,-0.008633632877620485,-0.0008326415147645863,0.0029576951175699553,how spot,4.911517740692276
-7.421325985953185,0.33792984607962184,-0.018605162127230353,-0.0020618357555455703,0.0020226678636915824,Fake,5.27999071784519
-7.421325985953185,0.33792984607962184,-0.018605162127230353,-0.0020618357555455703,0.0020226678636915824,spot fake,5.27999071784519
-6.273884234096617,-0.20454960931626687,-0.0459148208810618,-0.005421908865041783,-0.00046752505230942404,AI-generated,6.549149492254593
-7.071893619035383,0.1727859371464664,-0.027941683548418333,-0.0032115949693514046,0.0011597053269602631,fake ai-generated,5.6664628553489305
-4.185821585348812,-1.1924922340155728,-0.0788389811189619,-0.009461597618930855,-0.003330768221219657,ai-generated storm,8.85906650496498
-5.4890469063455205,-0.5758180489445746,-0.06020085343052566,-0.007176130756948251,-0.0017288407635749105,videos,7.41734198729218
-6.21661624512824,-0.23163601321239113,-0.04705703875758524,-0.005562248629623658,-0.0005694221387969002,storm video+s,6.612497703330628
-7.071893619035383,0.1727859371464664,-0.027941683548418333,-0.0032115949693514046,0.0011597053269602631,video+s are,5.6664628553489305
-7.361150124567889,0.30949514626783303,-0.02028899180398043,-0.0022692750398402815,0.0018661403434058485,spreading,5.346543014426315
-7.361150124567889,0.30949514626783303,-0.02028899180398043,-0.0022692750398402815,0.0018661403434058485,are spreading,5.346543014426315
-7.829083933714435,0.5305412296113183,-0.006237411153170121,-0.0005370637398305145,0.0031844552724164775,spreading rapidly,4.829055102262284
-6.3156191147460925,-0.18481051414209348,-0.04507134029333288,-0.005318264155364554,-0.0003921616507236887,online,6.502983803617919
-8.06969543604385,0.644132326018386,0.0019610104426007607,0.00047480629846994096,0.0039663855994012814,rapidly online,4.562995055625408
-0.4993426936884511,-2.9372851295923637,-0.11213558868010068,-0.013538141375138181,-0.0060612555391583505,where,12.937525841218816
-8.371601890437951,0.7865677276745899,0.01339897637384535,0.0018880427477311439,0.005073175997210811,her+e where,4.229198993709713
-8.500113036163704,0.8471586422191781,0.01871892383209861,0.00254597903692127,0.00559433224805609,find,4.087131067224956
-8.500113036163704,0.8471586422191781,0.01871892383209861,0.00254597903692127,0.00559433224805609,where find,4.087131067224956
-8.560592577594416,0.8756642832584296,0.021327059483098987,0.002868682576655183,0.005851324399480783,reliable,4.020275730747688
-8.560592577594416,0.8756642832584296,0.021327059483098987,0.002868682576655183,0.005851324399480783,find reliabl+e,4.020275730747688
-8.654724682624323,0.9200179484181765,0.025529014765699215,0.0033887932340644755,0.006267441650877658,reliabl+e information,3.9162261364571944
-8.960977102987597,1.0641859179848927,0.04055455271919828,0.005250725970636402,0.007776659837443469,melissa bears,3.577767645943955
-9.096863345516034,1.1280736865654877,0.04798882780885544,0.0061732013496279305,0.008535867229724667,topping,3.4276272867130646
-9.096863345516034,1.1280736865654877,0.04798882780885544,0.0061732013496279305,0.008535867229724667,wind+s topping,3.4276272867130646
-9.123598382714555,1.140636341011805,0.04951471239075146,0.0063626422533544155,0.00869273254688157,180,3.3980909258727623
-9.123598382714555,1.140636341011805,0.04951471239075146,0.0063626422533544155,0.00869273254688157,topping 180,3.3980909258727623
-9.136260926642894,1.1465855426594884,0.050245052873645,0.006453327621528325,0.008767939570040392,180 mph,3.384101971431883
-6.256780659680372,-0.21301980460408076,-0.07627301381362038,-0.010952212467245408,-0.023786150432174812,social,6.568172618960823
-9.151481937869104,1.1537360306194908,0.051129560095105386,0.006563166501620633,0.008859131344255507,mph social,3.3672868820280777
-6.460086263819568,-0.11648632322560681,-0.04207690225165885,-0.004950248876496138,-0.0001238149816002003,media,6.343180887072524
-7.972124056041657,0.5980764422527509,-0.001453371807992987,5.328445910548346e-05,0.0036395876672503137,social media,4.670883047330072
-5.815315784827398,-0.421490366779095,-0.04438678267159929,0.012208805314086578,-0.008426426135330845,being,7.0564458171408235
-9.196155312461478,1.1747176987533532,0.05376811150196141,0.006890894876947749,0.009131877225685661,media being,3.31793708690966
-9.211505555536096,1.181925487607315,0.05468973272880137,0.007005392368589505,0.00922739758776859,being hit,3.3009807470360704
-9.233277884284849,1.1921472260860275,0.05601041268237947,0.007169489548257569,0.009364506854595136,hit surge,3.2769310781540257
-9.253687142509278,1.2017273060976514,0.05726302619132756,0.007325154076017113,0.00949479944357011,surge ai-generated,3.2543878181611277
-9.281035324837223,1.2145618185462785,0.05896417377114675,0.007536597416063188,0.009672137578884334,ai-generated and,3.2241812912666035
-9.28899074125639,1.2182947058395754,0.059463985419581325,0.007598729757227344,0.009724326746913266,misleading,3.215394663279457
-9.28899074125639,1.2182947058395754,0.059463985419581325,0.007598729757227344,0.009724326746913266,and misleading,3.215394663279457
-9.309860775068204,1.2280861645255494,0.0607859892473271,0.007763088673847776,0.009862555434735333,misleading video+s,3.192344628103521
-9.32418197978125,1.234804040141441,0.061702342148262215,0.007877030684862346,0.009958529801030139,showing,3.1765279799995447
-9.32418197978125,1.234804040141441,0.061702342148262215,0.007877030684862346,0.009958529801030139,video+s showing,3.1765279799995447
-9.337844288082884,1.2412119751292885,0.06258361010156148,0.007986622426618744,0.010050953801226458,showing catastrophic,3.161439413574598
-9.373879184988105,1.2581090118676093,0.06494182271966727,0.008279941867272182,0.010298875101768079,collapsing…,3.1216445448129386
-9.373879184988105,1.2581090118676093,0.06494182271966727,0.008279941867272182,0.010298875101768079,flooding collapsing…,3.1216445448129386
-9.392383633089427,1.2667834737667676,0.06617229282852947,0.008433024789259938,0.010428584202915824,+4157,3.1012103664427273
-9.392383633089427,1.2667834737667676,0.06617229282852947,0.008433024789259938,0.010428584202915824,collapsing… +4157,3.1012103664427273
-9.400523186610657,1.270598576447227,0.06671781532318695,0.00850090088459488,0.01048616675184548,+4157 char+s,3.0922222188616297
-8.785486632613805,0.9748358830234558,0.12030490395493808,-0.10621714773140048,-0.016077106105083228,Windows,3.774715395877365
-8.71652450399616,0.9404126173170193,0.13201081604920645,-0.12562864951140146,-0.02039684560889451,blown,3.8517881659809077
-8.71652450399616,0.9404126173170193,0.13201081604920645,-0.12562864951140146,-0.02039684560889451,windows blown,3.8517881659809077
-8.609362808027138,0.8857033715381737,0.15421267504827202,-0.16084131614945954,-0.028180441138630222,blown trees,3.972079521950014
-8.527355325607566,0.8425061980691049,0.1746504830680624,-0.19224755358106863,-0.035095639750883305,uprooted,4.064708017055202
-8.527355325607566,0.8425061980691049,0.1746504830680624,-0.19224755358106863,-0.035095639750883305,trees uprooted,4.064708017055202
-8.354119659207473,0.7459695964859001,0.22713342283189858,-0.2712221820216784,-0.05248497561511452,uprooted and,4.262652086535527
-8.234019971370003,0.6737710149432989,0.26914021379249714,-0.3342301532268974,-0.06643089536376666,croc,4.402142926491186
-8.234019971370003,0.6737710149432989,0.26914021379249714,-0.3342301532268974,-0.06643089536376666,and croc,4.402142926491186
-7.951097732052382,0.48565466935478074,0.3720401983089604,-0.49240433288955004,-0.10195788733012934,croc warnings,4.738460476546579
-8.15672396413108,0.6673266557588409,0.16607129759295675,-0.20231948759143317,-0.038295753482978,warnings hurrican+e,4.474632188438399
-5.735786566414027,-0.4590714172416428,-0.051532997599056274,-0.01219819210579318,-0.002505837715673438,batters,7.144391298915258
-7.950615041909978,0.5877884878099917,0.005201603524190357,-0.009158726892266116,0.0016840260781271193,melissa batters,4.69473434444123
-7.6721533272054065,0.4564270764124094,-0.01120681862961298,-0.0011499635050530406,0.002715082014899218,batters jamaica,5.002596471135705
-5.793739386767405,-0.43166918346004524,-0.05498535565937663,-0.006535964451914325,-0.001271683827724958,eye the,7.08028256798607
-6.781585203013333,0.03554057516761322,-0.034963935480850465,-0.004075644605969792,0.0005186036344663669,passed,5.987564083629794
-6.781585203013333,0.03554057516761322,-0.034963935480850465,-0.004075644605969792,0.0005186036344663669,has passed,5.987564083629794
-7.361150124567889,0.30949514626783303,-0.02028899180398043,-0.0022692750398402815,0.0018661403434058485,passed over,5.346543014426315
-7.6721533272054065,0.4564270764124094,-0.01120681862961298,-0.0011499635050530406,0.002715082014899218,over jamaica,5.002596471135705
-7.928828663498409,0.577636927704793,-0.0029283788904383157,-0.00012876347327563445,0.0034989193181899185,jamaica but,4.718757645723907
-4.243893859905336,-1.1649365472380606,-0.0730343685066543,-7.459757458525701e-05,-0.006842716243146981,still,8.7947993542847
-8.186701100407248,0.6993477003992188,0.006229766768711134,0.001002028218151237,0.004377274700060559,but still,4.433624212255541
-8.304075367882625,0.7547200257877618,0.01071740471192531,0.0015565541617925446,0.004812022295796227,battering,4.303853480771124
-8.304075367882625,0.7547200257877618,0.01071740471192531,0.0015565541617925446,0.004812022295796227,still battering,4.303853480771124
-5.793739386767405,-0.43166918346004524,-0.05498535565937663,-0.006535964451914325,-0.001271683827724958,battering the,7.08028256798607
-5.793739386767405,-0.43166918346004524,-0.05498535565937663,-0.006535964451914325,-0.001271683827724958,island the,7.08028256798607
-8.717576828893145,0.9496231737455976,0.028436767326681045,0.0037488585506096003,0.006556904366410592,eye now,3.8467564507706973
-1.6850789420717138,-2.3760619879527605,-0.10360477014652936,-0.01249415953625526,-0.00537884537082913,heading,11.625698404251134
-8.750189276352113,0.9649812954825567,0.029979345853600403,0.0039399248861049126,0.006710969696639188,now heading,3.810711804171223
-5.184143727606829,-0.7200800007618224,-0.06505563551996368,-0.007771765593273136,-0.002150917840929586,towards,7.7546409357360355
-8.809391287819267,0.9928550732078512,0.03284109765842695,0.004294478002285922,0.006997716657085328,heading towards,3.74528199188313
-8.83637914332448,1.0055588866745822,0.03417280883863366,0.004459509510222628,0.007131566857874316,towards cuba,3.7154563527576876
-8.61496398609183,0.9012853561910388,0.023732349381636833,0.0031663741463134713,0.0060892041602225305,melissa causing,3.960174981039146
-0.23410262193509368,-3.0628264549545268,-0.11383846014727253,-0.013746534329942463,-0.00619593591467475,havoc,13.23097195866535
-8.525110726681396,0.8589415044672255,0.019788518594401464,0.002678307844301186,0.005699605412606045,causing havoc,4.059497754754785
-8.402718318658332,0.8012409950401549,0.01466043339885377,0.002044015440426837,0.00519638348426223,havoc jamaica,4.194798990688499
-1.502430166662755,-2.462511573074665,-0.1050258477661726,-0.01266807524757279,-0.0054933910165218805,nation,11.827769725963426
-7.829083933714435,0.5305412296113183,-0.006237411153170121,-0.0005370637398305145,0.0031844552724164775,caribbean nation,4.829055102262284
-5.9719709721054945,-0.3473559356144609,-0.05174795192619032,-0.006138447421841452,-0.000985988913497023,faces,6.883121309076642
-7.53064715574482,0.3895812328700097,-0.015458353418504829,-0.0016740671633689403,0.0023162484052994085,nation face+s,5.1590881566106
-8.207818865380005,0.7093115013457318,0.0070215258296640465,0.0010998436256783786,0.004453769496389657,face+s the,4.410275506016466
-6.6641463357447,-0.019988693815967906,-0.03763791766871212,-0.004404505866058367,0.00027627588132775327,storm its,6.117463876386458
-7.071893619035383,0.1727859371464664,-0.027941683548418333,-0.0032115949693514046,0.0011597053269602631,modern,5.6664628553489305
-7.071893619035383,0.1727859371464664,-0.027941683548418333,-0.0032115949693514046,0.0011597053269602631,its modern,5.6664628553489305
-7.53064715574482,0.3895812328700097,-0.015458353418504829,-0.0016740671633689403,0.0023162484052994085,modern history,5.1590881566106
-8.285964424807414,0.7461772232968824,0.010010871849807298,0.0014692311844065713,0.004743385377482362,hurricane now,4.323876671066961
4.900843184954182,-5.495897955883666,-0.16608620369857557,-0.013844970401003312,0.06072529718334995,four,18.91306526288994
-8.512752998369127,0.8531167242487119,0.01925829517318954,0.002612707293243692,0.005647398330552507,category four,4.073158355139917
-8.57192088154152,0.8810028954408258,0.021823389068044666,0.0029301042092751504,0.005900341828097674,four with,4.007753513760533
-5.559638364196864,-0.5424201996047513,-0.0590264552629512,-0.007032006748383264,-0.001626235551686974,with wind,7.339251103701067
-4.945631467270621,-0.833254055225594,-0.052313548826858375,0.03730550242440996,0.00010192593778609454,speeds,8.018663814416202
-4.945631467270621,-0.833254055225594,-0.052313548826858375,0.03730550242440996,0.00010192593778609454,wind speeds,8.018663814416202
-8.758008623433497,0.9686632975898872,0.030352730640280656,0.003986178145730315,0.006748314222181626,150mph,3.802069689541356
-8.758008623433497,0.9686632975898872,0.030352730640280656,0.003986178145730315,0.006748314222181626,speeds 150mph,3.802069689541356
-8.816289194156663,0.9961022460452744,0.03317982737800172,0.00433645241400462,0.007031737434696516,240km/h,3.737658693210592
-8.816289194156663,0.9961022460452744,0.03317982737800172,0.00433645241400462,0.007031737434696516,150mph 240km/h,3.737658693210592
-8.897493542062538,1.0343201511735964,0.0372538829076529,0.004841429704078136,0.00744225540870703,hea…,3.647918747776874
-8.897493542062538,1.0343201511735964,0.0372538829076529,0.004841429704078136,0.00744225540870703,240km/h hea…,3.647918747776874
-8.930426987977121,1.0498150319199488,0.0389531022088644,0.0050521195188340424,0.0076142065600073045,+2809,3.6115257578327733
-8.930426987977121,1.0498150319199488,0.0389531022088644,0.0050521195188340424,0.0076142065600073045,hea… +2809,3.6115257578327733
-8.960977102987597,1.0641859179848927,0.04055455271919828,0.005250725970636402,0.007776659837443469,+2809 char+s,3.577767645943955
-6.887567039519165,0.08564821796698885,-0.03247084158169641,-0.0037689521766836034,0.0007454307455921419,cuba category,5.870338987814699
-6.459799533784971,-0.11662192338733579,-0.042082963404595594,-0.004950993895321394,-0.00012435941070330827,SANTIAGO,6.343498051965666
-6.850836748028567,0.06828282194969626,-0.033343727182716824,-0.0038763403634058235,0.0006659157863112379,CUBA,5.910965647112404
-6.850836748028567,0.06828282194969626,-0.033343727182716824,-0.0038763403634058235,0.0006659157863112379,santiago cuba,5.910965647112404
-7.001862114094265,0.13968128404947588,-0.02969239633195457,-0.0034270672875690595,0.0009992337909543701,cuba cuba,5.743921057775139
-8.432270270058904,0.8151751439227377,0.015873984845007294,0.002194085960790449,0.005315127708532806,cuba hurricane,4.16212917431229
-8.54902083455344,0.8702107074487773,0.020822637280872164,0.00280626307162659,0.005801544376907095,hurric…,4.033067150925621
-8.54902083455344,0.8702107074487773,0.020822637280872164,0.00280626307162659,0.005801544376907095,atlantic hurric…,4.033067150925621
-8.645069051628365,0.9154691442386595,0.025089713118608206,0.003334405378413065,0.006223817382753032,+2827,3.926898704242373
-8.645069051628365,0.9154691442386595,0.025089713118608206,0.003334405378413065,0.006223817382753032,hurric… +2827,3.926898704242373
-8.70041439359228,0.9415399755383347,0.02763436765522463,0.0036494856473441688,0.006476902794247846,+2827 char+s,3.86572550816521
-9.044886247427108,1.1036431155589272,0.04508321185690198,0.005812561874522702,0.008238142126516227,Makes,3.4850536250123993
-9.020251874074669,1.092061319733914,0.04373337942593215,0.0056450664506075485,0.008100266745994933,make+s cuba,3.5122719870979076
-8.99847513053162,1.0818214851409966,0.042554324870978905,0.005498784519739595,0.007980060431824322,cuba land+fall,3.536333661498305
-8.956038595811178,1.0618630036115546,0.0402940034529361,0.005218410939534509,0.007750203163146754,land+fall after,3.583224655164165
-8.925111787389003,1.0473144778168448,0.038676973124290054,0.005017878776252607,0.007586234509913746,Lashing,3.6173992132153345
-8.925111787389003,1.0473144778168448,0.038676973124290054,0.005017878776252607,0.007586234509913746,after lashing,3.6173992132153345
-6.54050952358494,-0.07845356530447045,-0.04035769304844242,-0.004738911408886978,3.081495261192564e-05,land+fall cuba,6.254221573516736
-6.86204154876407,0.07358029860133275,-0.033078456152934484,-0.0038437059407397563,0.0006900693225390022,less,5.898572209520637
-6.86204154876407,0.07358029860133275,-0.033078456152934484,-0.0038437059407397563,0.0006900693225390022,cuba les+s,5.898572209520637
-6.72442630668095,0.008514422778739483,-0.03627673287130787,-0.004237110496434902,0.0003995084911232365,les+s than,6.0507875801067375
-6.497714024689483,-0.0986916366758277,-0.04127731125725172,-0.004851961763962858,-5.194883058664418e-05,than day,6.301559237528411
-6.345112040497417,-0.1708616933304481,-0.044469540113747964,-0.005244311496690461,-0.00033833141487319557,day after,6.470359871180962
-5.912709319232771,-0.3753892532248919,-0.05284053399010983,-0.006272617191159477,-0.0010825715849903331,became,6.948676722188281
-5.912709319232771,-0.3753892532248919,-0.05284053399010983,-0.006272617191159477,-0.0010825715849903331,after became,6.948676722188281
-6.619644739323375,-0.041031861214748666,-0.03862785013508423,-0.004526231569159926,0.00018681529571185074,became the,6.16668791531687
-3.6021015742481897,-1.4687428251510752,-0.08567833744123743,-0.010299481375036758,-0.003905840008750759,strongest recorded,9.504840812934436
0.9302208159929481,-3.6139114918092954,-0.12056967274159064,-0.014570379396980939,-0.0067229898440958604,recorded storm,14.519111439905497
-3.6021015742481897,-1.4687428251510752,-0.08567833744123743,-0.010299481375036758,-0.003905840008750759,storm strike,9.504840812934436
-6.170395700989152,-0.2534978136918542,-0.047966359519760055,-0.0056739626079190374,-0.0006504125121928857,strike jamaica,6.6636258182109
-5.59376809389186,-0.5262731936127936,-0.05845150287580131,-0.00696144237241359,-0.0015759318064957851,jamaica where,7.301495661823807
2.824439849048936,-4.514032893330974,-0.18415004759263728,-0.02325904565083914,-0.02264748465296684,left,16.61618722387955
-6.123004004522313,-0.27591407174689353,-0.04888732404727668,-0.005787097506950445,-0.0007323223990626229,where left,6.716049678038555
-6.345112040497417,-0.1708616933304481,-0.044469540113747964,-0.005244311496690461,-0.00033833141487319557,left hundreds,6.470359871180962
-1.252369561891097,-2.5808681415967456,-0.10690472507456134,-0.012898010848177679,-0.005644312206407513,thousands,12.104421572211532
-5.992892476920906,-0.3374593291307031,-0.05135828342776961,-0.006090592681802566,-0.0009515023393638321,hundreds thousands,6.859977958896817
-5.874619395849011,-0.3934077899123478,-0.05353419474179406,-0.006357792333420831,-0.0011438033591677377,power and,6.990812077341995
-7.3454594174370555,0.302080516126503,-0.020722594222102375,-0.0023226867931248783,0.0018258966982271719,forced,5.363896522673859
-7.3454594174370555,0.302080516126503,-0.020722594222102375,-0.0023226867931248783,0.0018258966982271719,and forced,5.363896522673859
-7.44996044134224,0.3514596147437663,-0.017792047122159836,-0.0019616510899873787,0.0020983953486327523,hospitals,5.248322414794475
-7.44996044134224,0.3514596147437663,-0.017792047122159836,-0.0019616510899873787,0.0020983953486327523,forced hospital+s,5.248322414794475
-1.2297640452320344,-2.5915676041608826,-0.10707090423245207,-0.012918347426435424,-0.005657631521932389,evacuate,12.129430952994419
-8.855613913083436,1.0146120518045825,0.035132620448687035,0.004578469730392101,0.007228200630758264,hospital+s evacuate,3.6941995263241787
-8.956038595811178,1.0618630036115546,0.0402940034529361,0.005218410939534509,0.007750203163146754,crossed,3.583224655164165
-8.956038595811178,1.0618630036115546,0.0402940034529361,0.005218410939534509,0.007750203163146754,melissa crossed,3.583224655164165
-8.984815956997416,1.0753979616344647,0.04182146042088895,0.005407870592988733,0.007905449524302773,crossed the,3.5514263498581062
-6.573743106932255,-0.06273772661378851,-0.03963592034305333,-0.004650175577365244,9.585524552566116e-05,the coast,6.217460873034865
-8.919729090693295,1.0447820914103594,0.038398082890379645,0.004983296791050366,0.0075579943375457,coast eastern,3.6233472888498337
-8.855613913083436,1.0146120518045825,0.035132620448687035,0.004578469730392101,0.007228200630758264,evacu…,3.6941995263241787
-8.855613913083436,1.0146120518045825,0.035132620448687035,0.004578469730392101,0.007228200630758264,hospital+s evacu…,3.6941995263241787
-8.90316123868857,1.0369869569751067,0.03754433499932469,0.004877440448698651,0.007471616900796568,+4897,3.6416555868890996
-8.90316123868857,1.0369869569751067,0.03754433499932469,0.004877440448698651,0.007471616900796568,evacu… +4897,3.6416555868890996
-8.93567610559492,1.0522844209622846,0.03922651918381602,0.0050860250668865355,0.0076419151221984345,+4897 char+s,3.6057253600576233
-9.103732468924045,1.1313016843124895,0.04837881037449908,0.00622161493041125,0.008575924748125206,Reinsurers,3.4200383062972985
-9.064279457372571,1.1127594475956388,0.04615807858794055,0.005945957451059686,0.008348129260713941,Hold,3.463626788899153
-9.064279457372571,1.1127594475956388,0.04615807858794055,0.005945957451059686,0.008348129260713941,reinsurers hold,3.463626788899153
-9.044886247427108,1.1036431155589272,0.04508321185690198,0.005812561874522702,0.008238142126516227,Bulk,3.4850536250123993
-9.044886247427108,1.1036431155589272,0.04508321185690198,0.005812561874522702,0.008238142126516227,hold bulk,3.4850536250123993
-9.01168399295467,1.0880327117142823,0.04326791573088401,0.005587315214553093,0.008052786974639212,bulk jamaica,3.5217387793634893
-8.965857190526833,1.066481285451,0.04081265901880604,0.0052827390050547325,0.007802878502701378,Property,3.5723752203454993
-8.965857190526833,1.066481285451,0.04081265901880604,0.0052827390050547325,0.007802878502701378,jamaica property,3.5723752203454993
-8.919729090693295,1.0447820914103594,0.038398082890379645,0.004983296791050366,0.0075579943375457,Exposures,3.6233472888498337
-8.919729090693295,1.0447820914103594,0.038398082890379645,0.004983296791050366,0.0075579943375457,property exposures,3.6233472888498337
-8.861845934071283,1.0175450578780016,0.03544553004226057,0.00461725505499622,0.007259733941948433,From,3.6873124523120797
-8.861845934071283,1.0175450578780016,0.03544553004226057,0.00461725505499622,0.007259733941948433,exposures from,3.6873124523120797
-8.682635079537773,0.9331655838726289,0.026809835596675297,0.0035473814762933785,0.006394792940347737,Reports,3.885376673775027
-8.682635079537773,0.9331655838726289,0.026809835596675297,0.0035473814762933785,0.006394792940347737,melissa report+s,3.885376673775027
-8.829780634835116,1.0024529780194922,0.0338456024122412,0.0044189582402232655,0.007098654996985103,report+s hurricane,3.722748624046855
-5.184502096701736,-0.7199104351096679,-0.06505012764660442,-0.007771089966591029,-0.0021504408860048415,jamaica powerful,7.754244486843062
-3.5889992988289183,-1.4749437671308456,-0.08582312618028913,-0.010317215375166656,-0.003917938175293977,storm record,9.519336061654327
-5.443161648126013,-0.5975274207548784,-0.06095373291705136,-0.007268517718067328,-0.0017945158623995632,island nation,7.468102144143195
-4.494258420722343,-1.0465294748672864,-0.0748885152527182,-0.008977451432128344,-0.0029954364735366346,nation which,8.517844206702154
6.0869896175697225,-6.054528251326222,-0.14021622898055197,-0.0169789035323967,-0.008204114258846694,brought,20.22422408194307
-3.3626246521497194,-1.582081577972632,-0.08826886453316479,-0.010616751009796716,-0.004121815194231673,which brought,9.769778349462115
0.9302208159929481,-3.6139114918092954,-0.12056967274159064,-0.014570379396980939,-0.0067229898440958604,brought storm,14.519111439905497
-4.346548765134324,-1.1164299080631337,-0.0768116862219595,-0.009213161190987898,-0.003158969911050459,torrential,8.681254346288732
-4.346548765134324,-1.1164299080631337,-0.0768116862219595,-0.009213161190987898,-0.003158969911050459,surge torrential,8.681254346288732
-5.520393265363335,-0.560987538348269,-0.059681796938584324,-0.0071124331085775944,-0.001683515728305193,torrential rain,7.382665441184033
-1.2498070634961849,-2.5822023044034035,-0.11103433563764942,-0.01249272584524799,0.004295501784155631,rain strong,12.107300127617572
-6.232344953897839,-0.24019672525918612,-0.1309240097284645,0.0024958464485107176,0.1993042982591266,and massiv+e,6.601770192490766
-1.008636184404498,-2.765643006453624,-0.28383711329522615,0.015418069571164926,0.38881330570946093,damages,12.403398399710838
-5.905415508881432,-0.45577115668293766,-0.2443136019902612,0.009552878964219668,0.42609780999441554,massiv+e damages,6.9892529408208315
-8.667934401277355,0.9239449257809011,-0.007877017019376473,0.007204664717983393,0.09273021236792073,land+fall near,3.902538131766358
1.512440143601653,-3.889724559085951,-0.1297578460986849,-0.01432897101610189,0.007954584159581042,New,15.16333715977192
-8.716622731838953,0.9474210506638086,-0.0018297782426420772,0.007091972997860553,0.08360577036679667,near new,3.848499257658757
-8.70873910900791,0.9442934092398891,0.0027153317352063555,0.006517275626488038,0.07121584728297894,Hope,3.8569723971470795
-8.70873910900791,0.9442934092398891,0.0027153317352063555,0.006517275626488038,0.07121584728297894,new hope,3.8569723971470795
-8.682057836825184,0.9323670101962842,0.008599839110403892,0.005584647464275087,0.05304520102807826,hope jamaica,3.886203085773438
-8.35443496652617,0.7677705564879582,-0.05718857116286179,0.009047713847580864,0.17755756382483734,Mel…,4.25261198761194
-8.47274275501916,0.8280489917389084,-0.03620318815026788,0.008118232114128097,0.13982148374662748,+4121,4.119932965387559
-8.47274275501916,0.8280489917389084,-0.03620318815026788,0.008118232114128097,0.13982148374662748,mel… +4121,4.119932965387559
-8.562518297944257,0.8725821355615293,-0.022282707549872466,0.007602660293722424,0.11592786374468522,+4121 chars,4.0197645338568435
-9.17454153276018,1.164567314594441,0.052483517000254484,0.006731325102998939,0.008998955470634343,photo+s show,3.3418129923260538
-9.148489639903458,1.1523303818329633,0.05095510144080828,0.006541501132294021,0.008841135342560136,the catastrophic,3.370592530694408
-9.107119493747888,1.1328932854638898,0.048571626723694555,0.00624555256767443,0.008595738677534511,catastrophic da+mög+e,3.4162963608056858
-9.082730498882169,1.1214317601233015,0.04719090422564544,0.0060741519320748165,0.008453979798317307,da+mög+e hurricane,3.44324142115305
-1.8886813367335638,-2.279695094797286,-0.10196979864051459,-0.012294059627201932,-0.005246640783942181,wreaked,11.40044550419621
-9.01168399295467,1.0880327117142823,0.04326791573088401,0.005587315214553093,0.008052786974639212,melissa wreaked,3.5217387793634893
2.029764328369234,-4.135185355653872,-0.14061262480237968,-0.013829753314039735,0.027705893402872772,homes,15.735917849650347
-8.960977102987597,1.0641859179848927,0.04055455271919828,0.005250725970636402,0.007776659837443469,wreaked homes,3.577767645943955
-8.925111787389003,1.0473144778168448,0.038676973124290054,0.005017878776252607,0.007586234509913746,businesses,3.6173992132153345
-8.925111787389003,1.0473144778168448,0.038676973124290054,0.005017878776252607,0.007586234509913746,homes business+es,3.6173992132153345
-7.983782192352806,0.6035798651456983,-0.0010520654284098957,0.00010281946530626626,0.0036779123785547745,business+es and,4.657992014057616
-7.976758239664437,0.6002641044212582,-0.0012940619975592843,7.294850728364888e-05,0.0036547990220667168,and infrastructure,4.665758771852694
-8.717576828893145,0.9496231737455976,0.028436767326681045,0.0037488585506096003,0.006556904366410592,infrastructure across,3.8467564507706973
-7.98854986158198,0.6058304853812111,-0.000887437212738651,0.00012314087719860617,0.003693640910988753,speeds 185,4.652720161715095
-8.829780634835116,1.0024529780194922,0.0338456024122412,0.0044189582402232655,0.007098654996985103,Wednesday.YAMIL,3.722748624046855
-8.829780634835116,1.0024529780194922,0.0338456024122412,0.0044189582402232655,0.007098654996985103,cuba wednesday.yamil,3.722748624046855
-8.795277988706722,0.986210919076387,0.03215153183617929,0.0042090341803542285,0.006928511658626027,LAGE,3.7608796204660413
-8.795277988706722,0.986210919076387,0.03215153183617929,0.0042090341803542285,0.006928511658626027,wednesday.yamil lage,3.7608796204660413
-7.944792875261441,0.5851737578160998,-0.002387293884926256,-6.19852264508846e-05,0.0035504859417873173,AFP,4.701104856669599
-8.742240169530103,0.9612380519674757,0.02960117240087605,0.003893080495525362,0.0066731671577248425,lage afp,3.819497394604099
-8.402718318658332,0.8012409950401549,0.01466043339885377,0.002044015440426837,0.00519638348426223,afp hurrican+e,4.194798990688499
-6.887567039519165,0.08564821796698885,-0.03247084158169641,-0.0037689521766836034,0.0007454307455921419,tuesday category,5.870338987814699
-4.185821585348812,-1.1924922340155728,-0.0788389811189619,-0.009461597618930855,-0.003330768221219657,storm.,8.85906650496498
-4.185821585348812,-1.1924922340155728,-0.0788389811189619,-0.009461597618930855,-0.003330768221219657,category storm.,8.85906650496498
-6.385120571403944,-0.15193983476369732,-0.04364545485031125,-0.005143036374649919,-0.0002645363470241517,storm. /li,6.426104156099273
-7.53064715574482,0.3895812328700097,-0.015458353418504829,-0.0016740671633689403,0.0023162484052994085,/li one,5.1590881566106
-8.417681469450553,0.8082964949976694,0.015272985340184952,0.0021197624099626375,0.005256294326667717,+9707,4.1782570831969315
-8.417681469450553,0.8082964949976694,0.015272985340184952,0.0021197624099626375,0.005256294326667717,atlantic +9707,4.1782570831969315
-8.500113036163704,0.8471586422191781,0.01871892383209861,0.00254597903692127,0.00559433224805609,+9707 chars,4.087131067224956
-7.744671295161664,0.4906778902394242,-0.008945109739377545,-0.0008710570922655135,0.002928278295201009,Damages,4.9224014951289625
-3.9200384300253024,-1.3216488363337184,-0.11826706154598511,-0.006320947612360484,0.08333538354410133,storm damages,9.154473225232008
-7.661240844820157,0.4512726696925178,-0.011542172826708205,-0.0011913125390106642,0.002683531171342228,Yup,5.014664348732805
-7.661240844820157,0.4512726696925178,-0.011542172826708205,-0.0011913125390106642,0.002683531171342228,damages yup,5.014664348732805
-7.580519615384795,0.4131420254224798,-0.013983591111915508,-0.0014922940291361344,0.002454309733223546,Village,5.1039334556582885
-7.580519615384795,0.4131420254224798,-0.013983591111915508,-0.0014922940291361344,0.002454309733223546,yup village,5.1039334556582885
-7.477694758167973,0.3645635756958825,-0.01699703739831899,-0.0018636889673117009,0.0021725254360989016,Site,5.217649846099678
-7.477694758167973,0.3645635756958825,-0.01699703739831899,-0.0018636889673117009,0.0021725254360989016,village site,5.217649846099678
-7.361150124567889,0.30949514626783303,-0.02028899180398043,-0.0022692750398402815,0.0018661403434058485,site alaska,5.346543014426315
-7.2363633436506625,0.25052343167521895,-0.023677078912546806,-0.0026865607438678737,0.00155237821678785,QUINHAGAK,5.484555658387448
-8.654724682624323,0.9200179484181765,0.025529014765699215,0.0033887932340644755,0.006267441650877658,alaska quinhagak,3.9162261364571944
-8.537196694161937,0.8646379336339167,0.020309876157248122,0.002742815388613682,0.0057509792271651095,ALASKA—According,4.046137682388853
-8.537196694161937,0.8646379336339167,0.020309876157248122,0.002742815388613682,0.0057509792271651095,quinhagak alaska—according,4.046137682388853
-3.487887593447832,-1.5236871997780836,-0.025788395791302966,-0.08681021060801893,-0.019859909966318617,report,9.631662102138764
-8.186701100407248,0.6993477003992188,0.006229766768711134,0.001002028218151237,0.004377274700060559,alaska—according report,4.433624212255541
-5.912709319232771,-0.3753892532248919,-0.05284053399010983,-0.006272617191159477,-0.0010825715849903331,report the,6.948676722188281
-5.663602061700785,-0.49323483667019863,-0.05726022014993589,-0.006815224089534402,-0.001471555534465866,Anchorage,7.224243275567048
-5.663602061700785,-0.49323483667019863,-0.05726022014993589,-0.006815224089534402,-0.001471555534465866,the anchorage,7.224243275567048
-4.757108710514568,-0.9221452406791224,-0.07131493931848647,-0.008539373863069695,-0.002690129232740177,Daily,8.227056829045521
-4.757108710514568,-0.9221452406791224,-0.07131493931848647,-0.008539373863069695,-0.002690129232740177,anchorage daily,8.227056829045521
-3.8165087047665036,-1.3672709031827517,-0.08325652162107448,-0.010002829247880445,-0.003703009300686165,daily news,9.267639439445894
-2.0124774776224807,-2.2211014064355465,-0.10094841839920421,-0.012169050971905702,-0.005163826674472868,news the,11.263485355875627
-1.4444941112291065,-2.489933353755113,-0.10546789802178737,-0.012722173665011948,-0.0055289528637451485,known,11.891866631490869
-2.784951206538379,-1.8554878805217214,-0.09406586066815889,-0.01132656253898018,-0.004601369680815686,storm known,10.408872603355594
-4.630645346356361,-0.9819886894345089,-0.07305920087457815,-0.008753214128229918,-0.0028393818509451093,known typhoon,8.366961030144653
-7.928828663498409,0.577636927704793,-0.0029283788904383157,-0.00012876347327563445,0.0034989193181899185,typhoon the,4.718757645723907
-5.600472120539014,-0.5231014942714065,-0.05833801071636257,-0.006947512972909447,-0.0015659966294125447,post,7.294079454701561
-5.600472120539014,-0.5231014942714065,-0.05833801071636257,-0.006947512972909447,-0.0015659966294125447,the post,7.294079454701561
-8.956038595811178,1.0618630036115546,0.0402940034529361,0.005218410939534509,0.007750203163146754,post storm,3.583224655164165
-8.725937843076332,0.9535608324539615,0.02883000246245916,0.0037975620250276683,0.0065961455709105145,alaska appeared,3.8375154077705504
-6.938035121196336,0.10950770457988668,-0.03125577647199666,-0.0036194512975636335,0.0008562919717898963,appeared first,5.814517633794514
-8.82308479959367,0.9993011491889134,0.033514635031240886,0.004377942466608206,0.007065380997442675,Archaeology,3.7301485034834934
-8.82308479959367,0.9993011491889134,0.033514635031240886,0.004377942466608206,0.007065380997442675,first archaeology,3.7301485034834934
-8.734157631567447,0.957431832469307,0.029218097017950972,0.0038456310221995967,0.006634896078761119,Magazine,3.8284305211422858
-8.734157631567447,0.957431832469307,0.029218097017950972,0.0038456310221995967,0.006634896078761119,archaeology magazine,3.8284305211422858
-8.525110726681396,0.8589415044672255,0.019788518594401464,0.002678307844301186,0.005699605412606045,ALASKAAccording,4.059497754754785
-8.525110726681396,0.8589415044672255,0.019788518594401464,0.002678307844301186,0.005699605412606045,quinhagak alaskaaccording,4.059497754754785
-8.186701100407248,0.6993477003992188,0.006229766768711134,0.001002028218151237,0.004377274700060559,alaskaaccording report,4.433624212255541
-7.928828663498409,0.577636927704793,-0.0029283788904383157,-0.00012876347327563445,0.0034989193181899185,swallowed,4.718757645723907
-7.928828663498409,0.577636927704793,-0.0029283788904383157,-0.00012876347327563445,0.0034989193181899185,halong swallowed,4.718757645723907
-8.304075367882625,0.7547200257877618,0.01071740471192531,0.0015565541617925446,0.004812022295796227,swallowed much,4.303853480771124
-8.473941587459016,0.8348213838031071,0.017611541070879463,0.0024089922524462137,0.005485514071083058,much feet,4.116062402642489
-8.57192088154152,0.8810028954408258,0.021823389068044666,0.0029301042092751504,0.005900341828097674,feet land,4.007753513760533
-8.654724682624323,0.9200179484181765,0.025529014765699215,0.0033887932340644755,0.006267441650877658,land some,3.9162261364571944
-7.053863369016555,0.16426305331715563,-0.028396026071080965,-0.0032675176920516627,0.0011180192031813333,some area+s,5.686405079019277
-8.773272027494844,0.9758501866407363,0.031085568432056856,0.004076964761885956,0.006821669623294531,area+s western,3.785200416822074
-8.829780634835116,1.0024529780194922,0.0338456024122412,0.0044189582402232655,0.007098654996985103,Alaskas,3.722748624046855
-8.829780634835116,1.0024529780194922,0.0338456024122412,0.0044189582402232655,0.007098654996985103,western alaskas,3.722748624046855
-8.880032162977376,1.0261035654942008,0.03636413296267227,0.004731124748207728,0.007352389878670231,coastline,3.667214905698004
-8.880032162977376,1.0261035654942008,0.03636413296267227,0.004731124748207728,0.007352389878670231,alaskas coastline,3.667214905698004
-6.820270553823666,0.05383129710748902,-0.034062923178123955,-0.003964813666444037,0.0006004803644316234,earlier,5.944774503302363
-8.93567610559492,1.0522844209622846,0.03922651918381602,0.0050860250668865355,0.0076419151221984345,coastline earlier,3.6057253600576233
-8.975446691565807,1.070991544188785,0.04132170585246299,0.005345879208749276,0.007854617278653874,earlier this,3.561779050214418
-9.015991156300469,1.0900579629623517,0.043501652616997635,0.005616315124738463,0.008076625288021106,+726,3.516979711557902
-9.015991156300469,1.0900579629623517,0.043501652616997635,0.005616315124738463,0.008076625288021106,this +726,3.516979711557902
-9.036846713556578,1.0998635540159774,0.044640793638050125,0.005757660917665865,0.00819292199783402,+726 char+s,3.4939363623415765
1.0075668442980419,-3.652119761554385,-0.14741412782193536,-0.019413250073532885,-0.02679951184587889,leaves,14.605314580606114
-7.650076643382637,0.4459992726051203,-0.011883937349935474,-0.001233450445555292,0.002651393365686521,melissa leaves,5.027010639455391
-5.462146897650105,-0.5885450261378011,-0.06064321577565652,-0.007230414414925977,-0.001767438599428451,dozens,7.4470998641430795
-8.885930729182084,1.0288792700263782,0.03666384032532702,0.004768279058912878,0.007382647400883544,leaves dozens,3.660696499657337
3.705468741629911,-4.9279488069739985,-0.1430090979449422,-0.015091249897188918,0.016636583825677405,dead,17.589678805769246
-8.842882685087389,1.0086199898658852,0.03449633124979981,0.004499605759298218,0.0071641237864190545,dozens dead,3.708269079733725
-5.853505434694204,-0.403395921866756,-0.05391585508370745,-0.0064046544487809135,-0.0011774650194515974,dead and,7.01416855352325
0.6623432849267257,-3.4887820964848597,-0.14688261319910367,-0.019427229631594326,-0.027671312344132518,trail,14.223402087826289
-8.780722751021734,0.9793582230579299,0.03144522961759946,0.004121523765077092,0.006857699879821886,and trail,3.7769658860956294
-2.7602033534215664,-1.8691748394592906,-0.13500618905724943,-0.018755304707707993,-0.035713909855207164,destruction,10.437015709175718
-3.7421907047995244,-1.4044989618545296,-0.13039396721928348,-0.0185299254901522,-0.03922529429102622,trail destruction,9.350646241751257
-5.993351866900131,-0.3396326098452547,-0.12052629607814734,-0.018715190851451177,-0.05436245910828664,destruction across,6.860355737114556
-5.516258269534426,-0.5653840333619038,-0.1245124052594749,-0.018931172614193532,-0.05158247224488124,across caribbean,7.388155573546077
-5.101855733735269,-0.7618915188305251,-0.1333794847871842,-0.020146892293548185,-0.05381753694478394,downgraded,7.846770492905181
-7.98854986158198,0.6058304853812111,-0.000887437212738651,0.00012314087719860617,0.003693640910988753,hurricane downgraded,4.652720161715095
-5.240318589607319,-0.6966645594694727,-0.13624909918064868,-0.020797210913939518,-0.05748335208191161,downgraded from,7.69370807804324
-4.871986554123972,-0.8710445545224039,-0.13984118284941102,-0.021116811429066126,-0.056407886069211696,from category,8.101225512703946
-3.6021015742481897,-1.4687428251510752,-0.08567833744123743,-0.010299481375036758,-0.003905840008750759,storm wednesday,9.504840812934436
-6.664063247793148,-0.020027982438925118,-0.0376397776793332,-0.004404734590703549,0.00027610766404316534,wednesday after,6.117555781221833
-7.86382374827365,0.5469450947319627,-0.005098710215350313,-0.0003965763818133171,0.003292495024643065,after made,4.790639438079116
-7.227468340110483,0.24631950879148423,-0.023913428443457965,-0.002715664748564846,0.0015305498648160512,jamaica day,5.494393571369673
-7.928828663498409,0.577636927704793,-0.0029283788904383157,-0.00012876347327563445,0.0034989193181899185,day earlier,4.718757645723907
-7.477694758167973,0.3645635756958825,-0.01699703739831899,-0.0018636889673117009,0.0021725254360989016,earlier its,5.217649846099678
-7.227468340110483,0.24631950879148423,-0.023913428443457965,-0.002715664748564846,0.0015305498648160512,strongest-ever,5.494393571369673
-7.227468340110483,0.24631950879148423,-0.023913428443457965,-0.002715664748564846,0.0015305498648160512,its strongest-ever,5.494393571369673
-4.185821585348812,-1.1924922340155728,-0.0788389811189619,-0.009461597618930855,-0.003330768221219657,strongest-ever storm,8.85906650496498
-5.58644694586718,-0.5297368632494974,-0.05857523316426223,-0.006976628187472685,-0.001586761163252834,decimating,7.30959455200942
-6.385120571403944,-0.15193983476369732,-0.04364545485031125,-0.005143036374649919,-0.0002645363470241517,storm decimating,6.426104156099273
-7.421325985953185,0.33792984607962184,-0.018605162127230353,-0.0020618357555455703,0.0020226678636915824,crucial,5.27999071784519
-7.421325985953185,0.33792984607962184,-0.018605162127230353,-0.0020618357555455703,0.0020226678636915824,decimating crucial,5.27999071784519
-7.792692876914949,0.513356522565116,-0.007414859754855452,-0.0006823134309226269,0.0030729301256002487,crucial infrastructure,4.869297244975625
-7.477694758167973,0.3645635756958825,-0.01699703739831899,-0.0018636889673117009,0.0021725254360989016,infrastructure its,5.217649846099678
-6.811920162722455,0.04988321732655532,-0.03425827674003976,-0.003988844382766592,0.000582718661989977,wake,5.954010787188603
-8.338775856716651,0.7710867210469128,0.012085984078287468,0.001725721665791529,0.004945177337728205,its wake,4.2654897098658715
-8.525110726681396,0.8589415044672255,0.019788518594401464,0.002678307844301186,0.005699605412606045,Aftermath,4.059497754754785
-8.525110726681396,0.8589415044672255,0.019788518594401464,0.002678307844301186,0.005699605412606045,watch aftermath,4.059497754754785
-8.664200556269979,0.9244818865712732,0.025962028092991904,0.00344240528404699,0.006310469067795121,aftermath hurrican+e,3.9057523395496063
-8.829780634835116,1.0024529780194922,0.0338456024122412,0.0044189582402232655,0.007098654996985103,Montego,3.722748624046855
-8.829780634835116,1.0024529780194922,0.0338456024122412,0.0044189582402232655,0.007098654996985103,melissa montego,3.722748624046855
-8.880032162977376,1.0261035654942008,0.03636413296267227,0.004731124748207728,0.007352389878670231,Bay,3.667214905698004
-8.880032162977376,1.0261035654942008,0.03636413296267227,0.004731124748207728,0.007352389878670231,montego bay,3.667214905698004
2.707969293757861,-4.45531862933374,-0.12892135148228373,-0.015593101318153196,-0.007364150505919813,devastated,16.485904835288554
-8.90316123868857,1.0369869569751067,0.03754433499932469,0.004877440448698651,0.007471616900796568,bay devastated,3.6416555868890996
-8.664200556269979,0.9244818865712732,0.025962028092991904,0.00344240528404699,0.006310469067795121,devastated hurrican+e,3.9057523395496063
-6.2661250175049314,-0.20821948779739907,-0.04607060163442368,-0.005441049906059697,-0.00048143293282564264,continued,6.557732493399117
-9.068042528115193,1.114528246730456,0.046367911160234115,0.005972000602101629,0.008369621111284031,has continued,3.4594691742583006
-9.103732468924045,1.1313016843124895,0.04837881037449908,0.00622161493041125,0.008575924748125206,continued its,3.4200383062972985
-9.117096222282164,1.1375812351662313,0.04914160416476865,0.00631631704139142,0.008654343105812931,its devastating,3.405274288810724
-5.599111980678546,-0.5237449808133996,-0.05836105128647909,-0.006950340856026602,-0.001568013762988098,sweep,7.295584084328162
-9.154449019871064,1.155129802246213,0.051302827198978884,0.0065846843547998305,0.008877009055443965,devastating sweep,3.3640091040683777
-9.171741393783282,1.1632521699517413,0.052318199647831146,0.006710791538888573,0.008981867925083658,sweep across,3.3449062541850965
-9.228562642672378,1.1899336591932514,0.055723037695081246,0.007133780342474937,0.009334649407583849,caribbean decimating,3.2821394535845854
-9.253687142509278,1.2017273060976514,0.05726302619132756,0.007325154076017113,0.00949479944357011,decimating homes,3.2543878181611277
-2.4152423517226893,-2.0333307043057456,-0.12980941614790223,-0.008622183215635508,0.07235853118789823,homes and,10.819050324108442
-9.306171193433286,1.226355286046623,0.06055112594802793,0.0077338871773092645,0.00983797816719504,infrastructure flooding,3.196419547341701
-9.322428935171589,1.233981760892557,0.06158976657984018,0.007863032006167071,0.009946732088499693,neighbourhoo…,3.1784640584890242
-9.322428935171589,1.233981760892557,0.06158976657984018,0.007863032006167071,0.009946732088499693,flooding neighbourhoo…,3.1784640584890242
-8.563155225945449,0.8753738126625319,0.05709225797728312,-0.041211815426858076,-0.0032701561574537065,+4410,4.018132732198941
-9.347688518977892,1.2458286141079384,0.0632229329717653,0.008066134187811118,0.010118079917129753,neighbourhoo… +4410,3.150567742829981
-9.35720893589805,1.2502929654774146,0.06384471650177577,0.00814347070811196,0.010183426187632315,+4410 char+s,3.1400538726558618
-9.01168399295467,1.0880327117142823,0.04326791573088401,0.005587315214553093,0.008052786974639212,'Jamaica,3.5217387793634893
-7.279039592364964,0.26035197506112917,-0.09045904902692281,0.004233863912137696,0.16640187773524778,rise,5.441639789726912
-8.945981539551854,1.0571322760139357,0.03976540669039373,0.00515285399919866,0.007696559738992586,'jamaica rise,3.5943377133776657
-8.90316123868857,1.0369869569751067,0.03754433499932469,0.004877440448698651,0.007471616900796568,rise together,3.6416555868890996
-8.849293540369757,1.0116373645994077,0.03481624430028629,0.004539256188946055,0.007196332779130491,together after,3.7011842833293023
-8.809391287819267,0.9928550732078512,0.03284109765842695,0.004294478002285922,0.006997716657085328,after hurricane,3.74528199188313
-7.832175600384632,0.532001133659997,-0.006136658450492376,-0.0005246340610219891,0.0031940073456786025,Londoners,4.825636283915922
-8.725937843076332,0.9535608324539615,0.02883000246245916,0.0037975620250276683,0.0065961455709105145,hurricane londoners,3.8375154077705504
-7.76739553787797,0.5014098616113536,-0.00822427466920033,-0.0007821519214305317,0.002996376773669887,londoners with,4.897271979377809
-7.727818476513076,0.48271854218634225,-0.009475925902518487,-0.0009365216312860964,0.002878177636884135,with family,4.941038243192241
-9.007329525470354,1.0859851607439233,0.043032137161240186,0.0055580628195008135,0.008028748793163442,family jamaica,3.5265501398509116
-8.338775856716651,0.7710867210469128,0.012085984078287468,0.001725721665791529,0.004945177337728205,await,4.2654897098658715
-8.338775856716651,0.7710867210469128,0.012085984078287468,0.001725721665791529,0.004945177337728205,jamaica await,4.2654897098658715
-8.228270571769649,0.7189605066759761,0.007794745770927924,0.0011953770227270937,0.004528559151204295,await update+s,4.3876634642011485
-8.880032162977376,1.0261035654942008,0.03636413296267227,0.004731124748207728,0.007352389878670231,update+s the,3.667214905698004
-5.037060578441949,-0.7896749754853731,-0.06727890506815865,-0.008044459597761091,-0.002343087596828977,aftermath,7.917353530279503
-5.972373604790435,-0.3471654753780946,-0.05174047238608141,-0.006137528884006575,-0.0009853271567734651,the aftermath,6.882675916759139
-8.880032162977376,1.0261035654942008,0.03636413296267227,0.004731124748207728,0.007352389878670231,aftermath the,3.667214905698004
-7.754513288962295,0.49532601792614317,-0.008633632877620485,-0.0008326415147645863,0.0029576951175699553,Briohny,4.911517740692276
-8.016648977654057,0.6190944460946379,8.891676677143245e-05,0.00024366779758570878,0.0037869999399613545,Williams,4.621649766577901
-8.016648977654057,0.6190944460946379,8.891676677143245e-05,0.00024366779758570878,0.0037869999399613545,briohny williams,4.621649766577901
-7.352104069268384,0.30369924196140197,-0.03496300333974809,0.02142769790422449,0.058397463191393446,London,5.357167432494088
-8.228270571769649,0.7189605066759761,0.007794745770927924,0.0011953770227270937,0.004528559151204295,williams london,4.3876634642011485
-8.355412376556545,0.7789328267020486,0.012749164745761238,0.0018077055780859833,0.0050097974516464736,london and,4.247097170287823
-6.86204154876407,0.07358029860133275,-0.033078456152934484,-0.0038437059407397563,0.0006900693225390022,Stafford,5.898572209520637
-8.446500262633714,0.8218842900894612,0.016463828933612534,0.0022670349098472455,0.005372919596871627,and stafford,4.1463980731189665
-7.071893619035383,0.1727859371464664,-0.027941683548418333,-0.0032115949693514046,0.0011597053269602631,Geohagen,5.6664628553489305
-8.560592577594416,0.8756642832584296,0.021327059483098987,0.002868682576655183,0.005851324399480783,stafford geohage+n,4.020275730747688
-8.654724682624323,0.9200179484181765,0.025529014765699215,0.0033887932340644755,0.006267441650877658,geohage+n said,3.9162261364571944
-8.725937843076332,0.9535608324539615,0.02883000246245916,0.0037975620250276683,0.0065961455709105145,said hab+d,3.8375154077705504
-8.758008623433497,0.9686632975898872,0.030352730640280656,0.003986178145730315,0.006748314222181626,hab+d been,3.802069689541356
-8.795277988706722,0.986210919076387,0.03215153183617929,0.0042090341803542285,0.006928511658626027,receiving,3.7608796204660413
-8.795277988706722,0.986210919076387,0.03215153183617929,0.0042090341803542285,0.006928511658626027,been receiving,3.7608796204660413
-8.861845934071283,1.0175450578780016,0.03544553004226057,0.00461725505499622,0.007259733941948433,receiving update+s,3.6873124523120797
-8.908755340186907,1.0396190505416463,0.03783181623079615,0.004913084089516476,0.007500690478703416,update+s from,3.6354737906062864
-8.93567610559492,1.0522844209622846,0.03922651918381602,0.0050860250668865355,0.0076419151221984345,from his,3.6057253600576233
-8.956038595811178,1.0618630036115546,0.0402940034529361,0.005218410939534509,0.007750203163146754,brother,3.583224655164165
-8.956038595811178,1.0618630036115546,0.0402940034529361,0.005218410939534509,0.007750203163146754,his brot+her,3.583224655164165
-9.007329525470354,1.0859851607439233,0.043032137161240186,0.0055580628195008135,0.008028748793163442,brot+her jamaica,3.5265501398509116
-8.446500262633714,0.8218842900894612,0.016463828933612534,0.0022670349098472455,0.005372919596871627,jamaica stafford,4.1463980731189665
-8.560592577594416,0.8756642832584296,0.021327059483098987,0.002868682576655183,0.005851324399480783,stafford geohagen,4.020275730747688
-9.120361901256505,1.139115665750513,0.049328834043704944,0.006339563287010009,0.00867360469655942,Brixton,3.4016664710002997
-9.120361901256505,1.139115665750513,0.049328834043704944,0.006339563287010009,0.00867360469655942,geohagen brixton,3.4016664710002997
-9.145471763475108,1.1509126849036608,0.05077943651516892,0.006519686428063028,0.008823019626427387,restaurateur,3.373926450837537
-9.145471763475108,1.1509126849036608,0.05077943651516892,0.006519686428063028,0.008823019626427387,brixton restaurateur,3.373926450837537
-9.193527454002828,1.1734836832357065,0.05361111448514966,0.006871391668107019,0.009115618520989398,restaurateur one,3.3208399385671616
-9.211505555536096,1.181925487607315,0.05468973272880137,0.007005392368589505,0.00922739758776859,one many,3.3009807470360704
-9.223778526939414,1.1876876691056877,0.055432233553892735,0.007097646320116042,0.009304448703431657,many londoners,3.2874239463015704
-9.279014170951903,1.2136133978028956,0.0588375504080277,0.007520857287064997,0.00965892204961786,Jama…,3.226413641944777
-9.279014170951903,1.2136133978028956,0.0588375504080277,0.007520857287064997,0.00965892204961786,family jama…,3.226413641944777
-9.292892854923108,1.2201255792317791,0.059709968910862735,0.007629309754249398,0.009750026088931876,+5064,3.2110848863211165
-9.292892854923108,1.2201255792317791,0.059709968910862735,0.007629309754249398,0.009750026088931876,jama… +5064,3.2110848863211165
-9.304309390570614,1.2254818432533259,0.06043279951865395,0.0077191755011761076,0.009825599169568836,+5064 char+s,3.1984758058339384
-8.159683666731851,0.684623625273507,-0.10196143149634228,-0.018793086641146744,-0.07972256412937698,hurricane leaves,4.464129987356096
-2.8863865410657645,-1.809394932206172,-0.1334170984533859,-0.01853933596213927,-0.03533709656162674,leaves trail,10.297391644322838
-6.998263652457025,0.134611734541926,-0.12691978505545526,-0.021195631446027777,-0.07434012450176974,been downgraded,5.749150161887742
-7.574771587587488,0.4059511735775012,-0.1355826606833776,-0.02373572688629546,-0.09201312864180874,category category,5.11196473817767
-5.917355724806783,-0.37864912693702957,-0.15734266442513573,-0.025326467185630974,-0.0815536055772495,storm but,6.945664552545019
-6.743996679013997,0.010493314761096606,-0.1681248010128152,-0.02832333996437291,-0.10166427010538268,gathering,6.03199065578904
-6.743996679013997,0.010493314761096606,-0.1681248010128152,-0.02832333996437291,-0.10166427010538268,but gathering,6.03199065578904
-7.294007318363571,0.26678488607788964,-0.19213760507245278,-0.033533404676534456,-0.1296874124862406,speed,5.425162061891633
-7.294007318363571,0.26678488607788964,-0.19213760507245278,-0.033533404676534456,-0.1296874124862406,gathering speed,5.425162061891633
-7.4984855240258,0.35897299456042875,-0.21849054073515267,-0.03867463353512222,-0.15384098236988106,Nick,5.2008490498375926
-7.581818307886154,0.3928788369399068,-0.247365344466759,-0.04406305807341466,-0.17750393849284846,Davis,5.110963883958327
-7.581818307886154,0.3928788369399068,-0.247365344466759,-0.04406305807341466,-0.17750393849284846,nick davi+s,5.110963883958327
-7.587883948266371,0.38130095063398706,-0.3111606678740438,-0.055610400691987034,-0.22569219562593615,Mandeville,5.110305405087256
-7.587883948266371,0.38130095063398706,-0.3111606678740438,-0.055610400691987034,-0.22569219562593615,davi+s mandeville,5.110305405087256
-7.914437183614613,0.5459481695741357,-0.26342386516609556,-0.04763849367914076,-0.19729819281523742,mandeville jamaica,4.744803508313484
-8.46125662894807,0.8153737089443609,-0.19751108527116862,-0.03697072903259233,-0.1619927319660929,impact most,4.135421003179307
-8.494331030807007,0.8308714626065199,-0.19774096885073272,-0.03710095424816818,-0.16318259052115547,most sever+e,4.0988955659331445
-8.333561704290217,0.7544064787871272,-0.20336639782190874,-0.03770699538953401,-0.16270460846653986,sever+e the,4.276910934721861
-7.056623252095552,0.15687496377149834,-0.17728445067468324,-0.03045078518003702,-0.1139573898127742,southwestern,5.6867759897547465
-8.566109948735557,0.8635059702610464,-0.20408502550313984,-0.03845256048766439,-0.17030575505159393,the southwestern,4.020042802865078
-8.604695185006223,0.8787703583852555,-0.2199018222138277,-0.04143961867419114,-0.18367626948600366,southwestern parish,3.978604763691896
-8.602495756626794,0.8706047200928066,-0.25503109945623137,-0.047817690757921076,-0.21043565683951948,Elizabeth,3.9840152058304446
-8.602495756626794,0.8706047200928066,-0.25503109945623137,-0.047817690757921076,-0.21043565683951948,parish elizabeth,3.9840152058304446
-8.318722385188371,0.6810594924869111,-0.4452352006626622,-0.08138843028407262,-0.3443213089559457,the scale,4.321210045505213
-8.631402034374894,0.8753076285435568,-0.29244576091190616,-0.054688346527980956,-0.23983038372924706,scale devastation,3.9557999912887185
-8.772329738013935,0.955428594460231,-0.22981089962573686,-0.04374008341922708,-0.19697668002428684,devastation left,3.7942701314550433
-8.831255157752238,0.9874013246280413,-0.2067508311341228,-0.03972649297817487,-0.18139869624489569,left hurrican+e,3.727377536153656
-8.939881785293483,1.0443793073349208,-0.1697174666773006,-0.03332395101366815,-0.15687797755696167,becoming,3.6048920404596894
-8.939881785293483,1.0443793073349208,-0.1697174666773006,-0.03332395101366815,-0.15687797755696167,melissa becoming,3.6048920404596894
-6.865888628983507,0.07076663961718133,-0.14226943273217657,-0.02379508221769247,-0.08388011334148221,clear,5.896082587250838
-8.975691542276746,1.0627165258470925,-0.15892973444690717,-0.03147309251650095,-0.14989849153405083,becoming clear,3.564701518762857
-8.99732169112825,1.0737069916413358,-0.15270804960620515,-0.03040921876806029,-0.14591441656419912,clear after,3.540461345072474
-9.01748666170062,1.083900832920352,-0.14709054433619112,-0.029451070530829383,-0.14234500687763885,after the…,3.5178850867836484
-9.036392876240473,1.0934163961435577,-0.14197220306994307,-0.028580146045384384,-0.13911674689274278,the… +3762,3.496735747642425
-9.145471763475108,1.1509126849036608,0.05077943651516892,0.006519686428063028,0.008823019626427387,images,3.373926450837537
-9.145471763475108,1.1509126849036608,0.05077943651516892,0.006519686428063028,0.008823019626427387,satellite image+s,3.373926450837537
-9.123598382714555,1.140636341011805,0.04951471239075146,0.0063626422533544155,0.00869273254688157,image+s show,3.3980909258727623
-9.107119493747888,1.1328932854638898,0.048571626723694555,0.00624555256767443,0.008595738677534511,show jamaica,3.4162963608056858
-9.079111962509177,1.119731072480329,0.04698756082291525,0.00604891164570279,0.008433127048466677,jamaica before,3.44723926991436
-9.052761734260486,1.1073453575205952,0.04551839923282863,0.005866568403556699,0.00828265212325751,before and,3.476352228271435
-9.01168399295467,1.0880327117142823,0.04326791573088401,0.005587315214553093,0.008052786974639212,after hurrican+e,3.5217387793634893
-9.01168399295467,1.0880327117142823,0.04326791573088401,0.005587315214553093,0.008052786974639212,melissa hurrican+e,3.5217387793634893
-7.208241671417286,0.23723253237347475,-0.02442201816950986,-0.0027782899351786166,0.001483604684250366,along,5.5156584161929665
-8.70907044978232,0.945616900603258,0.028038265839295362,0.003699505108891221,0.006517160800825667,land+fall along,3.8561582278982494
-9.107119493747888,1.1328932854638898,0.048571626723694555,0.00624555256767443,0.008595738677534511,along jamaica,3.4162963608056858
-8.54902083455344,0.8702107074487773,0.020822637280872164,0.00280626307162659,0.005801544376907095,jamaica southwestern,4.033067150925621
-8.371601890437951,0.7865677276745899,0.01339897637384535,0.0018880427477311439,0.005073175997210811,southwestern coast,4.229198993709713
-8.267312251839886,0.7373786598647243,0.009288696523158654,0.0013799820678727318,0.004673302468379586,coast tuesday,4.34449844737353
-7.928828663498409,0.577636927704793,-0.0029283788904383157,-0.00012876347327563445,0.0034989193181899185,tuesday extremely,4.718757645723907
-7.53064715574482,0.3895812328700097,-0.015458353418504829,-0.0016740671633689403,0.0023162484052994085,extremely powerful,5.1590881566106
-5.275160670471567,-0.6770149832266847,-0.06364217384718769,-0.00759837240323362,-0.0020283769273603276,Communities,7.653952898622251
-5.430017923095717,-0.6037460740092575,-0.061167894855037375,-0.007294796768439485,-0.001813182932823034,communities across,7.482642298712433
-6.647401440015668,-0.02790666210083481,-0.03801187913172274,-0.004450490903356309,0.0002424648690243416,caribbean are,6.135985679571215
-8.267312251839886,0.7373786598647243,0.009288696523158654,0.0013799820678727318,0.004673302468379586,reeling,4.34449844737353
-8.267312251839886,0.7373786598647243,0.009288696523158654,0.0013799820678727318,0.004673302468379586,are reeling,4.34449844737353
-7.792692876914949,0.513356522565116,-0.007414859754855452,-0.0006823134309226269,0.0030729301256002487,reeling the,4.869297244975625
-8.500113036163704,0.8471586422191781,0.01871892383209861,0.00254597903692127,0.00559433224805609,the wake,4.087131067224956
-8.593880825393816,0.8913511356152333,0.02279270332156813,0.0030500686557798553,0.005996174348257813,wake hurricane,3.983479468109561
-2.033259884770432,-2.211264943782343,-0.10077487567471177,-0.012147810366648762,-0.005149738657712543,ripped,11.240493037370975
-8.809391287819267,0.9928550732078512,0.03284109765842695,0.004294478002285922,0.006997716657085328,which ripped,3.74528199188313
-3.6971153696298114,-1.4237756471222216,-0.08461744907060696,-0.010169536958843142,-0.00381709804738649,ripped through,9.399725699453517
-8.90316123868857,1.0369869569751067,0.03754433499932469,0.004877440448698651,0.007471616900796568,through jamaica,3.6416555868890996
-8.951040481808768,1.0595119818428251,0.04003096915424399,0.005185788722583955,0.007723504492480986,jamaica cuba,3.5887475607664485
-8.975446691565807,1.070991544188785,0.04132170585246299,0.005345879208749276,0.007854617278653874,cuba and,3.561779050214418
-8.993973370324287,1.0797044954024815,0.042312224194485035,0.005468750352684338,0.0079554038769491,and hispaniola,3.5413078491922203
-7.792692876914949,0.513356522565116,-0.007414859754855452,-0.0006823134309226269,0.0030729301256002487,hispaniola the,4.869297244975625
-9.086314356016064,1.1231161061465211,0.04739268133443336,0.006099198416572693,0.008474678146360402,comprising,3.439281905843917
-9.086314356016064,1.1231161061465211,0.04739268133443336,0.006099198416572693,0.008474678146360402,island comprising,3.439281905843917
-9.123598382714555,1.140636341011805,0.04951471239075146,0.0063626422533544155,0.00869273254688157,comprising haiti,3.3980909258727623
-9.218923829044869,1.1854084505514966,0.055137926777226245,0.00706107839633183,0.009273897571168642,republic this,3.2927864445058836
-9.255876867654052,1.2027550595220693,0.057398271838081355,0.0073419627385263725,0.009508881808277506,+3077,3.2519691790736425
-9.268707404877668,1.2087767082625664,0.05819408805279723,0.007440874446117029,0.009591803269303761,+3077 chars,3.237797514053559
-5.509856220918493,-0.5659727823894993,-0.05985670916133511,-0.007133898327469581,-0.0016987936687498867,next,7.394321916725391
-5.2883045996392735,-0.670795965852145,-0.06343560073048747,-0.007573029819939,-0.0020104440857530775,the next,7.639412388896982
-7.86382374827365,0.5469450947319627,-0.005098710215350313,-0.0003965763818133171,0.003292495024643065,Carrington-level,4.790639438079116
-7.86382374827365,0.5469450947319627,-0.005098710215350313,-0.0003965763818133171,0.003292495024643065,next carrington-level,4.790639438079116
-6.887567039519165,0.08564821796698885,-0.03247084158169641,-0.0037689521766836034,0.0007454307455921419,carrington-level solar,5.870338987814699
-6.022046552864507,-0.3236685770711727,-0.05081179415493388,-0.006023476115188059,-0.0009031009631628312,superstorm,6.827727816647268
-6.022046552864507,-0.3236685770711727,-0.05081179415493388,-0.006023476115188059,-0.0009031009631628312,solar superstorm,6.827727816647268
-6.21661624512824,-0.23163601321239113,-0.04705703875758524,-0.005562248629623658,-0.0005694221387969002,superstorm could,6.612497703330628
-5.633346509579251,-0.5075486030928871,-0.05777881624205834,-0.006878878538319866,-0.0015170178298396769,wipe,7.257712810508412
-6.983866526815129,0.1311742241937952,-0.030136246132165687,-0.0034816889272804566,0.000958617645081406,could wipe,5.763825201775101
-6.03514056269173,-0.31747477539435787,-0.0505650158756218,-0.005993167180423283,-0.0008812306516083118,wipe out,6.813243293582349
-7.580519615384795,0.4131420254224798,-0.013983591111915508,-0.0014922940291361344,0.002454309733223546,'all,5.1039334556582885
-7.580519615384795,0.4131420254224798,-0.013983591111915508,-0.0014922940291361344,0.002454309733223546,out 'all,5.1039334556582885
-7.792692876914949,0.513356522565116,-0.007414859754855452,-0.0006823134309226269,0.0030729301256002487,'all our,4.869297244975625
-4.030356611212101,-1.2660657319412931,-0.08073814941298932,-0.00969430097819846,-0.0034911568702065735,satellites,9.031057838246952
-7.928828663498409,0.577636927704793,-0.0029283788904383157,-0.00012876347327563445,0.0034989193181899185,our satellite+s,4.718757645723907
3.413019901008086,-4.788061958156575,-0.09726988434810414,-0.03805186977143962,-0.01944187988375747,new,17.265573033210725
-8.248090955308372,0.7283111444103216,0.008550221010689682,0.0012887259963630503,0.004601714604015509,satellite+s new,4.365749663832237
-4.709805744974697,-0.9445292155583309,-0.07197291324655564,-0.008620042461797572,-0.002746482498719921,simulations,8.279387191992381
-6.27033066579911,-0.20623033947477643,-0.04598620546856604,-0.005430680042942689,-0.0004738985845979798,new simulation+s,6.55308033676649
-7.591574466431272,0.4183643332903211,-0.0136532597962893,-0.001451574872161768,0.002485275519946765,reveal,5.091707837281472
-8.338775856716651,0.7710867210469128,0.012085984078287468,0.001725721665791529,0.004945177337728205,simulation+s reveal,4.2654897098658715
-8.207818865380005,0.7093115013457318,0.0070215258296640465,0.0010998436256783786,0.004453769496389657,reveal new,4.410275506016466
-8.118960986054253,0.667382847332751,0.003734471601218037,0.0006938111355531962,0.00413677679996567,new esa,4.508522237633047
-8.321671085888585,0.763019364850845,0.01140891427113877,0.0016420270842273932,0.004879268800736462,esa simulation+s,4.284400111812989
-7.580519615384795,0.4131420254224798,-0.013983591111915508,-0.0014922940291361344,0.002454309733223546,suggest,5.1039334556582885
-7.580519615384795,0.4131420254224798,-0.013983591111915508,-0.0014922940291361344,0.002454309733223546,simulation+s suggest,5.1039334556582885
-7.071893619035383,0.1727859371464664,-0.027941683548418333,-0.0032115949693514046,0.0011597053269602631,suggest that,5.6664628553489305
-3.3934663583773244,-1.5674848164642121,-0.08794174450459712,-0.010576690283383424,-0.004094599372833206,that solar,9.735657565655783
-3.6021015742481897,-1.4687428251510752,-0.08567833744123743,-0.010299481375036758,-0.003905840008750759,par,9.504840812934436
-3.6021015742481897,-1.4687428251510752,-0.08567833744123743,-0.010299481375036758,-0.003905840008750759,storm par,9.504840812934436
-4.346548765134324,-1.1164299080631337,-0.0768116862219595,-0.009213161190987898,-0.003158969911050459,par with,8.681254346288732
-7.627603654721491,0.43538390113362935,-0.012567862660660359,-0.0013177705208420164,0.0025871293865743304,1859,5.051863244380658
-7.627603654721491,0.43538390113362935,-0.012567862660660359,-0.0013177705208420164,0.0025871293865743304,the 1859,5.051863244380658
-5.880989359488973,-0.39039444294307124,-0.05341865266104602,-0.00634360519892074,-0.00113360875410903,Carrington,6.983765567296893
-7.86382374827365,0.5469450947319627,-0.005098710215350313,-0.0003965763818133171,0.003292495024643065,1859 carringto+n,4.790639438079116
-6.382433362750373,-0.15321072476817665,-0.043701086270804254,-0.005149873389469232,-0.00026952099371032115,Event,6.429076624341133
-8.14231438319309,0.6784033435279828,0.004587179095811952,0.0007991273488210868,0.004218861946944848,carringto+n event,4.482700873026836
-4.701574713126617,-0.9484241960935837,-0.07208672326147134,-0.008633995330375574,-0.002756223574659116,event could,8.288493034214948
-6.315490361650059,-0.1848714090333461,-0.04507395701243008,-0.005318585703693406,-0.0003923956027775937,wreak,6.503126225540003
-6.315490361650059,-0.1848714090333461,-0.04507395701243008,-0.005318585703693406,-0.0003923956027775937,could wreak,6.503126225540003
-6.5498715612663165,-0.07402631414519156,-0.040155046673671785,-0.004713998377660813,4.9068499359697024e-05,wreak havoc,6.243865916286378
-8.57192088154152,0.8810028954408258,0.021823389068044666,0.0029301042092751504,0.005900341828097674,Earth-orbiting,4.007753513760533
-8.57192088154152,0.8810028954408258,0.021823389068044666,0.0029301042092751504,0.005900341828097674,havoc earth-orbiting,4.007753513760533
-7.928828663498409,0.577636927704793,-0.0029283788904383157,-0.00012876347327563445,0.0034989193181899185,earth-orbiting satellite+s,4.718757645723907
-8.816289194156663,0.9961022460452744,0.03317982737800172,0.00433645241400462,0.007031737434696516,satellite+s and,3.737658693210592
-8.880032162977376,1.0261035654942008,0.03636413296267227,0.004731124748207728,0.007352389878670231,question,3.667214905698004
-8.880032162977376,1.0261035654942008,0.03636413296267227,0.004731124748207728,0.007352389878670231,and question,3.667214905698004
-8.795277988706722,0.986210919076387,0.03215153183617929,0.0042090341803542285,0.006928511658626027,question when,3.7608796204660413
-8.742240169530103,0.9612380519674757,0.02960117240087605,0.003893080495525362,0.0066731671577248425,when not,3.819497394604099
-8.664200556269979,0.9244818865712732,0.025962028092991904,0.00344240528404699,0.006310469067795121,not this,3.9057523395496063
-8.560592577594416,0.8756642832584296,0.021327059483098987,0.002868682576655183,0.005851324399480783,happen,4.020275730747688
-8.560592577594416,0.8756642832584296,0.021327059483098987,0.002868682576655183,0.005851324399480783,this happen,4.020275730747688
-8.46038609530353,0.8284308589064298,0.017042894792876018,0.0023386556387175756,0.005429704198076386,happen experte+s,4.1310475776448605
-7.221490098398357,0.2397621541634707,0.031975527467506426,0.10076583322819326,-0.03842788603531053,experte+s say,5.502706969172104
-8.248090955308372,0.7283111444103216,0.008550221010689682,0.0012887259963630503,0.004601714604015509,Worrying,4.365749663832237
-8.043675002526344,0.6318510828620825,0.001037930987456026,0.00036083211800063547,0.003877873512603769,worrying new,4.591766287283786
-7.421325985953185,0.33792984607962184,-0.018605162127230353,-0.0020618357555455703,0.0020226678636915824,simulation+s show,5.27999071784519
-7.071893619035383,0.1727859371464664,-0.027941683548418333,-0.0032115949693514046,0.0011597053269602631,show that,5.6664628553489305
-7.627603654721491,0.43538390113362935,-0.012567862660660359,-0.0013177705208420164,0.0025871293865743304,infamous,5.051863244380658
-7.627603654721491,0.43538390113362935,-0.012567862660660359,-0.0013177705208420164,0.0025871293865743304,the infamous,5.051863244380658
-7.959303585747498,0.5920241621678883,-0.0018926522020663167,-9.353542903475787e-07,0.0035976624220494836,infamous carrington,4.685059407645326
-8.228270571769649,0.7189605066759761,0.007794745770927924,0.0011953770227270937,0.004528559151204295,carrington event,4.3876634642011485
-8.46038609530353,0.8284308589064298,0.017042894792876018,0.0023386556387175756,0.005429704198076386,could potentially,4.1310475776448605
-8.604528282979166,0.8963682398365937,0.023266130058176918,0.0031086658706797124,0.006043029971904116,potentially wipe,3.971710144835312
-8.691604165820143,0.9373902748523486,0.027224937632711194,0.0035987835235823315,0.006436117831369943,every,3.8754632622768623
-8.691604165820143,0.9373902748523486,0.027224937632711194,0.0035987835235823315,0.006436117831369943,out every,3.8754632622768623
-8.742240169530103,0.9612380519674757,0.02960117240087605,0.003893080495525362,0.0066731671577248425,single,3.819497394604099
-8.742240169530103,0.9612380519674757,0.02960117240087605,0.003893080495525362,0.0066731671577248425,every single,3.819497394604099
-8.795277988706722,0.986210919076387,0.03215153183617929,0.0042090341803542285,0.006928511658626027,single satellite,3.7608796204660413
-8.861845934071283,1.0175450578780016,0.03544553004226057,0.00461725505499622,0.007259733941948433,orbiting,3.6873124523120797
-8.861845934071283,1.0175450578780016,0.03544553004226057,0.00461725505499622,0.007259733941948433,satellite orbiting,3.6873124523120797
-8.914277441843245,1.0422171851831683,0.03811638115973226,0.004948367354098669,0.007529481287419246,orbiting our,3.6293715948363943
-8.93567610559492,1.0522844209622846,0.03922651918381602,0.0050860250668865355,0.0076419151221984345,planet,3.6057253600576233
-8.93567610559492,1.0522844209622846,0.03922651918381602,0.0050860250668865355,0.0076419151221984345,our plan+et,3.6057253600576233
-8.975446691565807,1.070991544188785,0.04132170585246299,0.005345879208749276,0.007854617278653874,plan+et leaving,3.561779050214418
-9.044886247427108,1.1036431155589272,0.04508321185690198,0.005812561874522702,0.008238142126516227,precarious,3.4850536250123993
-9.044886247427108,1.1036431155589272,0.04508321185690198,0.005812561874522702,0.008238142126516227,leaving precarious,3.4850536250123993
-9.086314356016064,1.1231161061465211,0.04739268133443336,0.006099198416572693,0.008474678146360402,precarious and,3.439281905843917
-9.100313918441756,1.129695229474348,0.04818455056118105,0.006197498659434588,0.008555968223441485,expe…,3.423815098512746
-9.100313918441756,1.129695229474348,0.04818455056118105,0.006197498659434588,0.008555968223441485,and expe…,3.423815098512746
-9.123598382714555,1.140636341011805,0.04951471239075146,0.0063626422533544155,0.00869273254688157,+5813,3.3980909258727623
-9.123598382714555,1.140636341011805,0.04951471239075146,0.0063626422533544155,0.00869273254688157,expe… +5813,3.3980909258727623
-9.142427938711235,1.149482765367583,0.05060255033133498,0.006497720537361926,0.00880478274669476,+5813 char+s,3.3772890513812612
-9.136260926642894,1.1465855426594884,0.050245052873645,0.006453327621528325,0.008767939570040392,haiti jamaica,3.384101971431883
-9.096863345516034,1.1280736865654877,0.04798882780885544,0.0061732013496279305,0.008535867229724667,and cuba,3.4276272867130646
-9.079111962509177,1.119731072480329,0.04698756082291525,0.00604891164570279,0.008433127048466677,pick,3.44723926991436
-9.079111962509177,1.119731072480329,0.04698756082291525,0.00604891164570279,0.008433127048466677,cuba pick,3.44723926991436
-9.04884414318606,1.1055037346413972,0.045301696088834525,0.00583967529933772,0.008260484618320355,pick the,3.4806806499713483
-9.032763617327518,1.0979439234052946,0.044416804944107616,0.005729866632773627,0.008170039131696291,pieces,3.498447736863777
-9.032763617327518,1.0979439234052946,0.044416804944107616,0.005729866632773627,0.008170039131696291,the pieces,3.498447736863777
-9.002926872776557,1.083914894175511,0.04279428457120785,0.005528553949012225,0.008004507662649242,pieces after,3.531414767243245
-8.975446691565807,1.070991544188785,0.04132170585246299,0.005345879208749276,0.007854617278653874,after melissa,3.561779050214418
-8.925111787389003,1.0473144778168448,0.038676973124290054,0.005017878776252607,0.007586234509913746,melissa destruction,3.6173992132153345
-8.855613913083436,1.0146120518045825,0.035132620448687035,0.004578469730392101,0.007228200630758264,destruction communities,3.6941995263241787
19.762033461075163,-12.526066964014426,-0.15983261616965944,-0.013399884881539207,-0.017675154277241416,northern,35.35318987669163
0.042503327804768176,-3.1937471721537136,-0.11554344530755006,-0.013955192315959066,-0.006330249954710654,the northern,13.53699266714806
-7.728207019526273,0.48290204814188,-0.009463723789382456,-0.0009350168098678268,0.0028793288815650037,northern caribbean,4.940608570376549
-8.417681469450553,0.8082964949976694,0.015272985340184952,0.0021197624099626375,0.005256294326667717,dealing,4.1782570831969315
-8.417681469450553,0.8082964949976694,0.015272985340184952,0.0021197624099626375,0.005256294326667717,are dealing,4.1782570831969315
-8.285964424807414,0.7461772232968824,0.010010871849807298,0.0014692311844065713,0.004743385377482362,dealing with,4.323876671066961
-6.627650824830714,-0.03724602998376847,-0.03845067915344505,-0.004504446837556459,0.00020281632425783389,aftermath hurricane,6.157832213714159
-2.2039999798888683,-2.131050564600148,-0.1121817421668668,-0.01070022538905198,0.02600736303707657,has left,11.051827002254116
-7.227468340110483,0.24631950879148423,-0.023913428443457965,-0.002715664748564846,0.0015305498648160512,left many,5.494393571369673
-7.53064715574482,0.3895812328700097,-0.015458353418504829,-0.0016740671633689403,0.0023162484052994085,many without,5.1590881566106
-7.86382374827365,0.5469450947319627,-0.005098710215350313,-0.0003965763818133171,0.003292495024643065,without homes,4.790639438079116
-8.06969543604385,0.644132326018386,0.0019610104426007607,0.00047480629846994096,0.0039663855994012814,homes power,4.562995055625408
-4.564676281315536,-1.0132062791713876,-0.07395059690229198,-0.008862485239091665,-0.0029154857972690166,communication,8.439941705797391
-8.267312251839886,0.7373786598647243,0.009288696523158654,0.0013799820678727318,0.004673302468379586,power communication,4.34449844737353
-8.765701741502747,0.9722857263659106,0.030721436223639875,0.004031853758607502,0.006785210914718535,rumble,3.7935671460019136
-8.765701741502747,0.9722857263659106,0.030721436223639875,0.004031853758607502,0.006785210914718535,the rumble,3.7935671460019136
-4.392703437509998,-1.094659340682091,-0.04615188368507839,-0.04650679625875213,-0.01084562199122977,large,8.630265557731162
-8.83637914332448,1.0055588866745822,0.03417280883863366,0.004459509510222628,0.007131566857874316,rumble large,3.7154563527576876
-8.874053097310616,1.0232898882580428,0.03606122087704844,0.004693574498773039,0.007321822418521426,machinery,3.6738223113436232
-8.874053097310616,1.0232898882580428,0.03606122087704844,0.004693574498773039,0.007321822418521426,large machinery,3.6738223113436232
-8.93567610559492,1.0522844209622846,0.03922651918381602,0.0050860250668865355,0.0076419151221984345,whine,3.6057253600576233
-8.93567610559492,1.0522844209622846,0.03922651918381602,0.0050860250668865355,0.0076419151221984345,machinery whine,3.6057253600576233
-8.980158319033016,1.073207480652963,0.04157272548763391,0.005377016136695684,0.007880144896241824,chain,3.556572857561738
-8.980158319033016,1.073207480652963,0.04157272548763391,0.005377016136695684,0.007880144896241824,whine chai+n,3.556572857561738
-9.007329525470354,1.0859851607439233,0.043032137161240186,0.0055580628195008135,0.008028748793163442,saws,3.5265501398509116
-9.007329525470354,1.0859851607439233,0.043032137161240186,0.0055580628195008135,0.008028748793163442,chai+n saws,3.5265501398509116
-9.028637299042119,1.096003919753724,0.0441909257140717,0.005701838517383553,0.008146970817022805,saws and,3.5030068904525873
-9.044886247427108,1.1036431155589272,0.04508321185690198,0.005812561874522702,0.008238142126516227,chopping,3.4850536250123993
-9.044886247427108,1.1036431155589272,0.04508321185690198,0.005812561874522702,0.008238142126516227,and chopping,3.4850536250123993
-9.089864089448453,1.1247843726770912,0.04759291365299104,0.006124053754483497,0.008495224157627622,machetes,3.435360109756598
-9.089864089448453,1.1247843726770912,0.04759291365299104,0.006124053754483497,0.008495224157627622,chopping machete+s,3.435360109756598
-9.120361901256505,1.139115665750513,0.049328834043704944,0.006339563287010009,0.00867360469655942,echoed,3.4016664710002997
-9.120361901256505,1.139115665750513,0.049328834043704944,0.006339563287010009,0.00867360469655942,machete+s echoed,3.4016664710002997
-9.142427938711235,1.149482765367583,0.05060255033133498,0.006497720537361926,0.00880478274669476,echoed through,3.3772890513812612
-9.166072190532063,1.16058941988703,0.051984265562073806,0.006669315874979901,0.008947364622537994,through communities,3.351168957776741
-0.7703440838205431,-2.8090167842327673,-0.11032314708136481,-0.01331634305613522,-0.005917334944562281,Thursday,12.637705830269342
-9.274932107448997,1.2116978482181147,0.05858225441430921,0.007489123044007074,0.009632284712271497,caribbean thursday,3.2309222766899466
-0.6651707981099086,-2.8587966228918917,-0.11103551073059975,-0.01340351863990455,-0.005973971593150597,they,12.7540633580974
-9.29865451160548,1.2228288305219845,0.060074176025495404,0.007674588708304031,0.00978809430778408,thursday they,3.2047213488426363
-9.30802161613979,1.2272233748586483,0.060668854078916326,0.007748524681455498,0.00985029674693133,dug,3.194375864311321
-9.30802161613979,1.2272233748586483,0.060668854078916326,0.007748524681455498,0.00985029674693133,they dug,3.194375864311321
-9.315311808152705,1.2306432753140737,0.061133889315570164,0.007806346056525379,0.009898977307185676,dug out,3.186324341455064
-7.652162594303947,0.44698457613245157,-0.011820182534053175,-0.001225589902462152,0.002657387310194142,out from,5.024703820388689
-9.337844288082884,1.2412119751292885,0.06258361010156148,0.007986622426618744,0.010050953801226458,destru…,3.161439413574598
-9.337844288082884,1.2412119751292885,0.06258361010156148,0.007986622426618744,0.010050953801226458,the destru…,3.161439413574598
-9.352488078535586,1.2480792955251765,0.0635359637662568,0.008105067744459777,0.010150970242262008,+6111,3.1452673268368643
-9.352488078535586,1.2480792955251765,0.0635359637662568,0.008105067744459777,0.010150970242262008,destru… +6111,3.1452673268368643
-9.361853234583068,1.2524706335832196,0.06414929334500859,0.008181355726218366,0.010215457886043906,+6111 char+s,3.134925011107582
-9.093380242276927,1.1264368159677454,0.04779162225772543,0.0061487205484079335,0.008515619856897166,Devastating,3.431475432417104
-9.093380242276927,1.1264368159677454,0.04779162225772543,0.0061487205484079335,0.008515619856897166,watch devastating,3.431475432417104
-9.04884414318606,1.1055037346413972,0.045301696088834525,0.00583967529933772,0.008260484618320355,devastating aftermath,3.4806806499713483
-8.885930729182084,1.0288792700263782,0.03666384032532702,0.004768279058912878,0.007382647400883544,melissa jamaica,3.660696499657337
-8.83637914332448,1.0055588866745822,0.03417280883863366,0.004459509510222628,0.007131566857874316,Entire,3.7154563527576876
-8.83637914332448,1.0055588866745822,0.03417280883863366,0.004459509510222628,0.007131566857874316,jamaica entire,3.7154563527576876
-8.78805706046357,0.9828113229549289,0.03180051880557995,0.0041655429684341,0.0068933109125155715,entire communities,3.7688600720033465
-8.691604165820143,0.9373902748523486,0.027224937632711194,0.0035987835235823315,0.006436117831369943,communities have,3.8754632622768623
-8.593880825393816,0.8913511356152333,0.02279270332156813,0.0030500686557798553,0.005996174348257813,been devastated,3.983479468109561
-8.417681469450553,0.8082964949976694,0.015272985340184952,0.0021197624099626375,0.005256294326667717,isolated,4.1782570831969315
-8.417681469450553,0.8082964949976694,0.015272985340184952,0.0021197624099626375,0.005256294326667717,devastated isolated,4.1782570831969315
-9.04884414318606,1.1055037346413972,0.045301696088834525,0.00583967529933772,0.008260484618320355,isolated after,3.4806806499713483
-7.897035202069215,0.5626262554438695,-0.003996412510400185,-0.000260563771099339,0.0033972540139853326,direct,4.753914316768245
-7.897035202069215,0.5626262554438695,-0.003996412510400185,-0.000260563771099339,0.0033972540139853326,taking direct,4.753914316768245
-7.627603654721491,0.43538390113362935,-0.012567862660660359,-0.0013177705208420164,0.0025871293865743304,direct hit,5.051863244380658
-7.421325985953185,0.33792984607962184,-0.018605162127230353,-0.0020618357555455703,0.0020226678636915824,form,5.27999071784519
-7.421325985953185,0.33792984607962184,-0.018605162127230353,-0.0020618357555455703,0.0020226678636915824,hit form,5.27999071784519
-7.071893619035383,0.1727859371464664,-0.027941683548418333,-0.0032115949693514046,0.0011597053269602631,form the,5.6664628553489305
-7.227468340110483,0.24631950879148423,-0.023913428443457965,-0.002715664748564846,0.0015305498648160512,FBI,5.494393571369673
-7.477694758167973,0.3645635756958825,-0.01699703739831899,-0.0018636889673117009,0.0021725254360989016,thwarts,5.217649846099678
-7.477694758167973,0.3645635756958825,-0.01699703739831899,-0.0018636889673117009,0.0021725254360989016,fbi thwarts,5.217649846099678
-7.829083933714435,0.5305412296113183,-0.006237411153170121,-0.0005370637398305145,0.0031844552724164775,'potential,4.829055102262284
-7.829083933714435,0.5305412296113183,-0.006237411153170121,-0.0005370637398305145,0.0031844552724164775,thwarts 'potential,4.829055102262284
-8.14231438319309,0.6784033435279828,0.004587179095811952,0.0007991273488210868,0.004218861946944848,terrorist,4.482700873026836
-8.14231438319309,0.6784033435279828,0.004587179095811952,0.0007991273488210868,0.004218861946944848,'potential terrorist,4.482700873026836
-8.33012567913516,0.7670222997326892,0.008981826073059071,0.0019936088330194945,0.012001288099876967,attack,4.275040861779366
-8.33012567913516,0.7670222997326892,0.008981826073059071,0.0019936088330194945,0.012001288099876967,terrorist attack,4.275040861779366
-8.441510792237015,0.8188861317338774,-0.002967979221111569,0.004369725496756793,0.054349064750305244,Michigan,4.1521510743589385
-8.441510792237015,0.8188861317338774,-0.002967979221111569,0.004369725496756793,0.054349064750305244,attack michigan,4.1521510743589385
-8.504153052877196,0.8456827181708007,-0.021465205017990305,0.006934760466996669,0.10732641435018705,michigan /li,4.084028739935197
-8.507132426706034,0.8396759148822861,-0.05128011013458433,0.009920296514501435,0.17973656331325658,arrested,4.083843514036559
-8.507132426706034,0.8396759148822861,-0.05128011013458433,0.009920296514501435,0.17973656331325658,/li arrested,4.083843514036559
-8.168275842160092,0.6283852186731822,-0.16429983912902904,0.016390355430869613,0.3994302600334543,arrested deaths,4.480277436612418
-7.407491975789128,0.3244187586591827,-0.07483684331270424,0.0035697200374514397,0.13862398633512937,Robert,5.298159702236885
-8.401289479250009,0.7889465786435967,-0.0582149610981473,0.00957424294825235,0.1848332467807822,deaths robert,4.201200025142451
-8.393553764399226,0.7938116609519863,-0.02436132936566733,0.006166769202720867,0.10241633929532043,Niro,4.206181220593672
-8.393553764399226,0.7938116609519863,-0.02436132936566733,0.006166769202720867,0.10241633929532043,robert niro,4.206181220593672
-8.34630006015771,0.7736484114292215,-0.010487008135619001,0.00427238707707327,0.06301326046206293,grandson,4.2575469949162015
-8.34630006015771,0.7736484114292215,-0.010487008135619001,0.00427238707707327,0.06301326046206293,niro grandson,4.2575469949162015
-8.327916147602227,0.7653222524321801,-0.007307798524765055,0.003761481763399287,0.053116411699194344,grandson and,4.2777321746602865
-8.186701100407248,0.6993477003992188,0.006229766768711134,0.001002028218151237,0.004377274700060559,Chris,4.433624212255541
-8.186701100407248,0.6993477003992188,0.006229766768711134,0.001002028218151237,0.004377274700060559,and chris,4.433624212255541
-8.043675002526344,0.6318510828620825,0.001037930987456026,0.00036083211800063547,0.003877873512603769,Stein,4.591766287283786
-8.043675002526344,0.6318510828620825,0.001037930987456026,0.00036083211800063547,0.003877873512603769,chris stein,4.591766287283786
-7.792692876914949,0.513356522565116,-0.007414859754855452,-0.0006823134309226269,0.0030729301256002487,daughter,4.869297244975625
-7.792692876914949,0.513356522565116,-0.007414859754855452,-0.0006823134309226269,0.0030729301256002487,stein daught+er,4.869297244975625
-8.504153052877196,0.8456827181708007,-0.021465205017990305,0.006934760466996669,0.10732641435018705,daught+er /li,4.084028739935197
-6.385120571403944,-0.15193983476369732,-0.04364545485031125,-0.005143036374649919,-0.0002645363470241517,/li deadly,6.426104156099273
-4.185821585348812,-1.1924922340155728,-0.0788389811189619,-0.009461597618930855,-0.003330768221219657,deadly storm,8.85906650496498
-6.887567039519165,0.08564821796698885,-0.03247084158169641,-0.0037689521766836034,0.0007454307455921419,Northeast,5.870338987814699
-6.887567039519165,0.08564821796698885,-0.03247084158169641,-0.0037689521766836034,0.0007454307455921419,hit+s northeast,5.870338987814699
-8.504153052877196,0.8456827181708007,-0.021465205017990305,0.006934760466996669,0.10732641435018705,northeast /li,4.084028739935197
-7.959303585747498,0.5920241621678883,-0.0018926522020663167,-9.353542903475787e-07,0.0035976624220494836,Whe…,4.685059407645326
-7.959303585747498,0.5920241621678883,-0.0018926522020663167,-9.353542903475787e-07,0.0035976624220494836,/li whe…,4.685059407645326
-8.118960986054253,0.667382847332751,0.003734471601218037,0.0006938111355531962,0.00413677679996567,+4485,4.508522237633047
-8.118960986054253,0.667382847332751,0.003734471601218037,0.0006938111355531962,0.00413677679996567,whe… +4485,4.508522237633047
-8.248090955308372,0.7283111444103216,0.008550221010689682,0.0012887259963630503,0.004601714604015509,+4485 chars,4.365749663832237
-8.525110726681396,0.8589415044672255,0.019788518594401464,0.002678307844301186,0.005699605412606045,Meet,4.059497754754785
-8.46038609530353,0.8284308589064298,0.017042894792876018,0.0023386556387175756,0.005429704198076386,meet the,4.1310475776448605
-8.402718318658332,0.8012409950401549,0.01466043339885377,0.002044015440426837,0.00519638348426223,'silver,4.194798990688499
-8.402718318658332,0.8012409950401549,0.01466043339885377,0.002044015440426837,0.00519638348426223,the 'silver,4.194798990688499
-8.267312251839886,0.7373786598647243,0.009288696523158654,0.0013799820678727318,0.004673302468379586,influencers,4.34449844737353
-8.267312251839886,0.7373786598647243,0.009288696523158654,0.0013799820678727318,0.004673302468379586,'silver influencers,4.34449844737353
-7.959303585747498,0.5920241621678883,-0.0018926522020663167,-9.353542903475787e-07,0.0035976624220494836,influencers taking,4.685059407645326
-7.714391215210024,0.4763768730200315,-0.009896571595698948,-0.00098839641601266,0.002838503280814409,TikTok,4.955886901105037
-7.714391215210024,0.4763768730200315,-0.009896571595698948,-0.00098839641601266,0.002838503280814409,taking tiktok,4.955886901105037
-7.361150124567889,0.30949514626783303,-0.02028899180398043,-0.0022692750398402815,0.0018661403434058485,tiktok and,5.346543014426315
-7.071893619035383,0.1727859371464664,-0.027941683548418333,-0.0032115949693514046,0.0011597053269602631,Instagram,5.6664628553489305
-7.071893619035383,0.1727859371464664,-0.027941683548418333,-0.0032115949693514046,0.0011597053269602631,and instagram,5.6664628553489305
-4.185821585348812,-1.1924922340155728,-0.0788389811189619,-0.009461597618930855,-0.003330768221219657,instagram storm,8.85906650496498
-6.21661624512824,-0.23163601321239113,-0.04705703875758524,-0.005562248629623658,-0.0005694221387969002,Older,6.612497703330628
-6.21661624512824,-0.23163601321239113,-0.04705703875758524,-0.005562248629623658,-0.0005694221387969002,storm older,6.612497703330628
-6.983866526815129,0.1311742241937952,-0.030136246132165687,-0.0034816889272804566,0.000958617645081406,women,5.763825201775101
-6.983866526815129,0.1311742241937952,-0.030136246132165687,-0.0034816889272804566,0.000958617645081406,older women,5.763825201775101
-7.421325985953185,0.33792984607962184,-0.018605162127230353,-0.0020618357555455703,0.0020226678636915824,women are,5.27999071784519
-7.627603654721491,0.43538390113362935,-0.012567862660660359,-0.0013177705208420164,0.0025871293865743304,carving,5.051863244380658
-7.627603654721491,0.43538390113362935,-0.012567862660660359,-0.0013177705208420164,0.0025871293865743304,are carving,5.051863244380658
-7.928828663498409,0.577636927704793,-0.0029283788904383157,-0.00012876347327563445,0.0034989193181899185,carving out,4.718757645723907
-8.094771942514079,0.6559673446619048,0.002859455410995332,0.0005857499616867545,0.0040526511186454815,niche,4.535267859021197
-8.094771942514079,0.6559673446619048,0.002859455410995332,0.0005857499616867545,0.0040526511186454815,out nich+e,4.535267859021197
-8.228270571769649,0.7189605066759761,0.007794745770927924,0.0011953770227270937,0.004528559151204295,nich+e online,4.3876634642011485
-8.355412376556545,0.7789328267020486,0.012749164745761238,0.0018077055780859833,0.0050097974516464736,online for,4.247097170287823
-8.417681469450553,0.8082964949976694,0.015272985340184952,0.0021197624099626375,0.005256294326667717,for people,4.1782570831969315
-8.512752998369127,0.8531167242487119,0.01925829517318954,0.002612707293243692,0.005647398330552507,people who,4.073158355139917
-8.560592577594416,0.8756642832584296,0.021327059483098987,0.002868682576655183,0.005851324399480783,want,4.020275730747688
-8.560592577594416,0.8756642832584296,0.021327059483098987,0.002868682576655183,0.005851324399480783,who want,4.020275730747688
-8.61496398609183,0.9012853561910388,0.023732349381636833,0.0031663741463134713,0.0060892041602225305,authentic,3.960174981039146
-8.61496398609183,0.9012853561910388,0.023732349381636833,0.0031663741463134713,0.0060892041602225305,want authentic,3.960174981039146
-8.70907044978232,0.945616900603258,0.028038265839295362,0.003699505108891221,0.006517160800825667,content,3.8561582278982494
-8.70907044978232,0.945616900603258,0.028038265839295362,0.003699505108891221,0.006517160800825667,authentic content,3.8561582278982494
-7.477694758167973,0.3645635756958825,-0.01699703739831899,-0.0018636889673117009,0.0021725254360989016,Viv,5.217649846099678
-7.53064715574482,0.3895812328700097,-0.015458353418504829,-0.0016740671633689403,0.0023162484052994085,Truran,5.1590881566106
-7.53064715574482,0.3895812328700097,-0.015458353418504829,-0.0016740671633689403,0.0023162484052994085,viv trura+n,5.1590881566106
-8.855613913083436,1.0146120518045825,0.035132620448687035,0.004578469730392101,0.007228200630758264,trura+n says,3.6941995263241787
-8.885930729182084,1.0288792700263782,0.03666384032532702,0.004768279058912878,0.007382647400883544,says social,3.660696499657337
-8.984815956997416,1.0753979616344647,0.04182146042088895,0.005407870592988733,0.007905449524302773,welcoming,3.5514263498581062
-8.984815956997416,1.0753979616344647,0.04182146042088895,0.005407870592988733,0.007905449524302773,media welcoming,3.5514263498581062
-9.028637299042119,1.096003919753724,0.0441909257140717,0.005701838517383553,0.008146970817022805,welcoming space,3.5030068904525873
-9.056639706556178,1.1091683078906351,0.04573334720550168,0.005893244386493808,0.008304647121200133,space for,3.4720676015165073
-9.071768565462266,1.1162795933996734,0.04657608691488756,0.005997838774211547,0.008390949875506154,for more,3.4553524959667055
-9.089864089448453,1.1247843726770912,0.04759291365299104,0.006124053754483497,0.008495224157627622,mature,3.435360109756598
-9.089864089448453,1.1247843726770912,0.04759291365299104,0.006124053754483497,0.008495224157627622,more mature,3.435360109756598
-9.11380089998524,1.1360328389454142,0.048953005063016405,0.006292901331388521,0.008634946069397098,mature people,3.4089148721930567
-9.136260926642894,1.1465855426594884,0.050245052873645,0.006453327621528325,0.008767939570040392,people now,3.384101971431883
-9.151481937869104,1.1537360306194908,0.051129560095105386,0.006563166501620633,0.008859131344255507,Eighty-one-year-old,3.3672868820280777
-9.151481937869104,1.1537360306194908,0.051129560095105386,0.006563166501620633,0.008859131344255507,now eighty-one-year-old,3.3672868820280777
-8.780722751021734,0.9793582230579299,0.03144522961759946,0.004121523765077092,0.006857699879821886,eighty-one-year-old viv,3.7769658860956294
-9.240225203017975,1.195408477908656,0.05643520081003821,0.007222276028493754,0.009408664584164074,very,3.2692572604344923
-9.240225203017975,1.195408477908656,0.05643520081003821,0.007222276028493754,0.009408664584164074,trura+n very,3.2692572604344923
-9.25148230673042,1.2006924405645045,0.057127014979987956,0.0073082505511649545,0.009480640231688481,particular,3.256823156382299
-9.25148230673042,1.2006924405645045,0.057127014979987956,0.0073082505511649545,0.009480640231688481,very particular,3.256823156382299
-9.274932107448997,1.2116978482181147,0.05858225441430921,0.007489123044007074,0.009632284712271497,particular about,3.2309222766899466
-5.120425418750809,-0.7502291424458329,-0.06602784955725592,-0.00789101806583561,-0.0022350388761310735,she,7.825129977043406
-9.294825480023082,1.2210323433929415,0.05983200118105693,0.007644480820608595,0.009762779025353845,how she,3.2089503659941356
-9.30243608947595,1.2246029908418652,0.06031386938499912,0.007704388984201982,0.009813159221341496,takes,3.200544770304278
-9.30243608947595,1.2246029908418652,0.06031386938499912,0.007704388984201982,0.009813159221341496,she take+s,3.200544770304278
-9.313505758801673,1.2297960618532482,0.061018501698867814,0.007791998722058593,0.009886895205287002,take+s her,3.18831899077625
-9.320665500306845,1.2331545940680406,0.06147663836112492,0.007848964804013201,0.009934878461610473,photos,3.1804116182580753
-9.320665500306845,1.2331545940680406,0.06147663836112492,0.007848964804013201,0.009934878461610473,her photo+s,3.1804116182580753
-9.360313512609657,1.2517486836933662,0.06404822555736463,0.008168784173611934,0.010204827180467137,portrait,3.1366253749464224
-9.373879184988105,1.2581090118676093,0.06494182271966727,0.008279941867272182,0.010298875101768079,portrait for,3.1216445448129386
-9.37970495258751,1.260840178502546,0.06532776619946966,0.008327954589816495,0.010339533273349924,for social,3.1152111591359355
-9.39783681393136,1.2693394790197683,0.06653748036818967,0.008478462370807334,0.010467126302058198,+4913,3.0951886447885473
-9.39783681393136,1.2693394790197683,0.06653748036818967,0.008478462370807334,0.010467126302058198,social +4913,3.0951886447885473
-9.405817681844937,1.2730799898316305,0.06707407567702274,0.008545230743240121,0.010523797234556927,+4913 char+s,3.086375821560728
-1.2151639965116239,-2.5984779833439458,-0.10717791630840748,-0.012931443267732946,-0.005666206061450794,Climate,12.145583567632983
-9.221360109834034,1.1865522648107836,0.055285522676606455,0.007079417174694094,0.009289217397523857,Change,3.290095324141064
-7.494140269639564,0.3723335474425289,-0.016522111698703976,-0.0018051641213809762,0.002216851431911235,climat+e chang+e,5.199462157512641
-9.203918242561713,1.1783629374973181,0.0542332206313071,0.00694867602410594,0.009180066527870063,Made,3.3093618706304384
-7.5081483856236275,0.37895178921040396,-0.016115490532802867,-0.0017550540918979361,0.0022548273082104928,chang+e made,5.183970136890989
-9.19087904764152,1.172239992099991,0.053453118634053304,0.006851764757693909,0.009099260213943068,made hurricane,3.323765500162406
-9.133136960940751,1.1451178723120652,0.05006441023819552,0.006430896722055705,0.008749330243197743,Times,3.3875531515263635
-9.133136960940751,1.1451178723120652,0.05006441023819552,0.006430896722055705,0.008749330243197743,melissa times,3.3875531515263635
-9.11380089998524,1.1360328389454142,0.048953005063016405,0.006292901331388521,0.008634946069397098,times more,3.4089148721930567
-9.096863345516034,1.1280736865654877,0.04798882780885544,0.0061732013496279305,0.008535867229724667,Likely,3.4276272867130646
-9.096863345516034,1.1280736865654877,0.04798882780885544,0.0061732013496279305,0.008535867229724667,more likely,3.4276272867130646
-9.068042528115193,1.114528246730456,0.046367911160234115,0.005972000602101629,0.008369621111284031,Study,3.4594691742583006
-9.068042528115193,1.114528246730456,0.046367911160234115,0.005972000602101629,0.008369621111284031,likely study,3.4594691742583006
-9.044886247427108,1.1036431155589272,0.04508321185690198,0.005812561874522702,0.008238142126516227,Suggests,3.4850536250123993
-9.044886247427108,1.1036431155589272,0.04508321185690198,0.005812561874522702,0.008238142126516227,study suggests,3.4850536250123993
-9.007329525470354,1.0859851607439233,0.043032137161240186,0.0055580628195008135,0.008028748793163442,Unusually,3.5265501398509116
-9.007329525470354,1.0859851607439233,0.043032137161240186,0.0055580628195008135,0.008028748793163442,suggests unusually,3.5265501398509116
-7.90666088520498,0.5671709380911603,-0.003674391360654519,-0.0002208264811941127,0.0034278900946836423,warm,4.743270353535327
-7.90666088520498,0.5671709380911603,-0.003674391360654519,-0.0002208264811941127,0.0034278900946836423,unusually warm,4.743270353535327
-8.93567610559492,1.0522844209622846,0.03922651918381602,0.0050860250668865355,0.0076419151221984345,ocean,3.6057253600576233
-8.93567610559492,1.0522844209622846,0.03922651918381602,0.0050860250668865355,0.0076419151221984345,warm ocean,3.6057253600576233
-8.90316123868857,1.0369869569751067,0.03754433499932469,0.004877440448698651,0.007471616900796568,temperatures,3.6416555868890996
-8.90316123868857,1.0369869569751067,0.03754433499932469,0.004877440448698651,0.007471616900796568,ocean temperatur+es,3.6416555868890996
-8.82308479959367,0.9993011491889134,0.033514635031240886,0.004377942466608206,0.007065380997442675,fueled,3.7301485034834934
-8.82308479959367,0.9993011491889134,0.033514635031240886,0.004377942466608206,0.007065380997442675,temperatur+es fueled,3.7301485034834934
-8.773272027494844,0.9758501866407363,0.031085568432056856,0.004076964761885956,0.006821669623294531,fueled one,3.785200416822074
-8.625194942290312,0.906105796601643,0.024191560266480408,0.00322321797224155,0.006134715195925233,worst hurricanes,3.9488662263398218
-8.267312251839886,0.7373786598647243,0.009288696523158654,0.0013799820678727318,0.004673302468379586,research,4.34449844737353
-8.267312251839886,0.7373786598647243,0.009288696523158654,0.0013799820678727318,0.004673302468379586,new research,4.34449844737353
-8.06969543604385,0.644132326018386,0.0019610104426007607,0.00047480629846994096,0.0039663855994012814,finds,4.562995055625408
-8.06969543604385,0.644132326018386,0.0019610104426007607,0.00047480629846994096,0.0039663855994012814,research finds,4.562995055625408
-7.897035202069215,0.5626262554438695,-0.003996412510400185,-0.000260563771099339,0.0033972540139853326,finds climate,4.753914316768245
-5.885045828685303,-0.39187423232729524,0.007293797151836187,0.10622760631945018,-0.04427315752920875,increased,6.980845865698136
-5.885045828685303,-0.39187423232729524,0.007293797151836187,0.10622760631945018,-0.04427315752920875,chang+e increased,6.980845865698136
-5.793739386767405,-0.43166918346004524,-0.05498535565937663,-0.006535964451914325,-0.001271683827724958,increased the,7.08028256798607
-6.5329792021896695,-0.08201462831280049,-0.04052030629251879,-0.004758902478622165,1.617154585360943e-05,likelihood,6.2625511182941676
-6.5329792021896695,-0.08201462831280049,-0.04052030629251879,-0.004758902478622165,1.617154585360943e-05,storm likelihood,6.2625511182941676
-7.754513288962295,0.49532601792614317,-0.008633632877620485,-0.0008326415147645863,0.0029576951175699553,this story,4.911517740692276
-7.959303585747498,0.5920241621678883,-0.0018926522020663167,-9.353542903475787e-07,0.0035976624220494836,originally,4.685059407645326
-7.959303585747498,0.5920241621678883,-0.0018926522020663167,-9.353542903475787e-07,0.0035976624220494836,story originally,4.685059407645326
-8.228270571769649,0.7189605066759761,0.007794745770927924,0.0011953770227270937,0.004528559151204295,originally appeared,4.3876634642011485
-8.432270270058904,0.8151751439227377,0.015873984845007294,0.002194085960790449,0.005315127708532806,Inside,4.16212917431229
-8.432270270058904,0.8151751439227377,0.015873984845007294,0.002194085960790449,0.005315127708532806,appeared inside,4.16212917431229
-8.525110726681396,0.8589415044672255,0.019788518594401464,0.002678307844301186,0.005699605412606045,inside climate,4.059497754754785
-8.61496398609183,0.9012853561910388,0.023732349381636833,0.0031663741463134713,0.0060892041602225305,climate news,3.960174981039146
-8.664200556269979,0.9244818865712732,0.025962028092991904,0.00344240528404699,0.006310469067795121,news and,3.9057523395496063
-8.725937843076332,0.9535608324539615,0.02883000246245916,0.0037975620250276683,0.0065961455709105145,and part,3.8375154077705504
-6.241994954502958,-0.22365885497218008,0.041632038278923755,-0.11590504379172147,-0.023504603171544527,the climate,6.5862671029571525
-8.867991664202805,1.020437356147013,0.03575504139752403,0.004655620584160691,0.007290939126539844,Desk,3.680520782276677
-8.867991664202805,1.020437356147013,0.03575504139752403,0.004655620584160691,0.007290939126539844,climate desk,3.680520782276677
-8.897493542062538,1.0343201511735964,0.0372538829076529,0.004841429704078136,0.00744225540870703,collaboration,3.647918747776874
-8.897493542062538,1.0343201511735964,0.0372538829076529,0.004841429704078136,0.00744225540870703,desk collaboration,3.647918747776874
-8.980158319033016,1.073207480652963,0.04157272548763391,0.005377016136695684,0.007880144896241824,Fueled,3.556572857561738
-9.024466983076087,1.0940431769925767,0.04396312705515437,0.005673573005355129,0.008123714294974906,unusually,3.5076146807201494
-9.024466983076087,1.0940431769925767,0.04396312705515437,0.005673573005355129,0.008123714294974906,fueled unusually,3.5076146807201494
-9.082730498882169,1.1214317601233015,0.04719090422564544,0.0060741519320748165,0.008453979798317307,waters,3.44324142115305
-9.082730498882169,1.1214317601233015,0.04719090422564544,0.0060741519320748165,0.008453979798317307,warm water+s,3.44324142115305
-9.110475478923384,1.1344702622248348,0.04876301870851123,0.006269313930080549,0.008615411850018557,water+s hurricane,3.412588724691764
-9.166072190532063,1.16058941988703,0.051984265562073806,0.006669315874979901,0.008947364622537994,melissa this,3.351168957776741
-9.193527454002828,1.1734836832357065,0.05361111448514966,0.006871391668107019,0.009115618520989398,turned,3.3208399385671616
-9.193527454002828,1.1734836832357065,0.05361111448514966,0.006871391668107019,0.009115618520989398,week turned,3.3208399385671616
-9.211505555536096,1.181925487607315,0.05468973272880137,0.007005392368589505,0.00922739758776859,turned into,3.3009807470360704
-9.223778526939414,1.1876876691056877,0.055432233553892735,0.007097646320116042,0.009304448703431657,into one,3.2874239463015704
-9.27079605438685,1.209756891728867,0.0583241821283544,0.0074570447196347645,0.00960536802252447,Atl…,3.2354905747014877
-9.27079605438685,1.209756891728867,0.0583241821283544,0.0074570447196347645,0.00960536802252447,strongest atl…,3.2354905747014877
-9.283043418696007,1.2155040936893746,0.059090122651745805,0.007552253947994624,0.00968528519394332,+2836,3.221963372942582
-9.283043418696007,1.2155040936893746,0.059090122651745805,0.007552253947994624,0.00968528519394332,atl… +2836,3.221963372942582
-9.294825480023082,1.2210323433929415,0.05983200118105693,0.007644480820608595,0.009762779025353845,+2836 char+s,3.2089503659941356
-7.296710314753467,0.2790432714199538,-0.02205567658292673,-0.0024868827519326647,0.0017023335702868536,Outsmart,5.417812156168164
-6.385120571403944,-0.15193983476369732,-0.04364545485031125,-0.005143036374649919,-0.0002645363470241517,future,6.426104156099273
-6.385120571403944,-0.15193983476369732,-0.04364545485031125,-0.005143036374649919,-0.0002645363470241517,outsmart future,6.426104156099273
-4.185821585348812,-1.1924922340155728,-0.0788389811189619,-0.009461597618930855,-0.003330768221219657,future storms,8.85906650496498
-6.385120571403944,-0.15193983476369732,-0.04364545485031125,-0.005143036374649919,-0.0002645363470241517,storms with,6.426104156099273
-6.983866526815129,0.1311742241937952,-0.030136246132165687,-0.0034816889272804566,0.000958617645081406,with weather,5.763825201775101
-3.83008317894077,-1.3608466132452648,-0.08309978454294605,-0.009983628710528753,-0.003689851873626689,Hi-Def,9.25262185906634
-3.83008317894077,-1.3608466132452648,-0.08309978454294605,-0.009983628710528753,-0.003689851873626689,weather hi-def,9.25262185906634
-4.2754922679610985,-1.1500563954289351,-0.07771614963679208,-0.009324003748877657,-0.0032356914415829978,Radar,8.759863906289995
-4.2754922679610985,-1.1500563954289351,-0.07771614963679208,-0.009324003748877657,-0.0032356914415829978,hi-def radar,8.759863906289995
-4.522189849919717,-1.0333116976611936,-0.07451814714118633,-0.008932054176915956,-0.002963880657216606,radar storm,8.486943953123482
-4.772062438899699,-0.9150691097660566,-0.07110553656501951,-0.008513699914839282,-0.0026721814238406466,Plus,8.210513826286064
-4.772062438899699,-0.9150691097660566,-0.07110553656501951,-0.008513699914839282,-0.0026721814238406466,watch plus,8.210513826286064
-8.473941587459016,0.8348213838031071,0.017611541070879463,0.0024089922524462137,0.005485514071083058,plus the,4.116062402642489
-3.2499549356813198,-1.63540615647912,-0.08944806096361031,-0.010761155061996097,-0.0042197859072503445,the weather,9.894427206208784
-5.912709319232771,-0.3753892532248919,-0.05284053399010983,-0.006272617191159477,-0.0010825715849903331,app,6.948676722188281
-5.912709319232771,-0.3753892532248919,-0.05284053399010983,-0.006272617191159477,-0.0010825715849903331,plus ap+p,6.948676722188281
-5.663602061700785,-0.49323483667019863,-0.05726022014993589,-0.006815224089534402,-0.001471555534465866,delivers,7.224243275567048
-5.663602061700785,-0.49323483667019863,-0.05726022014993589,-0.006815224089534402,-0.001471555534465866,ap+p delivers,7.224243275567048
-4.8748154356673,-0.866446751500745,-0.06964812306421764,-0.00833500134868376,-0.002547091496363194,sharp,8.096840563738967
-4.8748154356673,-0.866446751500745,-0.06964812306421764,-0.00833500134868376,-0.002547091496363194,delivers sharp,8.096840563738967
-3.8165087047665036,-1.3672709031827517,-0.08325652162107448,-0.010002829247880445,-0.003703009300686165,real-time,9.267639439445894
-3.8165087047665036,-1.3672709031827517,-0.08325652162107448,-0.010002829247880445,-0.003703009300686165,sharp real-time,9.267639439445894
0.9302208159929481,-3.6139114918092954,-0.12056967274159064,-0.014570379396980939,-0.0067229898440958604,real-time storm,14.519111439905497
-2.784951206538379,-1.8554878805217214,-0.09406586066815889,-0.01132656253898018,-0.004601369680815686,tracking,10.408872603355594
-2.784951206538379,-1.8554878805217214,-0.09406586066815889,-0.01132656253898018,-0.004601369680815686,storm tracking,10.408872603355594
-4.630645346356361,-0.9819886894345089,-0.07305920087457815,-0.008753214128229918,-0.0028393818509451093,tracking and,8.366961030144653
-5.087739006032692,-0.7656953182590582,-0.06652116914728874,-0.007951525396174119,-0.0022776717292515365,alerts,7.861289747110516
-5.087739006032692,-0.7656953182590582,-0.06652116914728874,-0.007951525396174119,-0.0022776717292515365,and alerts,7.861289747110516
-5.663602061700785,-0.49323483667019863,-0.05726022014993589,-0.006815224089534402,-0.001471555534465866,alerts for,7.224243275567048
-5.912709319232771,-0.3753892532248919,-0.05284053399010983,-0.006272617191159477,-0.0010825715849903331,for just,6.948676722188281
-6.21661624512824,-0.23163601321239113,-0.04705703875758524,-0.005562248629623658,-0.0005694221387969002,39.99,6.612497703330628
-6.21661624512824,-0.23163601321239113,-0.04705703875758524,-0.005562248629623658,-0.0005694221387969002,just 39.99,6.612497703330628
-6.497714024689483,-0.0986916366758277,-0.04127731125725172,-0.004851961763962858,-5.194883058664418e-05,reg,6.301559237528411
-6.497714024689483,-0.0986916366758277,-0.04127731125725172,-0.004851961763962858,-5.194883058664418e-05,39.99 rege,6.301559237528411
-6.694694316732938,-0.00554406078754921,-0.03695106044671334,-0.0043200405227323945,0.0003384272665181449,199.99,6.083674367767382
-6.9487212459762695,0.11455958442064018,-0.030996128578290365,-0.003587502031103867,0.0008800084726205918,Making,5.802698067715907
-7.102955134869016,0.1874683363422096,-0.027153002632517548,-0.003114514131835086,0.0012321350180357132,sense,5.632107659834626
-7.102955134869016,0.1874683363422096,-0.027153002632517548,-0.003114514131835086,0.0012321350180357132,making sense,5.632107659834626
-7.271298269252053,0.2670338373904273,-0.022742284240978634,-0.0025714435181912344,0.0016387881933937823,sense the,5.445917663887289
1.8149156649174945,-4.032685668857854,-0.12650777934865742,-0.014961879758027399,-0.0034028175127573394,weather,15.497901553697474
-7.456947558942547,0.3547609470399822,-0.017592455862544785,-0.001937057963231941,0.002116997831221136,weather these,5.240595041124164
-7.537018507618108,0.392591287829128,-0.015271345929660424,-0.0016510189533602984,0.0023337385429334292,these days,5.152041939614339
-7.6332857233053115,0.43806792612117906,-0.012395444916990309,-0.001296513985785089,0.002603324206062855,days like,5.045579497712012
-7.688234188836972,0.464022551512981,-0.010710282180195999,-0.0010887380533202472,0.002761826039910629,rolling,4.9848130706755684
-7.688234188836972,0.464022551512981,-0.010710282180195999,-0.0010887380533202472,0.002761826039910629,like rolling,4.9848130706755684
-7.769034285868546,0.5021837761323784,-0.008172064371387927,-0.000775712226396841,0.003001311987630014,dice,4.895459783767075
-7.769034285868546,0.5021837761323784,-0.008172064371387927,-0.000775712226396841,0.003001311987630014,rolling dice,4.895459783767075
-8.970680012606138,1.0687496509019228,0.041068363385155876,0.005314455104787452,0.007828863050288836,drizzle,3.5670461021166773
-8.970680012606138,1.0687496509019228,0.041068363385155876,0.005314455104787452,0.007828863050288836,dice drizzle,3.5670461021166773
-9.007329525470354,1.0859851607439233,0.043032137161240186,0.0055580628195008135,0.008028748793163442,drizzle one,3.5265501398509116
-8.809391287819267,0.9928550732078512,0.03284109765842695,0.004294478002285922,0.006997716657085328,one day,3.74528199188313
-8.98942063884097,1.0775634749586653,0.042067947875181824,0.005438447170218439,0.007930534699588838,biblical,3.5463383844404417
-8.98942063884097,1.0775634749586653,0.042067947875181824,0.005438447170218439,0.007930534699588838,day biblical,3.5463383844404417
-6.383745962356733,-0.1525899429110611,-0.04367391751398361,-0.005146534396116165,-0.0002670866919804102,flood,6.427624686119833
-8.945981539551854,1.0571322760139357,0.03976540669039373,0.00515285399919866,0.007696559738992586,biblical flood,3.5943377133776657
-8.664200556269979,0.9244818865712732,0.025962028092991904,0.00344240528404699,0.006310469067795121,flood the,3.9057523395496063
-8.842882685087389,1.0086199898658852,0.03449633124979981,0.004499605759298218,0.0071641237864190545,next 're,3.708269079733725
-8.816289194156663,0.9961022460452744,0.03317982737800172,0.00433645241400462,0.007031737434696516,'re being,3.737658693210592
-8.773272027494844,0.9758501866407363,0.031085568432056856,0.004076964761885956,0.006821669623294531,melodr…,3.785200416822074
-8.773272027494844,0.9758501866407363,0.031085568432056856,0.004076964761885956,0.006821669623294531,being melodr…,3.785200416822074
-8.645069051628365,0.9154691442386595,0.025089713118608206,0.003334405378413065,0.006223817382753032,melodr… the,3.926898704242373
-8.984815956997416,1.0753979616344647,0.04182146042088895,0.005407870592988733,0.007905449524302773,+1801,3.5514263498581062
-8.984815956997416,1.0753979616344647,0.04182146042088895,0.005407870592988733,0.007905449524302773,dice +1801,3.5514263498581062
-9.01168399295467,1.0880327117142823,0.04326791573088401,0.005587315214553093,0.008052786974639212,+1801 char+s,3.5217387793634893
-2.1683249162251546,-2.1473378051309195,-0.09963213930231801,-0.012007943205646781,-0.005056849333672372,Anil,11.09106585116414
-2.8201072615918648,-1.8388486823819488,-0.09373007620691215,-0.011285453179520635,-0.004573735163385606,Ambani,10.369978466165685
-2.8201072615918648,-1.8388486823819488,-0.09373007620691215,-0.011285453179520635,-0.004573735163385606,anil ambani,10.369978466165685
-1.636588499408827,-2.399013005155469,-0.1039861711678273,-0.012540837053117674,-0.005409621458901491,Reliance,11.67934521819658
-2.2066114199435045,-2.12921659700606,-0.09930344544692007,-0.011967711164694101,-0.005030091412272488,ambani reliance,11.048708173422515
-4.185821585348812,-1.1924922340155728,-0.0788389811189619,-0.009461597618930855,-0.003330768221219657,reliance storm,8.85906650496498
-6.385120571403944,-0.15193983476369732,-0.04364545485031125,-0.005143036374649919,-0.0002645363470241517,storm more,6.426104156099273
-4.052184233974529,-1.2557357713190225,-0.0804750568594291,-0.009662066280397293,-0.003468970148364819,properties,9.006909837087768
-6.97682809790428,0.12784690740785765,-0.0303091854412708,-0.0035029707591499523,0.0009427995670555304,than properties,5.771610122377369
-6.657648305233365,-0.023239508898077688,-0.020427867546779083,-0.0259179470701665,-0.004184283083362203,worth,6.124751555900325
-7.959303585747498,0.5920241621678883,-0.0018926522020663167,-9.353542903475787e-07,0.0035976624220494836,properties worth,4.685059407645326
-6.260943277901035,-0.21067030474879767,-0.046174455170635106,-0.005453810408659995,-0.000490702948880789,"₹3,000",6.563464374563606
-8.118960986054253,0.667382847332751,0.003734471601218037,0.0006938111355531962,0.00413677679996567,"worth ₹3,000",4.508522237633047
-6.018776909671619,-0.32521520756256184,-0.0508732866270382,-0.006031028421674,-0.0009085493048902864,crore,6.83134468096654
-6.5329792021896695,-0.08201462831280049,-0.04052030629251879,-0.004758902478622165,1.617154585360943e-05,"₹3,000 crore",6.2625511182941676
-7.5560664799681625,0.40159006757717286,-0.014709832697046385,-0.0015818111106183095,0.0023862840899664534,attached,5.1309764468854535
-8.371601890437951,0.7865677276745899,0.01339897637384535,0.0018880427477311439,0.005073175997210811,crore attached,4.229198993709713
-7.897035202069215,0.5626262554438695,-0.003996412510400185,-0.000260563771099339,0.0033972540139853326,attached anil,4.753914316768245
-8.717576828893145,0.9496231737455976,0.028436767326681045,0.0037488585506096003,0.006556904366410592,Goup,3.8467564507706973
-8.717576828893145,0.9496231737455976,0.028436767326681045,0.0037488585506096003,0.006556904366410592,reliance goup,3.8467564507706973
-8.765701741502747,0.9722857263659106,0.030721436223639875,0.004031853758607502,0.006785210914718535,goup the,3.7935671460019136
-8.164504009908274,0.6888740583327166,0.005404713496878807,0.0009001087645764162,0.004297657924718399,Enforcement,4.458166534628291
-8.164504009908274,0.6888740583327166,0.005404713496878807,0.0009001087645764162,0.004297657924718399,the enforcement,4.458166534628291
-8.248809931739935,0.7286503254113801,0.008577739915534649,0.0012921264707139134,0.004604380894833945,Directorate,4.36495475388449
-8.874053097310616,1.0232898882580428,0.03606122087704844,0.004693574498773039,0.007321822418521426,enforcement directorate,3.6738223113436232
-8.94086051208764,1.0547232926763213,0.03949727182567041,0.00511960131293834,0.00766936471380732,directorate has,3.5999965029120062
-8.346720117404669,0.774833438567857,0.012402090840606825,0.0017647987405052749,0.004975970826456535,frozen,4.256706893214719
-8.346720117404669,0.774833438567857,0.012402090840606825,0.0017647987405052749,0.004975970826456535,has frozen,4.256706893214719
-8.993973370324287,1.0797044954024815,0.042312224194485035,0.005468750352684338,0.0079554038769491,frozen over,3.5413078491922203
-7.53064715574482,0.3895812328700097,-0.015458353418504829,-0.0016740671633689403,0.0023162484052994085,over properties,5.1590881566106
-8.47274017538031,0.8342550090451071,0.017561007654854674,0.0024027415218855434,0.005480552573291057,valued,4.117390520856322
-8.47274017538031,0.8342550090451071,0.017561007654854674,0.0024027415218855434,0.005480552573291057,properties valued,4.117390520856322
-6.385120571403944,-0.15193983476369732,-0.04364545485031125,-0.005143036374649919,-0.0002645363470241517,valued more,6.426104156099273
-8.118960986054253,0.667382847332751,0.003734471601218037,0.0006938111355531962,0.00413677679996567,"than ₹3,000",4.508522237633047
-9.17731911174714,1.1658718347499233,0.05264775170173748,0.006751724606933147,0.009015935274802822,connected,3.3387446648349477
-9.17731911174714,1.1658718347499233,0.05264775170173748,0.006751724606933147,0.009015935274802822,crore connected,3.3387446648349477
-7.897035202069215,0.5626262554438695,-0.003996412510400185,-0.000260563771099339,0.0033972540139853326,connected anil,4.753914316768245
-9.264488085213411,1.2067965657604804,0.057931749556410464,0.0074082674117179285,0.009564457563422866,Group,3.2424578298036137
-9.264488085213411,1.2067965657604804,0.057931749556410464,0.0074082674117179285,0.009564457563422866,reliance group,3.2424578298036137
-8.327653906752605,0.7658411715157714,0.011645189162327277,0.0016712329886499188,0.004902261244405619,These,4.277785705057035
-9.290947985634562,1.2192130539427424,0.059587298966868166,0.007614059644306748,0.009737208857230346,these attached,3.213232937184392
-9.30802161613979,1.2272233748586483,0.060668854078916326,0.007748524681455498,0.00985029674693133,assets,3.194375864311321
-9.30802161613979,1.2272233748586483,0.060668854078916326,0.007748524681455498,0.00985029674693133,attached asset+s,3.194375864311321
-9.320665500306845,1.2331545940680406,0.06147663836112492,0.007848964804013201,0.009934878461610473,asset+s include,3.1804116182580753
-9.334487690450194,1.239637732908781,0.06236645227902944,0.007959616234688742,0.010028167797382612,include anil,3.1651463836958587
-9.35720893589805,1.2502929654774146,0.06384471650177577,0.00814347070811196,0.010183426187632315,Pali,3.1400538726558618
-9.35720893589805,1.2502929654774146,0.06384471650177577,0.00814347070811196,0.010183426187632315,ambani pali,3.1400538726558618
-9.3649079227705,1.2539028924906837,0.06435007350218454,0.00820633070725208,0.010236581508394058,Hill,3.1315516367707112
-9.3649079227705,1.2539028924906837,0.06435007350218454,0.00820633070725208,0.010236581508394058,pali hill,3.1315516367707112
-9.37240364391661,1.257417240337361,0.06484428113947434,0.008267807720986982,0.010288603068439386,residence,3.1232739939545615
-9.37240364391661,1.257417240337361,0.06484428113947434,0.008267807720986982,0.010288603068439386,hill residence,3.1232739939545615
-9.38682016939906,1.2641756253729237,0.06580093226289281,0.00838682128516408,0.010389412262812245,residence and,3.107353936051607
-9.392383633089427,1.2667834737667676,0.06617229282852947,0.008433024789259938,0.010428584202915824,various,3.1012103664427273
-9.392383633089427,1.2667834737667676,0.06617229282852947,0.008433024789259938,0.010428584202915824,and various,3.1012103664427273
-9.40318333357856,1.2718453463701451,0.06689667337106638,0.008523156134934118,0.010505056358520354,various properties,3.089284768427978
-9.417363961057147,1.2784909855128543,0.0678549172761621,0.008642398667447681,0.010606345170146664,properties across,3.073626167421902
-9.42601187832844,1.2825432596377935,0.0684432889066358,0.008715621956199416,0.01066860986231783,majo…,3.0640771457535676
-9.42601187832844,1.2825432596377935,0.0684432889066358,0.008715621956199416,0.01066860986231783,across majo…,3.0640771457535676
-9.433205742662896,1.285913893045838,0.068935062127872,0.008776827677060997,0.010720694261579178,majo… reliance,3.056133818601638
-9.44702516193393,1.2923881203698266,0.06988575476565846,0.008895160954767221,0.010821492774159162,Probe,3.040875018274631
-9.44702516193393,1.2923881203698266,0.06988575476565846,0.008895160954767221,0.010821492774159162,reliance probe,3.040875018274631
-9.454757576920432,1.2960102180239796,0.07042117244366576,0.00896181098304327,0.010878324694791764,Trouble,3.032337419069546
-9.454757576920432,1.2960102180239796,0.07042117244366576,0.00896181098304327,0.010878324694791764,probe trouble,3.032337419069546
-9.46331666790361,1.300019179596286,0.071016768452575,0.009035957465331866,0.010941598098899809,seems,3.0228872278488486
-9.46331666790361,1.300019179596286,0.071016768452575,0.009035957465331866,0.010941598098899809,trouble seems,3.0228872278488486
-9.475633499218395,1.3057875124715739,0.07187931955981548,0.009143347456123952,0.011033332291693971,closing,3.009288383425673
-9.475633499218395,1.3057875124715739,0.07187931955981548,0.009143347456123952,0.011033332291693971,seems closing,3.009288383425673
-9.334487690450194,1.239637732908781,0.06236645227902944,0.007959616234688742,0.010028167797382612,closing anil,3.1651463836958587
-9.49396276160511,1.3143700783494188,0.07317502769675442,0.0093046888276692,0.011171358025264352,Ambanis,2.989051989016504
-9.49396276160511,1.3143700783494188,0.07317502769675442,0.0093046888276692,0.011171358025264352,anil ambani+s,2.989051989016504
-9.501285923972386,1.3177985719634173,0.07369680803614999,0.009369668352082956,0.011227017076075714,business,2.9809670984825436
-9.501285923972386,1.3177985719634173,0.07369680803614999,0.009369668352082956,0.011227017076075714,ambani+s business,2.9809670984825436
-9.509265893984054,1.321534212118318,0.07426808311577561,0.00944081662552154,0.011288006083435088,business group,2.9721572373370804
-9.528512820325734,1.3305426846715755,0.07565765500832623,0.009613899653521751,0.011436575810181655,enforcement directorat+e,2.950909372029476
-9.541777646180053,1.3367499629203112,0.076625110439192,0.009734422645446368,0.011540198204085125,directorat+e has,2.9362660851167424
-9.549966227533291,1.3405812763260434,0.07722637355318236,0.009809333913659889,0.011604674827132518,frozen more,2.9272267952009003
-9.573525067972737,1.3516017731327852,0.07897369393820054,0.010027065084186592,0.011792382551812166,valued over,2.9012214656327266
-5.199856759381475,-0.712918520900859,-0.03398032388479649,-0.04881626276700029,-0.0046920253992508675,"3,000",7.737415997497654
-9.576785273592368,1.353126574951775,0.07921756500628323,0.010057457410057905,0.011818620174852582,"over 3,000",2.8976228234336405
-9.580633547352743,1.3549263289703133,0.07950607866949484,0.010093414532193519,0.011849673330797804,"3,000 crore",2.893375105582197
-9.58441398037235,1.356694262152671,0.07979019801017186,0.010128825300896946,0.011880266790044194,linked,2.889202311422829
-9.58441398037235,1.356694262152671,0.07979019801017186,0.010128825300896946,0.011880266790044194,crore linked,2.889202311422829
-9.59056929014455,1.3595726160699526,0.08025427610441209,0.010186667735516972,0.011930266228049193,linked anil,2.882408246295303
-9.593581066392138,1.3609808963759034,0.08048201689398672,0.010215054486574617,0.011954815726642927,Ambani'…,2.879083968757755
-9.593581066392138,1.3609808963759034,0.08048201689398672,0.010215054486574617,0.011954815726642927,anil ambani'…,2.879083968757755
-9.599478019845346,1.3637380870901838,0.08092920459697801,0.010270796625697928,0.012003045355572783,+556,2.872575225210795
-9.599478019845346,1.3637380870901838,0.08092920459697801,0.010270796625697928,0.012003045355572783,ambani'… +556,2.872575225210795
-9.60236515926695,1.3650879193172936,0.08114876711983503,0.010298166366343403,0.012026737364379946,+556 char+s,2.8693885914820365
-7.455165401576948,0.353918901219731,-0.017643408612579653,-0.0019433362800897235,0.002112248361532825,Godzilla,5.242566009314318
-8.63522783684793,0.910832720596862,0.02464395370342605,0.003279220856767618,0.00617958064277333,the godzilla,3.937776486839166
-4.611849116998736,-0.9908833233608321,-0.07331445272080664,-0.008784504728859766,-0.0028611860953779776,Minus,8.387755024603024
-7.407182762921935,0.3312469920171255,-0.019003930526699422,-0.0021109652829326047,0.001985563093043971,godzilla minus,5.295632514237575
-5.864316466625342,-0.39828166441866575,-0.05372068483459888,-0.006380690694721978,-0.0011602539570648171,minus one,7.002209276326869
-8.387364309810454,0.7940008389883226,0.014035910757773606,0.0019667936269970147,0.005135357330599917,Sequel,4.211773155962554
-8.387364309810454,0.7940008389883226,0.014035910757773606,0.0019667936269970147,0.005135357330599917,one sequel,4.211773155962554
-8.267312251839886,0.7373786598647243,0.009288696523158654,0.0013799820678727318,0.004673302468379586,Goes,4.34449844737353
-8.267312251839886,0.7373786598647243,0.009288696523158654,0.0013799820678727318,0.004673302468379586,sequel go+es,4.34449844737353
-8.164879785188976,0.6890513719522318,0.005418620261939705,0.0009018266002088771,0.00429899911269266,Back,4.457751054588845
-8.164879785188976,0.6890513719522318,0.005418620261939705,0.0009018266002088771,0.00429899911269266,go+es back,4.457751054588845
-5.9684979515613374,-0.34899880487072377,-0.05181243696041052,-0.006146366592032503,-0.0009916939400773893,Zero,6.8869631654022045
-7.959303585747498,0.5920241621678883,-0.0018926522020663167,-9.353542903475787e-07,0.0035976624220494836,back zero,4.685059407645326
-7.792692876914949,0.513356522565116,-0.007414859754855452,-0.0006823134309226269,0.0030729301256002487,zero after,4.869297244975625
-5.763345859666735,-0.446047560919554,-0.05552318471707897,-0.006601992749553358,-0.001319003722877781,2023,7.1139044174740045
-6.887567039519165,0.08564821796698885,-0.03247084158169641,-0.0037689521766836034,0.0007454307455921419,with 2023,5.870338987814699
-4.9847476910314175,-0.8144282985700073,-0.06805213212815607,-0.008139287922087804,-0.0024097558645435366,'Godzilla,7.975225598501347
-7.421325985953185,0.33792984607962184,-0.018605162127230353,-0.0020618357555455703,0.0020226678636915824,2023 'godzilla,5.27999071784519
-7.0288375427250305,0.15243312207623694,-0.02902248707314299,-0.003344621409069214,0.0010605880091419367,'godzilla minus,5.714084820396642
-8.267312251839886,0.7373786598647243,0.009288696523158654,0.0013799820678727318,0.004673302468379586,King,4.34449844737353
-8.267312251839886,0.7373786598647243,0.009288696523158654,0.0013799820678727318,0.004673302468379586,the king,4.34449844737353
-7.071893619035383,0.1727859371464664,-0.027941683548418333,-0.0032115949693514046,0.0011597053269602631,king the,5.6664628553489305
-8.46038609530353,0.8284308589064298,0.017042894792876018,0.0023386556387175756,0.005429704198076386,Monsters,4.1310475776448605
-8.46038609530353,0.8284308589064298,0.017042894792876018,0.0023386556387175756,0.005429704198076386,the monster+s,4.1310475776448605
-8.57192088154152,0.8810028954408258,0.021823389068044666,0.0029301042092751504,0.005900341828097674,returns,4.007753513760533
-8.57192088154152,0.8810028954408258,0.021823389068044666,0.0029301042092751504,0.005900341828097674,monster+s returns,4.007753513760533
-8.654724682624323,0.9200179484181765,0.025529014765699215,0.0033887932340644755,0.006267441650877658,returns for,3.9162261364571944
-7.421325985953185,0.33792984607962184,-0.018605162127230353,-0.0020618357555455703,0.0020226678636915824,for 'godzilla,5.27999071784519
-7.959303585747498,0.5920241621678883,-0.0018926522020663167,-9.353542903475787e-07,0.0035976624220494836,minus zero,4.685059407645326
-8.90316123868857,1.0369869569751067,0.03754433499932469,0.004877440448698651,0.007471616900796568,2023 godzilla,3.6416555868890996
-8.99847513053162,1.0818214851409966,0.042554324870978905,0.005498784519739595,0.007980060431824322,one hit,3.536333661498305
-9.015991156300469,1.0900579629623517,0.043501652616997635,0.005616315124738463,0.008076625288021106,hit big,3.516979711557902
-9.032763617327518,1.0979439234052946,0.044416804944107616,0.005729866632773627,0.008170039131696291,big with,3.498447736863777
-9.052761734260486,1.1073453575205952,0.04551839923282863,0.005866568403556699,0.00828265212325751,audiences,3.476352228271435
-9.052761734260486,1.1073453575205952,0.04551839923282863,0.005866568403556699,0.00828265212325751,with audiences,3.476352228271435
-6.496121124151338,-0.09944493288085532,-0.041311329623259674,-0.004856143513326666,-5.5008163215660225e-05,particularly,6.303321207910509
-9.093380242276927,1.1264368159677454,0.04779162225772543,0.0061487205484079335,0.008515619856897166,audiences particularly,3.431475432417104
-9.145471763475108,1.1509126849036608,0.05077943651516892,0.006519686428063028,0.008823019626427387,particularly the,3.373926450837537
-9.157391241223047,1.156511864304092,0.05147491721359415,0.006606056478543695,0.008894769875402327,west,3.3607588039903313
-9.157391241223047,1.156511864304092,0.05147491721359415,0.006606056478543695,0.008894769875402327,the west,3.3607588039903313
-9.17454153276018,1.164567314594441,0.052483517000254484,0.006731325102998939,0.008998955470634343,west where,3.3418129923260538
-9.198762889640452,1.1759421643798176,0.05392412088326838,0.006910275768370278,0.009148037416870097,won,3.3150566504329904
-9.198762889640452,1.1759421643798176,0.05392412088326838,0.006910275768370278,0.009148037416870097,where won,3.3150566504329904
-9.216469461643355,1.1842561212219826,0.05498943630937324,0.007042628804834673,0.00925848829341469,Oscar,3.2954975538403626
-9.216469461643355,1.1842561212219826,0.05498943630937324,0.007042628804834673,0.00925848829341469,won oscar,3.2954975538403626
-9.23092876826939,1.191044446284586,0.05586714932795145,0.007151687490448045,0.00934962059843597,oscar for,3.2795258667020324
-7.701264373442556,0.470176953095387,-0.010305871940491998,-0.0010388698328160128,0.002799922707310814,for its,4.97040340030214
-9.249262184245,1.1996503799263434,0.05699023047214473,0.007291251207799037,0.00946640341567195,visual,3.2592753883747045
-9.249262184245,1.1996503799263434,0.05699023047214473,0.007291251207799037,0.00946640341567195,its visual,3.2592753883747045
-9.264488085213411,1.2067965657604804,0.057931749556410464,0.0074082674117179285,0.009564457563422866,visual effects,3.2424578298036137
-9.304309390570614,1.2254818432533259,0.06043279951865395,0.0077191755011761076,0.009825599169568836,knew,3.1984758058339384
-9.304309390570614,1.2254818432533259,0.06043279951865395,0.0077191755011761076,0.009825599169568836,already knew,3.1984758058339384
1.4146901328462675,-3.8430914711584627,-0.1144982837059704,0.02121750926229475,0.004820274398403794,another,15.055062458042602
-9.313505758801673,1.2297960618532482,0.061018501698867814,0.007791998722058593,0.009886895205287002,knew another,3.18831899077625
-9.327657306532537,1.2364341282729387,0.06192585430775634,0.007904824819897719,0.009981959357181058,film,3.1726898155563648
-9.327657306532537,1.2364341282729387,0.06192585430775634,0.007904824819897719,0.009981959357181058,another film,3.1726898155563648
-9.318891571319636,1.2323224907321253,0.06136295267396079,0.007834828482155684,0.009922968444569719,film the,3.1823707741147427
-4.742078681765206,-0.9292574966852771,-0.0715247305591413,-0.00856509502780952,-0.002708103967483682,way,8.24368425106136
-6.69709514497004,-0.004408841046799505,-0.03689682326402452,-0.004313370537512842,0.0003433377910772254,the way,6.081018787517303
-9.361853234583068,1.2524706335832196,0.06414929334500859,0.008181355726218366,0.010215457886043906,way and,3.134925011107582
-9.367930094902055,1.2553198617772399,0.06454907004087497,0.008231084445189487,0.010257523756304784,and now,3.1282141901831446
-9.378259837130834,1.2601627121055765,0.06523190730118152,0.008316029189374146,0.01032943258275,now know,3.1168069909845335
-9.385411630836,1.2635153551583735,0.06570710593545705,0.008375148052522192,0.010379518707512327,know what,3.108909354534466
-9.404503706243906,1.272464171523689,0.06698555518608952,0.008534215857621692,0.01051444525751858,ca…,3.08782676112107
-9.404503706243906,1.272464171523689,0.06698555518608952,0.008534215857621692,0.01051444525751858,what ca…,3.08782676112107
-9.411010642054881,1.2755136787985428,0.0674245955607476,0.008588848251857325,0.010560841032430244,+1158,3.0806416041624662
-9.411010642054881,1.2755136787985428,0.0674245955607476,0.008588848251857325,0.010560841032430244,ca… +1158,3.0806416041624662
-9.418616723984996,1.2790780337757333,0.06793996205345508,0.008652982217153991,0.010615341667510245,+1158 char+s,3.0722428572857323
-8.248090955308372,0.7283111444103216,0.008550221010689682,0.0012887259963630503,0.004601714604015509,chang+e strengthened,4.365749663832237
-7.928828663498409,0.577636927704793,-0.0029283788904383157,-0.00012876347327563445,0.0034989193181899185,strengthened hurricane,4.718757645723907
-6.887567039519165,0.08564821796698885,-0.03247084158169641,-0.0037689521766836034,0.0007454307455921419,melissa making,5.870338987814699
-8.118960986054253,0.667382847332751,0.003734471601218037,0.0006938111355531962,0.00413677679996567,making the,4.508522237633047
-6.5329792021896695,-0.08201462831280049,-0.04052030629251879,-0.004758902478622165,1.617154585360943e-05,storm wind+s,6.2625511182941676
-7.152784890969882,0.21102129552302795,-0.025871743137001267,-0.0029567839476811247,0.0013499850397721575,wind+s stronger,5.576994531384356
-7.6721533272054065,0.4564270764124094,-0.01120681862961298,-0.0011499635050530406,0.002715082014899218,stronger and,5.002596471135705
-4.541994458918761,-1.0239397486127269,-0.074254220971875,-0.008899703108398273,-0.0029413815923020697,worse,8.465034334928792
-8.14231438319309,0.6784033435279828,0.004587179095811952,0.0007991273488210868,0.004218861946944848,da+mög+e worse,4.482700873026836
-8.446500262633714,0.8218842900894612,0.016463828933612534,0.0022670349098472455,0.005372919596871627,re-post,4.1463980731189665
-8.446500262633714,0.8218842900894612,0.016463828933612534,0.0022670349098472455,0.005372919596871627,this re-post,4.1463980731189665
-8.54902083455344,0.8702107074487773,0.020822637280872164,0.00280626307162659,0.005801544376907095,re-post from,4.033067150925621
-8.604528282979166,0.8963682398365937,0.023266130058176918,0.0031086658706797124,0.006043029971904116,Yale,3.971710144835312
-8.604528282979166,0.8963682398365937,0.023266130058176918,0.0031086658706797124,0.006043029971904116,from yale,3.971710144835312
-8.654724682624323,0.9200179484181765,0.025529014765699215,0.0033887932340644755,0.006267441650877658,yale climate,3.9162261364571944
-8.725937843076332,0.9535608324539615,0.02883000246245916,0.0037975620250276683,0.0065961455709105145,Connections,3.8375154077705504
-8.725937843076332,0.9535608324539615,0.02883000246245916,0.0037975620250276683,0.0065961455709105145,climate connection+s,3.8375154077705504
-8.83637914332448,1.0055588866745822,0.03417280883863366,0.004459509510222628,0.007131566857874316,Jeff,3.7154563527576876
-8.83637914332448,1.0055588866745822,0.03417280883863366,0.004459509510222628,0.007131566857874316,connection+s jeff,3.7154563527576876
-8.867991664202805,1.020437356147013,0.03575504139752403,0.004655620584160691,0.007290939126539844,Masters,3.680520782276677
-8.867991664202805,1.020437356147013,0.03575504139752403,0.004655620584160691,0.007290939126539844,jeff master+s,3.680520782276677
-8.914277441843245,1.0422171851831683,0.03811638115973226,0.004948367354098669,0.007529481287419246,Visible,3.6293715948363943
-8.914277441843245,1.0422171851831683,0.03811638115973226,0.004948367354098669,0.007529481287419246,master+s visible,3.6293715948363943
-8.93567610559492,1.0522844209622846,0.03922651918381602,0.0050860250668865355,0.0076419151221984345,visible satellite,3.6057253600576233
-8.880032162977376,1.0261035654942008,0.03636413296267227,0.004731124748207728,0.007352389878670231,image,3.667214905698004
-8.880032162977376,1.0261035654942008,0.03636413296267227,0.004731124748207728,0.007352389878670231,satellite image,3.667214905698004
-8.83637914332448,1.0055588866745822,0.03417280883863366,0.004459509510222628,0.007131566857874316,image with,3.7154563527576876
-8.802388458552581,0.9895583921317925,0.03249836149862921,0.004252008833870453,0.0069633107765104205,lightning,3.7530212991618424
-8.802388458552581,0.9895583921317925,0.03249836149862921,0.004252008833870453,0.0069633107765104205,with lightning,3.7530212991618424
-8.691604165820143,0.9373902748523486,0.027224937632711194,0.0035987835235823315,0.006436117831369943,lightning hurrican+e,3.8754632622768623
-8.46038609530353,0.8284308589064298,0.017042894792876018,0.0023386556387175756,0.005429704198076386,4:55,4.1310475776448605
-8.46038609530353,0.8284308589064298,0.017042894792876018,0.0023386556387175756,0.005429704198076386,melissa 4:55,4.1310475776448605
-8.387364309810454,0.7940008389883226,0.014035910757773606,0.0019667936269970147,0.005135357330599917,4:55 p.m,4.211773155962554
-8.304075367882625,0.7547200257877618,0.01071740471192531,0.0015565541617925446,0.004812022295796227,EDT,4.303853480771124
-8.228270571769649,0.7189605066759761,0.007794745770927924,0.0011953770227270937,0.004528559151204295,edt sunday,4.3876634642011485
-8.043675002526344,0.6318510828620825,0.001037930987456026,0.00036083211800063547,0.003877873512603769,sunday oct,4.591766287283786
-6.887567039519165,0.08564821796698885,-0.03247084158169641,-0.0037689521766836034,0.0007454307455921419,when category,5.870338987814699
-6.887567039519165,0.08564821796698885,-0.03247084158169641,-0.0037689521766836034,0.0007454307455921419,145,5.870338987814699
-6.887567039519165,0.08564821796698885,-0.03247084158169641,-0.0037689521766836034,0.0007454307455921419,with 145,5.870338987814699
-7.227468340110483,0.24631950879148423,-0.023913428443457965,-0.002715664748564846,0.0015305498648160512,145 mph,5.494393571369673
-7.53064715574482,0.3895812328700097,-0.015458353418504829,-0.0016740671633689403,0.0023162484052994085,230,5.1590881566106
-7.53064715574482,0.3895812328700097,-0.015458353418504829,-0.0016740671633689403,0.0023162484052994085,mph 230,5.1590881566106
-6.651310196146626,-0.027542587064512514,-0.038875426421945,0.03956562072820586,0.042822129847540163,km/h,6.1322917972549105
-7.714391215210024,0.4763768730200315,-0.009896571595698948,-0.00098839641601266,0.002838503280814409,230 km/h,4.955886901105037
-7.928828663498409,0.577636927704793,-0.0029283788904383157,-0.00012876347327563445,0.0034989193181899185,km/h wind+s,4.718757645723907
-7.122778949569244,0.19373062016508547,0.06606589164314007,-0.02069871608107257,-0.03685963034084359,Image,5.61165458069898
-8.249886501808021,0.7287431175934804,0.02007798921947017,0.022185810018410697,-0.003418652484545008,credit,4.363963598282451
-8.249886501808021,0.7287431175934804,0.02007798921947017,0.022185810018410697,-0.003418652484545008,image credit,4.363963598282451
-8.337236268721352,0.7673236570177866,0.05479162534511807,0.08021144839197857,-0.0253030696067821,NOAA/CIRA,4.268571043298323
-8.337236268721352,0.7673236570177866,0.05479162534511807,0.08021144839197857,-0.0253030696067821,credit noaa/cira,4.268571043298323
-8.40759596902495,0.7887249159699476,0.11808055454403464,0.1943442739169383,-0.06927536820483593,Human-cau…,4.195936272925972
-8.40759596902495,0.7887249159699476,0.11808055454403464,0.1943442739169383,-0.06927536820483593,noaa/cira human-cau…,4.195936272925972
-8.356160580009924,0.7311733681230705,0.19889875626088493,0.3570084185764842,-0.13380017246837253,Human-caused,4.267192008214654
-8.356160580009924,0.7311733681230705,0.19889875626088493,0.3570084185764842,-0.13380017246837253,human-cau… human-caused,4.267192008214654
-8.470355431736165,0.7842108604379217,0.2040927392525873,0.35844798977777453,-0.13367289918257547,human-caused climate,4.14129505474417
-8.796219841813855,0.9743112139577628,0.11853892380238211,0.1751973093460927,-0.04430530312002621,increased hurrican+e,3.765278364138452
-8.900356697076079,1.0289125038120008,0.0855510035141916,0.12711209647381586,0.006104031129908894,melissa wind,3.647731445827104
-8.963449783219323,1.0598233084942512,0.05623973061381815,0.09904749138499445,0.060012574753802665,speeds mph,3.57742273786036
-8.977601750585361,1.0655445886793316,0.04037097477828597,0.08994821307624988,0.09180125267023989,mph km/h,3.5621520098631363
-8.979138490618148,1.0648633471888955,0.028618241864554445,0.08534536350583118,0.11587544480408962,leading,3.561030738846398
-8.979138490618148,1.0648633471888955,0.028618241864554445,0.08534536350583118,0.11587544480408962,km/h leading,3.561030738846398
-6.751716166251581,0.01589023648415644,0.0355685948428732,0.12825914991797438,-0.05033700371491697,increase,6.023099998427201
-8.715367490512115,0.9295672272943822,0.14286976310368432,0.21797159547076786,-0.07582363173885481,leading increas+e,3.8575447349367638
-8.78843891223898,0.933300600616715,-0.08864516166195546,0.07594929099222847,0.34890779945304545,increas+e its,3.7894366395931782
-8.60557662138274,0.8020862740702401,-0.15902270467129925,0.07738471809756703,0.47622248575261666,its damages,4.010702583747435
-8.92218837987041,1.0149526180619182,-0.052060261888242296,0.06859509052640571,0.27901083892542544,damages found,3.6336916513281143
-9.002537532307437,1.0633351347079838,-0.02599433220574566,0.06484988766957978,0.22747115471944235,researchers,3.5404232468276637
-9.002537532307437,1.0633351347079838,-0.02599433220574566,0.06484988766957978,0.22747115471944235,found researchers,3.5404232468276637
-9.116076621986203,1.1269958594119178,0.006924353450291895,0.057934835195935924,0.16052025649634402,researchers the,3.4106332499698095
-9.137146007924331,1.1382388401418613,0.012314975310729226,0.056438200917357406,0.1494118210286299,Imperial,3.3867906931161698
-9.137146007924331,1.1382388401418613,0.012314975310729226,0.056438200917357406,0.1494118210286299,the imperial,3.3867906931161698
-9.177340125692206,1.1592588545688358,0.021874356999306732,0.0534247943016081,0.12968892060311416,College,3.3414878486384767
-9.177340125692206,1.1592588545688358,0.021874356999306732,0.0534247943016081,0.12968892060311416,imperial college,3.3414878486384767
-9.217345919125556,1.1796917426594409,0.030427742049829537,0.050261353099877615,0.11210611691709019,college london,3.296604267710504
-9.253600392704492,1.1978596942790607,0.037373887674329836,0.04730488110431764,0.09798123979035506,ra…,3.256076980796238
-9.253600392704492,1.1978596942790607,0.037373887674329836,0.04730488110431764,0.09798123979035506,london ra…,3.256076980796238
-9.267056443772058,1.2045315240167822,0.039767660231858,0.04619657023996044,0.09317024494013978,+4836,3.241065169141669
-9.267056443772058,1.2045315240167822,0.039767660231858,0.04619657023996044,0.09317024494013978,ra… +4836,3.241065169141669
-9.282179507008719,1.2119895605226154,0.042345567738048706,0.04494894576370454,0.08803459485639173,+4836 chars,3.2242106293683204
-0.6409869529498611,-2.870243139887572,-0.11119768876617822,-0.013423365223874708,-0.0059868529733143275,Kalmaegi,12.78081894254263
-0.6409869529498611,-2.870243139887572,-0.11119768876617822,-0.013423365223874708,-0.0059868529733143275,typhoon kalmaegi,12.78081894254263
-9.206466527795357,1.1795594852308875,0.05438633250386099,0.006967698046667269,0.009195937540250549,kalmaegi leaves,3.3065469640562526
-9.180074434699677,1.1671658737657928,0.052810916337788116,0.00677199160597711,0.00903280855857521,leaves leas+t,3.3357009356756278
-9.154449019871064,1.155129802246213,0.051302827198978884,0.0065846843547998305,0.008877009055443965,leas+t dead,3.3640091040683777
28.27493009879577,-16.5564951875823,-0.18301698234620223,-0.01629767552146741,0.056339102738991065,Philippines,44.77192346845138
-8.133592761151213,0.6742876741979118,0.004267806618206221,0.0007596811202005924,0.004188105770850837,dead philippine+s,4.492344155090304
-9.086314356016064,1.1231161061465211,0.04739268133443336,0.006099198416572693,0.008474678146360402,philippine+s with,3.439281905843917
-9.068042528115193,1.114528246730456,0.046367911160234115,0.005972000602101629,0.008369621111284031,survivors,3.4594691742583006
-9.068042528115193,1.114528246730456,0.046367911160234115,0.005972000602101629,0.008369621111284031,with survivors,3.4594691742583006
-9.028637299042119,1.096003919753724,0.0441909257140717,0.005701838517383553,0.008146970817022805,trapped,3.5030068904525873
-9.028637299042119,1.096003919753724,0.0441909257140717,0.005701838517383553,0.008146970817022805,survivors trapped,3.5030068904525873
-8.980158319033016,1.073207480652963,0.04157272548763391,0.005377016136695684,0.007880144896241824,roofs,3.556572857561738
-8.980158319033016,1.073207480652963,0.04157272548763391,0.005377016136695684,0.007880144896241824,trapped roofs,3.556572857561738
-8.951040481808768,1.0595119818428251,0.04003096915424399,0.005185788722583955,0.007723504492480986,roofs and,3.5887475607664485
-8.914277441843245,1.0422171851831683,0.03811638115973226,0.004948367354098669,0.007529481287419246,and cars,3.6293715948363943
-9.247026596081675,1.1986010398191462,0.056852664822150414,0.007274155075706048,0.009452088227632374,cars typhoon,3.2617447119809913
-7.463937103662682,0.35806339515055496,-0.017392327525757145,-0.001912398144155586,0.0021356559274313784,kalmaegi has,5.232864997351666
-8.218125743472099,0.7141742976427867,0.007410402330318755,0.0011478893280312923,0.004491372927076544,left leas+t,4.39887987146117
-7.113168965289401,0.19229619011957055,-0.02689199815003468,-0.0030823846879007794,0.0012561237245461727,leas+t peopl+e,5.620810827934999
-8.170403233705738,0.6916576510066306,0.005623273018430519,0.0009271066757857039,0.004318739284646296,peopl+e dead,4.451644002362834
-6.753378586856441,0.022203929846339676,-0.035614496472722766,-0.004155662146283461,0.00045955580801195287,dead the,6.018763374078112
-2.971734071412273,-1.7670847282452362,-0.09225746555283865,-0.011105156823162855,-0.004452332457496181,the philippine+s,10.202229623556724
-5.132132751487715,-0.7449003509700001,-0.07383443043892887,-0.007048299901618706,0.017419540025399347,mostly,7.812252564067266
-6.123004004522313,-0.27591407174689353,-0.04888732404727668,-0.005787097506950445,-0.0007323223990626229,philippine+s mostly,6.716049678038555
-5.520393265363335,-0.560987538348269,-0.059681796938584324,-0.0071124331085775944,-0.001683515728305193,mostly flooding,7.382665441184033
-4.630645346356361,-0.9819886894345089,-0.07305920087457815,-0.008753214128229918,-0.0028393818509451093,flooding set,8.366961030144653
3.232287005005066,-4.703472709070293,-0.13102099684615204,-0.01585039722128071,-0.007522876742750775,off,17.065976762194204
-1.2309416047499528,-2.5910102510611575,-0.1070622624107007,-0.012917289863513601,-0.0056569389940612684,set off,12.12812817209266
-6.753378586856441,0.022203929846339676,-0.035614496472722766,-0.004155662146283461,0.00045955580801195287,off the,6.018763374078112
2.937080053305559,-4.5637546590103675,-0.1298570549484913,-0.01570775278082589,-0.007435017371432866,storm which,16.739378572632443
-4.346548765134324,-1.1164299080631337,-0.0768116862219595,-0.009213161190987898,-0.003158969911050459,barreled,8.681254346288732
-4.346548765134324,-1.1164299080631337,-0.0768116862219595,-0.009213161190987898,-0.003158969911050459,which barreled,8.681254346288732
-5.361716010398503,-0.6360619426584782,-0.06227021974783163,-0.007430051617084075,-0.001909162272080941,barreled across,7.558200998283757
0.3391386828666789,-3.334147694977708,-0.11729582164784474,-0.014169660318618257,-0.006467729977593743,central,13.865172748431409
-2.186218299337243,-2.138868768485243,-0.0994787878839075,-0.011989173089864011,-0.005044367670509988,the central,11.071269783680174
-6.42384571441614,-0.1336253634570883,-0.0428392092985634,-0.005043946013811336,-0.0001922474142197015,central part,6.3832682636441085
-5.1745082167955605,-0.7246391374283236,-0.06520355803608383,-0.00778991048594361,-0.002163725586634548,the ...,7.765300305154697
-8.473941587459016,0.8348213838031071,0.017611541070879463,0.0024089922524462137,0.005485514071083058,MANILA,4.116062402642489
-8.473941587459016,0.8348213838031071,0.017611541070879463,0.0024089922524462137,0.005485514071083058,... manila,4.116062402642489
-9.129985489685971,1.1436372448078234,0.04988248360766118,0.006408306885744643,0.008730593691635185,manila philippine+s,3.3910347336630307
-9.247026596081675,1.1986010398191462,0.056852664822150414,0.007274155075706048,0.009452088227632374,philippine+s typhoon,3.2617447119809913
1.4199573996744999,-3.8460201988121794,-0.13054150624841002,-0.014153755773115107,0.010947739989693082,country,15.061046313718379
1.4199573996744999,-3.8460201988121794,-0.13054150624841002,-0.014153755773115107,0.010947739989693082,the country,15.061046313718379
-8.560592577594416,0.8756642832584296,0.021327059483098987,0.002868682576655183,0.005851324399480783,Tuesda…,4.020275730747688
-8.560592577594416,0.8756642832584296,0.021327059483098987,0.002868682576655183,0.005851324399480783,country tuesda…,4.020275730747688
-8.654724682624323,0.9200179484181765,0.025529014765699215,0.0033887932340644755,0.006267441650877658,+4010,3.9162261364571944
-8.654724682624323,0.9200179484181765,0.025529014765699215,0.0033887932340644755,0.006267441650877658,tuesda… +4010,3.9162261364571944
-8.70907044978232,0.945616900603258,0.028038265839295362,0.003699505108891221,0.006517160800825667,+4010 char+s,3.8561582278982494
-8.82308479959367,0.9993011491889134,0.033514635031240886,0.004377942466608206,0.007065380997442675,Leaves,3.7301485034834934
-8.750189276352113,0.9649812954825567,0.029979345853600403,0.0039399248861049126,0.006710969696639188,Dead,3.810711804171223
-8.750189276352113,0.9649812954825567,0.029979345853600403,0.0039399248861049126,0.006710969696639188,leaves dead,3.810711804171223
-8.691604165820143,0.9373902748523486,0.027224937632711194,0.0035987835235823315,0.006436117831369943,50B,3.8754632622768623
-8.691604165820143,0.9373902748523486,0.027224937632711194,0.0035987835235823315,0.006436117831369943,dead 50b,3.8754632622768623
-8.625194942290312,0.906105796601643,0.024191560266480408,0.00322321797224155,0.006134715195925233,Damage,3.9488662263398218
-8.625194942290312,0.906105796601643,0.024191560266480408,0.00322321797224155,0.006134715195925233,50b damage,3.9488662263398218
-8.54902083455344,0.8702107074487773,0.020822637280872164,0.00280626307162659,0.005801544376907095,damage the,4.033067150925621
-3.227651809571425,-1.6578779256336151,-0.16052587719925518,-0.004227613823113,0.16184318223122096,death,9.924053583073121
-4.712229584310879,-0.9606086997160763,-0.15872725795063025,-0.0005920451830433819,0.20053744021708997,the death,8.283896071594175
-3.2954957489782917,-1.6139187002284388,-0.09202580791351933,-0.010394626403581757,0.0032664364323778134,toll,9.844066590453703
-3.2954957489782917,-1.6139187002284388,-0.09202580791351933,-0.010394626403581757,0.0032664364323778134,death toll,9.844066590453703
-6.660279965199681,-0.021819115570317127,-0.03860220757445246,-0.004321436286125278,0.002466607898296839,toll from,6.121739687047638
-7.1171121327655005,0.19416002567489565,-0.026791012068166246,-0.0030699531536901763,0.0012654078031988682,from hurrican+e,5.61644956131756
-3.0350983643331,-1.73709499377855,-0.09163007772213946,-0.01102833975295171,-0.004400507225144168,climbed,10.132128084274976
-5.275650565611914,-0.6767831901746524,-0.06363448576627109,-0.007597429230056978,-0.0020277096254403926,has climbed,7.653410950516854
-4.737433144781367,-0.93193093313671,-0.08406630729612205,-0.0073047614728546945,0.02781130887144162,climbed the,8.249001467898271
-2.784951206538379,-1.8554878805217214,-0.09406586066815889,-0.01132656253898018,-0.004601369680815686,storm leaves,10.408872603355594
-5.520393265363335,-0.560987538348269,-0.059681796938584324,-0.0071124331085775944,-0.001683515728305193,trail devastation,7.382665441184033
-6.21661624512824,-0.23163601321239113,-0.04705703875758524,-0.005562248629623658,-0.0005694221387969002,devastation across,6.612497703330628
-4.806481069026085,-0.8987822277616373,-0.07062097674910237,-0.008454288583248124,-0.0026306256927559383,officials,8.172437239474384
-7.1331772335396355,0.2017535154465322,-0.026378291931759244,-0.0030191453786043865,0.00130336559633905,jamaica+n officials,5.598681092659403
-7.361150124567889,0.30949514626783303,-0.02028899180398043,-0.0022692750398402815,0.0018661403434058485,officials monday,5.346543014426315
-7.457701281447543,0.355118644351089,-0.019213442439133525,-0.0017554598451078604,0.006272801413615681,confirmed,5.239757470633741
-7.457701281447543,0.355118644351089,-0.019213442439133525,-0.0017554598451078604,0.006272801413615681,monday confirmed,5.239757470633741
-7.597444162272587,0.4210260069006293,-0.02164786321972568,-0.0005430382913088581,0.02312680630890701,confirmed leas+t,5.085247518322809
-6.481500491754815,-0.1066115386640285,-0.051718017905370665,-0.0038333927080141505,0.025008782196871235,fatalities,6.319581174649039
-7.676369800053104,0.45808396016489983,-0.02436016234765026,0.00030252803590924936,0.03619787566101556,leas+t fatalities,4.998049820892542
-7.773767957124607,0.5033359941580628,-0.030928381757426203,0.0016991124913457948,0.06049738293770796,fatalities the,4.8906419577085245
-8.868596981633756,1.0163341053308215,-0.01031392078461664,0.009714823667360763,0.1242299423018261,country with,3.6816348012259636
-6.16834054841043,-0.25617036563952933,-0.07453140456624449,-0.002965872932670947,0.06442664684040442,with another,6.666572656646648
-8.747474411710629,0.9545384493658391,-0.035272737347856506,0.01085325582855961,0.16948526879464762,eight,3.8174990680722325
-8.747474411710629,0.9545384493658391,-0.035272737347856506,0.01085325582855961,0.16948526879464762,another eight,3.8174990680722325
-8.66546298596279,0.9107483726196806,-0.05483714188596574,0.011852316712356618,0.20616000360446882,unconfirmed,3.9103197895023487
-8.66546298596279,0.9107483726196806,-0.05483714188596574,0.011852316712356618,0.20616000360446882,eight unconfirmed,3.9103197895023487
-8.261801791856493,0.6667487304779207,-0.16863208503589452,0.01746276651505617,0.4171487018848259,unconfirmed deaths,4.379319820691497
-6.564496136586784,-0.07535431380270197,-0.09989755368273899,0.0012660070654311115,0.1451445363006557,under,6.231092695187529
-8.483488964057306,0.8188667943400634,-0.07834341097934963,0.012192413588822037,0.24051172339675952,deaths under,4.114059494575572
-8.525179952704839,0.8490901544455194,-0.047574392673775244,0.00974145507481205,0.17290712035834394,investigation,4.063511104088091
-8.525179952704839,0.8490901544455194,-0.047574392673775244,0.00974145507481205,0.17290712035834394,under investigation,4.063511104088091
-8.477522642436512,0.835467126758163,-0.005907017497479988,0.005038411856263348,0.06571539716518657,investigation the,4.112501508464803
-9.052761734260486,1.1073453575205952,0.04551839923282863,0.005866568403556699,0.00828265212325751,+1582,3.476352228271435
-9.052761734260486,1.1073453575205952,0.04551839923282863,0.005866568403556699,0.00828265212325751,country +1582,3.476352228271435
-9.075458178549544,1.1180137750413324,0.04678262918372769,0.006023474848067249,0.008412117790454691,+1582 char+s,3.4512760805237295
-8.891750604814085,1.0316178561017868,0.036960403891663454,0.004805044942602371,0.007412600718226484,FEMA,3.6542650928909084
-8.891750604814085,1.0316178561017868,0.036960403891663454,0.004805044942602371,0.007412600718226484,trump fema,3.6542650928909084
-8.861845934071283,1.0175450578780016,0.03544553004226057,0.00461725505499622,0.007259733941948433,fema disaster,3.6873124523120797
-7.5947777141554935,0.4198775301994142,-0.013557307608966437,-0.0014397468073059864,0.002494273079272021,aid,5.088165356041524
-8.802388458552581,0.9895583921317925,0.03249836149862921,0.004252008833870453,0.0069633107765104205,disaster aid,3.7530212991618424
-8.773272027494844,0.9758501866407363,0.031085568432056856,0.004076964761885956,0.006821669623294531,approvals,3.785200416822074
-8.773272027494844,0.9758501866407363,0.031085568432056856,0.004076964761885956,0.006821669623294531,aid approvals,3.785200416822074
-8.691604165820143,0.9373902748523486,0.027224937632711194,0.0035987835235823315,0.006436117831369943,fell,3.8754632622768623
-8.691604165820143,0.9373902748523486,0.027224937632711194,0.0035987835235823315,0.006436117831369943,approvals fell,3.8754632622768623
-8.645069051628365,0.9154691442386595,0.025089713118608206,0.003334405378413065,0.006223817382753032,largely,3.926898704242373
-8.645069051628365,0.9154691442386595,0.025089713118608206,0.003334405378413065,0.006223817382753032,fell largely,3.926898704242373
-8.560592577594416,0.8756642832584296,0.021327059483098987,0.002868682576655183,0.005851324399480783,largely along,4.020275730747688
-8.487179789289799,0.8410620343968025,0.01817010906768536,0.002478086725618797,0.005540380231575085,party,4.101428113727852
-8.487179789289799,0.8410620343968025,0.01817010906768536,0.002478086725618797,0.005540380231575085,along party,4.101428113727852
-8.402718318658332,0.8012409950401549,0.01466043339885377,0.002044015440426837,0.00519638348426223,lines,4.194798990688499
-8.402718318658332,0.8012409950401549,0.01466043339885377,0.002044015440426837,0.00519638348426223,party lines,4.194798990688499
-8.248090955308372,0.7283111444103216,0.008550221010689682,0.0012887259963630503,0.004601714604015509,lines october,4.365749663832237
-8.248090955308372,0.7283111444103216,0.008550221010689682,0.0012887259963630503,0.004601714604015509,2025 october,4.365749663832237
-4.346548765134324,-1.1164299080631337,-0.0768116862219595,-0.009213161190987898,-0.003158969911050459,2025 after,8.681254346288732
-3.0926548681029864,-1.709854120802575,-0.09105392012309854,-0.010957793112010939,-0.004352859837373501,summer,10.068451901022943
-3.0926548681029864,-1.709854120802575,-0.09105392012309854,-0.010957793112010939,-0.004352859837373501,after summer,10.068451901022943
0.9302208159929481,-3.6139114918092954,-0.12056967274159064,-0.014570379396980939,-0.0067229898440958604,summer storms,14.519111439905497
-3.0926548681029864,-1.709854120802575,-0.09105392012309854,-0.010957793112010939,-0.004352859837373501,severely,10.068451901022943
-3.0926548681029864,-1.709854120802575,-0.09105392012309854,-0.010957793112010939,-0.004352859837373501,storms severely,10.068451901022943
-4.757108710514568,-0.9221452406791224,-0.07131493931848647,-0.008539373863069695,-0.002690129232740177,severely affected,8.227056829045521
-5.59376809389186,-0.5262731936127936,-0.05845150287580131,-0.00696144237241359,-0.0015759318064957851,affected area+s,7.301495661823807
-4.676311025462699,-0.960379181137704,-0.07243479189759726,-0.008676667063862054,-0.0027860033319325674,area+s the,8.316441814239571
0.24910336254864163,-3.291218469800797,-0.10249243303367228,-0.03183295372335495,-0.01008989839495467,United,13.765448053921054
-3.544526429847304,-1.4958521923229497,-0.06836509087698556,-0.03265151243517554,-0.00856569396634311,the united,9.56850222648328
-3.5515173371812274,-1.4926829719448325,-0.08623533817556438,-0.010367703035065446,-0.0039523640916653835,united state+s,9.560802951548913
-6.809078140150983,0.04853949801071167,-0.03432465527841988,-0.003997009594789468,0.0005766846751648833,state+s u.s,5.957154322637426
-5.783048735272512,-0.4367266306784878,-0.05517499344493732,-0.006559246297227757,-0.0012883733993499817,President,7.092108744192497
-7.152784890969882,0.21102129552302795,-0.025871743137001267,-0.0029567839476811247,0.0013499850397721575,Donald,5.576994531384356
-7.152784890969882,0.21102129552302795,-0.025871743137001267,-0.0029567839476811247,0.0013499850397721575,president donald,5.576994531384356
-7.279873095075369,0.27108623882974614,-0.0225112299538424,-0.0025429881559083153,0.0016601649170206005,donald trump,5.436433960801528
-7.421325985953185,0.33792984607962184,-0.018605162127230353,-0.0020618357555455703,0.0020226678636915824,trump republica+n,5.27999071784519
-6.1276470277484405,-0.27371790059185797,-0.04879759952811153,-0.005776075816572053,-0.0007243475726430911,approved,6.710913636889126
-7.580519615384795,0.4131420254224798,-0.013983591111915508,-0.0014922940291361344,0.002454309733223546,republica+n approved,5.1039334556582885
-7.682921452439336,0.46151320819663333,-0.010874637304520318,-0.0011090042289203222,0.002746349812452543,Federal,4.99068827560694
-7.682921452439336,0.46151320819663333,-0.010874637304520318,-0.0011090042289203222,0.002746349812452543,approved federal,4.99068827560694
-7.764233971643551,0.4999167751971991,-0.008324914897067076,-0.0007945649334880119,0.0029868647629431,Emergency,4.900768173538033
-7.764233971643551,0.4999167751971991,-0.008324914897067076,-0.0007945649334880119,0.0029868647629431,federal emergency,4.900768173538033
-7.855286651241449,0.5429140454343493,-0.005379884769633789,-0.00043126793351876917,0.003265800335220413,Management,4.800079807172013
-7.855286651241449,0.5429140454343493,-0.005379884769633789,-0.00043126793351876917,0.003265800335220413,emergency management,4.800079807172013
-7.9326125281700985,0.5794233423821131,-0.0028004223920617133,-0.0001129720206236029,0.003511110147077119,Assistance,4.714573541450181
-7.9326125281700985,0.5794233423821131,-0.0028004223920617133,-0.0001129720206236029,0.003511110147077119,management assistance,4.714573541450181
-7.9260248393462085,0.576313194757609,-0.0030230772707188214,-0.00014045031115532576,0.0034898985789132593,assistance disaster,4.721858049390039
-7.912701787310283,0.5700230528626373,-0.003471707467105331,-0.00019581465089537134,0.0034471802690298724,relief,4.736590417779402
-7.912701787310283,0.5700230528626373,-0.003471707467105331,-0.00019581465089537134,0.0034471802690298724,disaster relief,4.736590417779402
-8.885930729182084,1.0288792700263782,0.03666384032532702,0.004768279058912878,0.007382647400883544,relief aid,3.660696499657337
-8.861845934071283,1.0175450578780016,0.03544553004226057,0.00461725505499622,0.007259733941948433,aid for,3.6873124523120797
-8.83637914332448,1.0055588866745822,0.03417280883863366,0.004459509510222628,0.007131566857874316,for affected,3.7154563527576876
-8.773272027494844,0.9758501866407363,0.031085568432056856,0.004076964761885956,0.006821669623294531,red,3.785200416822074
-8.773272027494844,0.9758501866407363,0.031085568432056856,0.004076964761885956,0.006821669623294531,affected red,3.785200416822074
-8.742240169530103,0.9612380519674757,0.02960117240087605,0.003893080495525362,0.0066731671577248425,red state+s,3.819497394604099
-8.682635079537773,0.9331655838726289,0.026809835596675297,0.0035473814762933785,0.006394792940347737,state+s but,3.885376673775027
-8.645069051628365,0.9154691442386595,0.025089713118608206,0.003334405378413065,0.006223817382753032,denied,3.926898704242373
-8.645069051628365,0.9154691442386595,0.025089713118608206,0.003334405378413065,0.006223817382753032,but denied,3.926898704242373
-8.57192088154152,0.8810028954408258,0.021823389068044666,0.0029301042092751504,0.005900341828097674,denied assistance,4.007753513760533
-8.387364309810454,0.7940008389883226,0.014035910757773606,0.0019667936269970147,0.005135357330599917,blue,4.211773155962554
-8.387364309810454,0.7940008389883226,0.014035910757773606,0.0019667936269970147,0.005135357330599917,assistance blue,4.211773155962554
-8.742240169530103,0.9612380519674757,0.02960117240087605,0.003893080495525362,0.0066731671577248425,blue state+s,3.819497394604099
-8.14231438319309,0.6784033435279828,0.004587179095811952,0.0007991273488210868,0.004218861946944848,Claim,4.482700873026836
-7.829083933714435,0.5305412296113183,-0.006237411153170121,-0.0005370637398305145,0.0031844552724164775,claim october,4.829055102262284
-9.139357788170653,1.1480404451877861,0.05042442763015964,0.006475601575035508,0.008786423228374567,+14299,3.3806807496181825
-9.139357788170653,1.1480404451877861,0.05042442763015964,0.006475601575035508,0.008786423228374567,relief +14299,3.3806807496181825
-9.16030895023606,1.157882381078342,0.05164584434636377,0.006627284628257931,0.008912415179315441,+14299 char+s,3.3575355967122005
-8.742240169530103,0.9612380519674757,0.02960117240087605,0.003893080495525362,0.0066731671577248425,doubt,3.819497394604099
-8.691604165820143,0.9373902748523486,0.027224937632711194,0.0035987835235823315,0.006436117831369943,doubt about,3.8754632622768623
-8.593880825393816,0.8913511356152333,0.02279270332156813,0.0030500686557798553,0.005996174348257813,about climate,3.983479468109561
-8.321671085888585,0.763019364850845,0.01140891427113877,0.0016420270842273932,0.004879268800736462,made hurrican+e,4.284400111812989
-7.897035202069215,0.5626262554438695,-0.003996412510400185,-0.000260563771099339,0.0033972540139853326,melissa way,4.753914316768245
-7.754513288962295,0.49532601792614317,-0.008633632877620485,-0.0008326415147645863,0.0029576951175699553,way worse,4.911517740692276
-7.296710314753467,0.2790432714199538,-0.02205567658292673,-0.0024868827519326647,0.0017023335702868536,analysis,5.417812156168164
-7.296710314753467,0.2790432714199538,-0.02205567658292673,-0.0024868827519326647,0.0017023335702868536,worse analysis,5.417812156168164
-5.793739386767405,-0.43166918346004524,-0.05498535565937663,-0.006535964451914325,-0.001271683827724958,analysis the,7.08028256798607
-6.21661624512824,-0.23163601321239113,-0.04705703875758524,-0.005562248629623658,-0.0005694221387969002,storm found,6.612497703330628
-7.071893619035383,0.1727859371464664,-0.027941683548418333,-0.0032115949693514046,0.0011597053269602631,found all,5.6664628553489305
-5.960741853570711,-0.35375065399381844,-0.0976054863165895,-0.01450125698602842,-0.03631388760664798,aspects,6.895916119258323
-7.361150124567889,0.30949514626783303,-0.02028899180398043,-0.0022692750398402815,0.0018661403434058485,all aspects,5.346543014426315
-7.86382374827365,0.5469450947319627,-0.005098710215350313,-0.0003965763818133171,0.003292495024643065,aspects this,4.790639438079116
-1.0972110680752074,-2.6543065460343005,-0.1080334457878552,-0.013036140057435967,-0.0057346858828898626,event,12.2760796099248
-8.016648977654057,0.6190944460946379,8.891676677143245e-05,0.00024366779758570878,0.0037869999399613545,this event,4.621649766577901
-8.164879785188976,0.6890513719522318,0.005418620261939705,0.0009018266002088771,0.00429899911269266,event were,4.457751054588845
-8.267312251839886,0.7373786598647243,0.009288696523158654,0.0013799820678727318,0.004673302468379586,amplified,4.34449844737353
-8.267312251839886,0.7373786598647243,0.009288696523158654,0.0013799820678727318,0.004673302468379586,were amplified,4.34449844737353
-8.473941587459016,0.8348213838031071,0.017611541070879463,0.0024089922524462137,0.005485514071083058,amplified climate,4.116062402642489
-8.654724682624323,0.9200179484181765,0.025529014765699215,0.0033887932340644755,0.006267441650877658,chang+e and,3.9162261364571944
-8.691604165820143,0.9373902748523486,0.027224937632711194,0.0035987835235823315,0.006436117831369943,and that,3.8754632622768623
-8.750189276352113,0.9649812954825567,0.029979345853600403,0.0039399248861049126,0.006710969696639188,'ll,3.810711804171223
-8.750189276352113,0.9649812954825567,0.029979345853600403,0.0039399248861049126,0.006710969696639188,that 'll,3.810711804171223
-4.282873780892941,-1.1470860808563166,-0.09059247534244894,0.00706532121782355,-0.029949653291356657,see,8.751894883216215
-8.780722751021734,0.9793582230579299,0.03144522961759946,0.004121523765077092,0.006857699879821886,'ll see,3.7769658860956294
-8.809391287819267,0.9928550732078512,0.03284109765842695,0.004294478002285922,0.006997716657085328,see more,3.74528199188313
-5.793739386767405,-0.43166918346004524,-0.05498535565937663,-0.006535964451914325,-0.001271683827724958,more the,7.08028256798607
-8.885930729182084,1.0288792700263782,0.03666384032532702,0.004768279058912878,0.007382647400883544,same.,3.660696499657337
-8.885930729182084,1.0288792700263782,0.03666384032532702,0.004768279058912878,0.007382647400883544,the same.,3.660696499657337
-8.925111787389003,1.0473144778168448,0.038676973124290054,0.005017878776252607,0.007586234509913746,Last,3.6173992132153345
-8.925111787389003,1.0473144778168448,0.038676973124290054,0.005017878776252607,0.007586234509913746,same. last,3.6173992132153345
-6.858410364114881,0.07183607745406162,-0.028216140487305412,-0.009971100557987065,-0.0005820550119137258,month,5.902607162006969
-8.951040481808768,1.0595119818428251,0.04003096915424399,0.005185788722583955,0.007723504492480986,last month,3.5887475607664485
-8.984815956997416,1.0753979616344647,0.04182146042088895,0.005407870592988733,0.007905449524302773,month forecasters,3.5514263498581062
-9.036846713556578,1.0998635540159774,0.044640793638050125,0.005757660917665865,0.00819292199783402,watched,3.4939363623415765
-9.036846713556578,1.0998635540159774,0.044640793638050125,0.005757660917665865,0.00819292199783402,forecasters watched,3.4939363623415765
-9.068042528115193,1.114528246730456,0.046367911160234115,0.005972000602101629,0.008369621111284031,watched with,3.4594691742583006
-9.086314356016064,1.1231161061465211,0.04739268133443336,0.006099198416572693,0.008474678146360402,dread,3.439281905843917
-9.086314356016064,1.1231161061465211,0.04739268133443336,0.006099198416572693,0.008474678146360402,with dread,3.439281905843917
-8.321671085888585,0.763019364850845,0.01140891427113877,0.0016420270842273932,0.004879268800736462,dread hurricane,4.284400111812989
-9.171741393783282,1.1632521699517413,0.052318199647831146,0.006710791538888573,0.008981867925083658,lumbered,3.3449062541850965
-9.171741393783282,1.1632521699517413,0.052318199647831146,0.006710791538888573,0.008981867925083658,melissa lumbered,3.3449062541850965
-9.196155312461478,1.1747176987533532,0.05376811150196141,0.006890894876947749,0.009131877225685661,lumbered across,3.31793708690966
-9.260211676196917,1.2047895553611507,0.05766649680973879,0.007375299232564952,0.009536818970594321,morphed,3.247181235376935
-9.260211676196917,1.2047895553611507,0.05766649680973879,0.007375299232564952,0.009536818970594321,ocean morphed,3.247181235376935
-9.27697981368254,1.212658763897061,0.058710246129722185,0.007505032765290883,0.009645637974248012,morphed into,3.2286605834443596
-9.290947985634562,1.2192130539427424,0.059587298966868166,0.007614059644306748,0.009737208857230346,monster,3.213232937184392
-9.290947985634562,1.2192130539427424,0.059587298966868166,0.007614059644306748,0.009737208857230346,into monster,3.213232937184392
-8.654724682624323,0.9200179484181765,0.025529014765699215,0.0033887932340644755,0.006267441650877658,monster and,3.9162261364571944
-9.315311808152705,1.2306432753140737,0.061133889315570164,0.007806346056525379,0.009898977307185676,and took,3.186324341455064
-5.793739386767405,-0.43166918346004524,-0.05498535565937663,-0.006535964451914325,-0.001271683827724958,aim the,7.08028256798607
-9.34280802836877,1.2435398713702701,0.0629055182987711,0.00802665693917465,0.010084744723730416,islands,3.1559575841557357
-9.34280802836877,1.2435398713702701,0.0629055182987711,0.00802665693917465,0.010084744723730416,the island+s,3.1559575841557357
-5.793739386767405,-0.43166918346004524,-0.05498535565937663,-0.006535964451914325,-0.001271683827724958,island+s the,7.08028256798607
-9.38682016939906,1.2641756253729237,0.06580093226289281,0.00838682128516408,0.010389412262812245,predicted,3.107353936051607
-9.404503706243906,1.272464171523689,0.06698555518608952,0.008534215857621692,0.01051444525751858,predicted the,3.08782676112107
-9.424793583556015,1.2819724097589338,0.06836021620292422,0.00870528316628518,0.010659815316604527,+5379,3.065422375290967
-9.424793583556015,1.2819724097589338,0.06836021620292422,0.00870528316628518,0.010659815316604527,national +5379,3.065422375290967
-9.43202035336289,1.2853585059769552,0.0688538824850073,0.008766723858264902,0.010712093755662844,+5379 char+s,3.0574426945288575
-6.120651570923907,-0.2770267854140269,-0.04893274240581626,-0.005792676628247108,-0.0007363588106099345,Vietnam,6.718651904911988
-4.929049683396992,-0.8407836927675065,-0.06886558633626631,-0.008239043393003964,-0.0024797997571175817,evacuates,8.036842666578481
-9.327657306532537,1.2364341282729387,0.06192585430775634,0.007904824819897719,0.009981959357181058,vietnam evacuates,3.1726898155563648
-9.309860775068204,1.2280861645255494,0.0607859892473271,0.007763088673847776,0.009862555434735333,evacuates hundreds,3.192344628103521
2.825092861048425,-4.510752202963232,-0.1294033011817849,-0.015652152185796547,-0.0074006775769210175,ahead,16.615483003277575
-6.622617946576168,-0.03962592065396198,-0.03856210141598161,-0.004518147229027266,0.00019275282076414678,thousands ahead,6.163399186352448
-9.247026596081675,1.1986010398191462,0.056852664822150414,0.007274155075706048,0.009452088227632374,ahead typhoon,3.2617447119809913
-9.203918242561713,1.1783629374973181,0.0542332206313071,0.00694867602410594,0.009180066527870063,kalmaegi which,3.3093618706304384
-9.188209821798097,1.1709864972799924,0.05329411256453778,0.006832012738678287,0.009082801198027577,which left,3.3267140719327313
-6.951329362821011,0.11579256792802717,-0.030932630374369052,-0.0035796885506372503,0.0008858098831648516,114,5.799813320035709
-9.17454153276018,1.164567314594441,0.052483517000254484,0.006731325102998939,0.008998955470634343,left 114,3.3418129923260538
-9.163202488395378,1.159241513632019,0.05181562255677852,0.0066483705287601995,0.008929946318820655,114 dead,3.3543391046997835
-9.100313918441756,1.129695229474348,0.04818455056118105,0.006197498659434588,0.008555968223441485,philippine+s the,3.423815098512746
-7.87753987438007,0.5534214408433877,-0.004645106658191692,-0.0003406081680344831,0.0033355834760147828,toll the,4.775472133010362
10.32742820511186,-8.065007332844008,-0.1831687777788035,-0.014939804310289658,0.07080354579371265,the philippines,24.917030878845612
-7.815623988896827,0.5241852630340667,-0.006674729222124032,-0.0005910133126468767,0.003143010883785097,philippines from,4.84393938584487
-7.254246779911663,0.2589753070469496,-0.023199858931836,-0.0026277938809861406,0.0015964760519768936,from typhoon,5.4647765574472995
-6.6903289408187225,-0.007608212234103906,-0.03704958292863851,-0.004332156539369389,0.00032950828365906765,rose,6.088502956308799
-7.586529639825642,0.4159811696654665,-0.013804160990669015,-0.0014701762805070023,0.0024711279153519887,kalmaegi rose,5.09728693286788
-7.845957028533753,0.5385087060040492,-0.0056861553908226364,-0.00046905465770453753,0.0032367356364922228,rose 114,4.810396589621936
-7.421325985953185,0.33792984607962184,-0.018605162127230353,-0.0020618357555455703,0.0020226678636915824,114 with,5.27999071784519
-7.209335149706671,0.23774934110038393,-0.02439317647233344,-0.002774738600447634,0.001486265947483468,127,5.514449018357209
-7.209335149706671,0.23774934110038393,-0.02439317647233344,-0.002774738600447634,0.001486265947483468,another 127,5.514449018357209
-7.1331772335396355,0.2017535154465322,-0.026378291931759244,-0.0030191453786043865,0.00130336559633905,127 peopl+e,5.598681092659403
-6.983866526815129,0.1311742241937952,-0.030136246132165687,-0.0034816889272804566,0.000958617645081406,peopl+e still,5.763825201775101
-6.8358874808179815,0.0612149370967936,-0.033696280984146176,-0.003919711244544378,0.0006338300349728902,missing,5.927500809762407
-6.8358874808179815,0.0612149370967936,-0.033696280984146176,-0.003919711244544378,0.0006338300349728902,still missing,5.927500809762407
-7.87753987438007,0.5534214408433877,-0.004645106658191692,-0.0003406081680344831,0.0033355834760147828,missing the,4.775472133010362
-6.42384571441614,-0.1336253634570883,-0.0428392092985634,-0.005043946013811336,-0.0001922474142197015,the disaster,6.3832682636441085
-6.022046552864507,-0.3236685770711727,-0.05081179415493382,-0.006023476115188046,-0.0009031009631627739,agency,6.827727816647268
-6.022046552864507,-0.3236685770711727,-0.05081179415493382,-0.006023476115188046,-0.0009031009631627739,disaster agency,6.827727816647268
-5.59376809389186,-0.5262731936127936,-0.05845150287580131,-0.00696144237241359,-0.0015759318064957851,agency said,7.301495661823807
-4.8748154356673,-0.866446751500745,-0.06964812306421764,-0.00833500134868376,-0.002547091496363194,said thursday,8.096840563738967
-3.8730815444903595,-1.3404971544537232,-0.08260055555079303,-0.00992247108671045,-0.003647919085022463,thursday the,9.205052354553235
-4.010000487924245,-1.2756993255892186,-0.08098247779721872,-0.009724236137302167,-0.0035117519665712788,that devastated,9.05357792439524
-6.405978833101475,-0.14207518359218296,-0.043212252288935625,-0.005089795225070488,-0.0002257061220950398,devastated the,6.403031725171941
-6.21661624512824,-0.23163601321239113,-0.04705703875758524,-0.005562248629623658,-0.0005694221387969002,country central,6.612497703330628
-6.3512075580990315,-0.16797881750406862,-0.04434456278079803,-0.005228953040229857,-0.0003271460383960185,regions,6.4636172589979415
-8.267312251839886,0.7373786598647243,0.009288696523158654,0.0013799820678727318,0.004673302468379586,central region+s,4.34449844737353
-8.402718318658332,0.8012409950401549,0.01466043339885377,0.002044015440426837,0.00519638348426223,regained,4.194798990688499
-8.402718318658332,0.8012409950401549,0.01466043339885377,0.002044015440426837,0.00519638348426223,region+s regained,4.194798990688499
-8.525110726681396,0.8589415044672255,0.019788518594401464,0.002678307844301186,0.005699605412606045,regained strength,4.059497754754785
-8.682635079537773,0.9331655838726289,0.026809835596675297,0.0035473814762933785,0.006394792940347737,strength headed,3.885376673775027
-8.742240169530103,0.9612380519674757,0.02960117240087605,0.003893080495525362,0.0066731671577248425,headed towards,3.819497394604099
-9.341162815412492,1.2427683115421146,0.06279872037512808,0.008013374704140366,0.010073532266859062,towards vietnam,3.157774510216247
-8.267312251839886,0.7373786598647243,0.009288696523158654,0.0013799820678727318,0.004673302468379586,re…,4.34449844737353
-8.267312251839886,0.7373786598647243,0.009288696523158654,0.0013799820678727318,0.004673302468379586,central re…,4.34449844737353
-8.355412376556545,0.7789328267020486,0.012749164745761238,0.0018077055780859833,0.0050097974516464736,+2940,4.247097170287823
-8.355412376556545,0.7789328267020486,0.012749164745761238,0.0018077055780859833,0.0050097974516464736,re… +2940,4.247097170287823
-8.446500262633714,0.8218842900894612,0.016463828933612534,0.0022670349098472455,0.005372919596871627,+2940 chars,4.1463980731189665
-6.864268850326395,0.07463333050977772,-0.03302562026090929,-0.0038372058114993293,0.0006948813155144094,deadly typhoon,5.896108632227242
-9.028637299042119,1.096003919753724,0.0441909257140717,0.005701838517383553,0.008146970817022805,kalmaegi makes,3.5030068904525873
-8.945981539551854,1.0571322760139357,0.03976540669039373,0.00515285399919866,0.007696559738992586,land+fall vietnam,3.5943377133776657
-8.90316123868857,1.0369869569751067,0.03754433499932469,0.004877440448698651,0.007471616900796568,vietnam philippine+s,3.6416555868890996
-8.829780634835116,1.0024529780194922,0.0338456024122412,0.0044189582402232655,0.007098654996985103,philippine+s president,3.722748624046855
-8.758008623433497,0.9686632975898872,0.030352730640280656,0.003986178145730315,0.006748314222181626,Ferdinand,3.802069689541356
-8.758008623433497,0.9686632975898872,0.030352730640280656,0.003986178145730315,0.006748314222181626,president ferdinand,3.802069689541356
-8.645069051628365,0.9154691442386595,0.025089713118608206,0.003334405378413065,0.006223817382753032,Marcos,3.926898704242373
-8.645069051628365,0.9154691442386595,0.025089713118608206,0.003334405378413065,0.006223817382753032,ferdinand marcos,3.926898704242373
-7.4218357626268086,0.3347909468305419,-0.05759074665115105,0.001991955502195346,0.0984199583177876,state,5.280793181153729
-8.371601890437951,0.7865677276745899,0.01339897637384535,0.0018880427477311439,0.005073175997210811,approved state,4.229198993709713
-8.207818865380005,0.7093115013457318,0.0070215258296640465,0.0010998436256783786,0.004453769496389657,emergency,4.410275506016466
-8.207818865380005,0.7093115013457318,0.0070215258296640465,0.0010998436256783786,0.004453769496389657,state emergency,4.410275506016466
-7.959303585747498,0.5920241621678883,-0.0018926522020663167,-9.353542903475787e-07,0.0035976624220494836,declaration,4.685059407645326
-7.959303585747498,0.5920241621678883,-0.0018926522020663167,-9.353542903475787e-07,0.0035976624220494836,emergency declaration,4.685059407645326
-7.296710314753467,0.2790432714199538,-0.02205567658292673,-0.0024868827519326647,0.0017023335702868536,declaration thursday,5.417812156168164
-4.62789131451796,-0.98329193337451,-0.07309666425413353,-0.008757806695367971,-0.0028425826594598133,response,8.370007774532509
-6.21661624512824,-0.23163601321239113,-0.04705703875758524,-0.005562248629623658,-0.0005694221387969002,storm response,6.612497703330628
-7.227468340110483,0.24631950879148423,-0.023913428443457965,-0.002715664748564846,0.0015305498648160512,response continued,5.494393571369673
-8.248090955308372,0.7283111444103216,0.008550221010689682,0.0012887259963630503,0.004601714604015509,kalmaegi made,4.365749663832237
-6.7393769491910875,0.015583572471737916,-0.035935455130035286,-0.004195137460054328,0.00043044576306106724,central coast,6.034250611248436
-8.725937843076332,0.9535608324539615,0.02883000246245916,0.0037975620250276683,0.0065961455709105145,coast vietnam,3.8375154077705504
-8.809391287819267,0.9928550732078512,0.03284109765842695,0.004294478002285922,0.006997716657085328,vietnam thursday,3.74528199188313
-8.867991664202805,1.020437356147013,0.03575504139752403,0.004655620584160691,0.007290939126539844,evening,3.680520782276677
-8.867991664202805,1.020437356147013,0.03575504139752403,0.004655620584160691,0.007290939126539844,thursday evening,3.680520782276677
-8.867991664202805,1.020437356147013,0.03575504139752403,0.004655620584160691,0.007290939126539844,evening local,3.680520782276677
-8.829780634835116,1.0024529780194922,0.0338456024122412,0.0044189582402232655,0.007098654996985103,local weather,3.722748624046855
-8.773272027494844,0.9758501866407363,0.031085568432056856,0.004076964761885956,0.006821669623294531,weather officials,3.785200416822074
-8.691604165820143,0.9373902748523486,0.027224937632711194,0.0035987835235823315,0.006436117831369943,officials said,3.8754632622768623
-8.63522783684793,0.910832720596862,0.02464395370342605,0.003279220856767618,0.00617958064277333,said after,3.937776486839166
-8.57192088154152,0.8810028954408258,0.021823389068044666,0.0029301042092751504,0.005900341828097674,after leaving,4.007753513760533
-7.035018348320207,0.15535487016189897,-0.02886821271648879,-0.003325634044107356,0.0010747261616829464,leaving trail,5.7072485465264435
-8.512752998369127,0.8531167242487119,0.01925829517318954,0.002612707293243692,0.005647398330552507,destruction the,4.073158355139917
-6.781585203013333,0.03554057516761322,-0.034963935480850465,-0.004075644605969792,0.0005186036344663669,chur…,5.987564083629794
-6.781585203013333,0.03554057516761322,-0.034963935480850465,-0.004075644605969792,0.0005186036344663669,storm chur…,5.987564083629794
-7.361150124567889,0.30949514626783303,-0.02028899180398043,-0.0022692750398402815,0.0018661403434058485,+2345,5.346543014426315
-7.361150124567889,0.30949514626783303,-0.02028899180398043,-0.0022692750398402815,0.0018661403434058485,chur… +2345,5.346543014426315
-7.6721533272054065,0.4564270764124094,-0.01120681862961298,-0.0011499635050530406,0.002715082014899218,+2345 char+s,5.002596471135705
-1.7899499923555666,-2.326425512631096,-0.1027694789816591,-0.012391931481821213,-0.005311358906879611,Aurora,11.509675631576368
-4.797303482694297,-0.9031250476117951,-0.07075053628877977,-0.008470173949879057,-0.0026417400151922668,Borealis,8.18259019981645
-4.897185091759406,-0.8558616382554454,-0.06932648419978105,-0.008295561348132318,-0.0025194438796730945,aurora boreali+s,8.072093594877712
-8.802388458552581,0.9895583921317925,0.03249836149862921,0.004252008833870453,0.0069633107765104205,Alert,3.7530212991618424
-8.802388458552581,0.9895583921317925,0.03249836149862921,0.004252008833870453,0.0069633107765104205,boreali+s alert,3.7530212991618424
-8.725937843076332,0.9535608324539615,0.02883000246245916,0.0037975620250276683,0.0065961455709105145,alert state+s,3.8375154077705504
-8.664200556269979,0.9244818865712732,0.025962028092991904,0.00344240528404699,0.006310469067795121,state+s could,3.9057523395496063
-8.604528282979166,0.8963682398365937,0.023266130058176918,0.0031086658706797124,0.006043029971904116,Marvel,3.971710144835312
-8.604528282979166,0.8963682398365937,0.023266130058176918,0.0031086658706797124,0.006043029971904116,could marvel,3.971710144835312
-8.487179789289799,0.8410620343968025,0.01817010906768536,0.002478086725618797,0.005540380231575085,marvel the,4.101428113727852
-6.886305065135671,0.08505158887187214,-0.032500990453460124,-0.003772661446145616,0.000742682594181805,Dazzling,5.871734828988948
-8.432270270058904,0.8151751439227377,0.015873984845007294,0.002194085960790449,0.005315127708532806,the dazzling,4.16212917431229
-3.986672849077671,-1.2867392240456668,-0.0812612605752083,-0.009758392058026378,-0.003535240444639395,dazzling northern,9.07938542756204
-7.897035202069215,0.5626262554438695,-0.003996412510400185,-0.000260563771099339,0.0033972540139853326,lights tonight,4.753914316768245
-6.310486925695284,-0.18723783069191002,-0.045175574386953174,-0.0053310726142166975,-0.0004014801334430874,tonight strong,6.50866084325302
-6.6641463357447,-0.019988693815967906,-0.03763791766871212,-0.004404505866058367,0.00027627588132775327,strong magnetic,6.117463876386458
-4.185821585348812,-1.1924922340155728,-0.0788389811189619,-0.009461597618930855,-0.003330768221219657,magnetic storm,8.85906650496498
-6.6641463357447,-0.019988693815967906,-0.03763791766871212,-0.004404505866058367,0.00027627588132775327,pushing,6.117463876386458
-6.6641463357447,-0.019988693815967906,-0.03763791766871212,-0.004404505866058367,0.00027627588132775327,storm pushing,6.117463876386458
-8.487179789289799,0.8410620343968025,0.01817010906768536,0.002478086725618797,0.005540380231575085,pushing the,4.101428113727852
2.5856982076883526,-4.3974486487530084,-0.12841001501609933,-0.01553045488357337,-0.007325336724383407,aurora,16.350631735715485
-4.348790434904032,-1.1153690747130902,-0.07678293715533419,-0.009209637857782987,-0.003156529283079083,the aurora,8.678774397383046
-7.86382374827365,0.5469450947319627,-0.005098710215350313,-0.0003965763818133171,0.003292495024643065,aurora further,4.790639438079116
-8.094771942514079,0.6559673446619048,0.002859455410995332,0.0005857499616867545,0.0040526511186454815,further south,4.535267859021197
-8.228270571769649,0.7189605066759761,0.007794745770927924,0.0011953770227270937,0.004528559151204295,south than,4.3876634642011485
-8.402718318658332,0.8012409950401549,0.01466043339885377,0.002044015440426837,0.00519638348426223,than been,4.194798990688499
-8.473941587459016,0.8348213838031071,0.017611541070879463,0.0024089922524462137,0.005485514071083058,been since,4.116062402642489
-8.54902083455344,0.8702107074487773,0.020822637280872164,0.00280626307162659,0.005801544376907095,since june,4.033067150925621
-8.604528282979166,0.8963682398365937,0.023266130058176918,0.0031086658706797124,0.006043029971904116,june 2025,3.971710144835312
-8.664200556269979,0.9244818865712732,0.025962028092991904,0.00344240528404699,0.006310469067795121,Remember,3.9057523395496063
-8.742240169530103,0.9612380519674757,0.02960117240087605,0.003893080495525362,0.0066731671577248425,rememb+er that,3.819497394604099
-1.9616947844164265,-2.2451372378672083,-0.10136995018513698,-0.012220643502257607,-0.005198025562206991,dazzling,11.319668073790837
-8.780722751021734,0.9793582230579299,0.03144522961759946,0.004121523765077092,0.006857699879821886,that dazzling,3.7769658860956294
-8.842882685087389,1.0086199898658852,0.03449633124979981,0.004499605759298218,0.0071641237864190545,dazzling night,3.708269079733725
-8.897493542062538,1.0343201511735964,0.0372538829076529,0.004841429704078136,0.00744225540870703,May,3.647918747776874
-8.897493542062538,1.0343201511735964,0.0372538829076529,0.004841429704078136,0.00744225540870703,night may,3.647918747776874
-5.812820607034767,-0.42264244418941654,-0.05464562840327239,-0.006494255132762435,-0.0012417726005000814,2024,7.059174629362107
-8.919729090693295,1.0447820914103594,0.038398082890379645,0.004983296791050366,0.0075579943375457,may 2024,3.6233472888498337
-8.951040481808768,1.0595119818428251,0.04003096915424399,0.005185788722583955,0.007723504492480986,2024 when,3.5887475607664485
-6.05264907562194,-0.30919285736281177,-0.05023373741379572,-0.0059524789902874395,-0.0008518582647281756,when the,6.793875497733702
-5.848814610257039,-0.4056149659812074,-0.054000373885913916,-0.00641503186301036,-0.0011849166398468763,borealis,7.019357596046351
-9.060478729667155,1.11097290174186,0.04594656537737328,0.005919706380148149,0.008326472040766811,boreali+s leid,3.4678260293487537
-9.086314356016064,1.1231161061465211,0.04739268133443336,0.006099198416572693,0.008474678146360402,leid state+s,3.439281905843917
-8.742240169530103,0.9612380519674757,0.02960117240087605,0.003893080495525362,0.0066731671577248425,state+s that,3.819497394604099
-9.126806103087869,1.1421434668374226,0.049699256566171815,0.006385556084751906,0.00871172833075419,almost,3.394547170905535
-9.126806103087869,1.1421434668374226,0.049699256566171815,0.006385556084751906,0.00871172833075419,that almost,3.394547170905535
-9.148489639903458,1.1523303818329633,0.05095510144080828,0.006541501132294021,0.008841135342560136,never,3.370592530694408
-9.148489639903458,1.1523303818329633,0.05095510144080828,0.006541501132294021,0.008841135342560136,almost never,3.370592530694408
-9.166072190532063,1.16058941988703,0.051984265562073806,0.006669315874979901,0.008947364622537994,never see,3.351168957776741
-9.17731911174714,1.1658718347499233,0.05264775170173748,0.006751724606933147,0.009015935274802822,see its,3.3387446648349477
-0.24916495458524857,-3.055697275857561,-0.11374357447303468,-0.013734922332150342,-0.006188445308559899,colorful,13.214307872308702
-9.188209821798097,1.1709864972799924,0.05329411256453778,0.006832012738678287,0.009082801198027577,its colorful,3.3267140719327313
-9.211505555536096,1.181925487607315,0.05468973272880137,0.007005392368589505,0.00922739758776859,glow,3.3009807470360704
-9.211505555536096,1.181925487607315,0.05468973272880137,0.007005392368589505,0.00922739758776859,colorful glow,3.3009807470360704
-7.6557107714841335,0.44866055795524673,-0.011711629402589269,-0.0012122059035877429,0.0026675942971867324,Some,5.020779952596632
-9.25148230673042,1.2006924405645045,0.057127014979987956,0.0073082505511649545,0.009480640231688481,some have,3.256823156382299
-9.272870904403888,1.2107305810858382,0.058453568648977175,0.007473127305252786,0.009618861614424839,chasing,3.233198885112815
-9.272870904403888,1.2107305810858382,0.058453568648977175,0.007473127305252786,0.009618861614424839,been chasing,3.233198885112815
-9.28899074125639,1.2182947058395754,0.059463985419581325,0.007598729757227344,0.009724326746913266,chasing that,3.215394663279457
-9.29865451160548,1.2228288305219845,0.060074176025495404,0.007674588708304031,0.00978809430778408,that natural,3.2047213488426363
-9.313505758801673,1.2297960618532482,0.061018501698867814,0.007791998722058593,0.009886895205287002,marvel,3.18831899077625
-9.313505758801673,1.2297960618532482,0.061018501698867814,0.007791998722058593,0.009886895205287002,natural marvel,3.18831899077625
-9.32592473656362,1.2356214800715533,0.06181436982453327,0.007890961428928167,0.009970272069175074,marvel ever,3.1746032695731063
-9.334487690450194,1.239637732908781,0.06236645227902944,0.007959616234688742,0.010028167797382612,ever since,3.1651463836958587
-9.35720893589805,1.2502929654774146,0.06384471650177577,0.00814347070811196,0.010183426187632315,now the,3.1400538726558618
-2.1797220562413937,-2.1417034057546624,-0.06236492054663838,0.033871725897929326,-0.02808282385515985,sun,11.07842058276695
-9.375347019451402,1.258797159925573,0.06503893877061566,0.008292023225485884,0.010309103816191701,+2212,3.1200236107444823
-9.375347019451402,1.258797159925573,0.06503893877061566,0.008292023225485884,0.010309103816191701,sun +2212,3.1200236107444823
-9.383995902092654,1.2628517046626413,0.065612879203524,0.008363425142880307,0.010369584333411883,+2212 char+s,3.110472717318055
-8.006089829288126,0.6080189177732787,0.09192827413852224,-0.11498526802760238,-0.020228181180451263,Officials,4.636056538171825
-4.780319588940583,-0.9600389823948721,0.21820372076119438,-0.38391567335663823,-0.08234599303141688,issue,8.222668737654088
-7.610371328003989,0.4114091510754463,0.14377251528503499,-0.19952953611489996,-0.038963564709007095,officials issue,5.077905329371991
-7.128843929940309,0.1520042219766693,0.24477840463090483,-0.35309269727236337,-0.07288080941477426,issue warnings,5.624237233149308
-6.6641463357447,-0.019988693815967906,-0.03763791766871212,-0.004404505866058367,0.00027627588132775327,warnings powerful,6.117463876386458
-7.296710314753467,0.2790432714199538,-0.02205567658292673,-0.0024868827519326647,0.0017023335702868536,set make,5.417812156168164
-7.959303585747498,0.5920241621678883,-0.0018926522020663167,-9.353542903475787e-07,0.0035976624220494836,'Not,4.685059407645326
-7.959303585747498,0.5920241621678883,-0.0018926522020663167,-9.353542903475787e-07,0.0035976624220494836,land+fall 'not,4.685059407645326
-8.094771942514079,0.6559673446619048,0.002859455410995332,0.0005857499616867545,0.0040526511186454815,encountering,4.535267859021197
-8.094771942514079,0.6559673446619048,0.002859455410995332,0.0005857499616867545,0.0040526511186454815,'not encountering,4.535267859021197
-8.304075367882625,0.7547200257877618,0.01071740471192531,0.0015565541617925446,0.004812022295796227,anything,4.303853480771124
-8.304075367882625,0.7547200257877618,0.01071740471192531,0.0015565541617925446,0.004812022295796227,encountering anything,4.303853480771124
-8.043675002526344,0.6318510828620825,0.001037930987456026,0.00036083211800063547,0.003877873512603769,weaken,4.591766287283786
-8.043675002526344,0.6318510828620825,0.001037930987456026,0.00036083211800063547,0.003877873512603769,anything weaken,4.591766287283786
-5.266700803707645,-0.681017759476453,-0.06377480046787963,-0.007614642932216371,-0.002039887186661363,Forecasters,7.663311656242858
-7.6721533272054065,0.4564270764124094,-0.01120681862961298,-0.0011499635050530406,0.002715082014899218,weaken forecasters,5.002596471135705
-6.887567039519165,0.08564821796698885,-0.03247084158169641,-0.0037689521766836034,0.0007454307455921419,forecasters expect,5.870338987814699
-6.5329792021896695,-0.08201462831280049,-0.04052030629251879,-0.004758902478622165,1.617154585360943e-05,storm maximum,6.2625511182941676
-8.06969543604385,0.644132326018386,0.0019610104426007607,0.00047480629846994096,0.0039663855994012814,wind+s increase,4.562995055625408
-8.321671085888585,0.763019364850845,0.01140891427113877,0.0016420270842273932,0.004879268800736462,increase near,4.284400111812989
-8.402718318658332,0.8012409950401549,0.01466043339885377,0.002044015440426837,0.00519638348426223,132,4.194798990688499
-8.402718318658332,0.8012409950401549,0.01466043339885377,0.002044015440426837,0.00519638348426223,near 132,4.194798990688499
-8.46038609530353,0.8284308589064298,0.017042894792876018,0.0023386556387175756,0.005429704198076386,132 mph,4.1310475776448605
-8.525110726681396,0.8589415044672255,0.019788518594401464,0.002678307844301186,0.005699605412606045,Another,4.059497754754785
-8.61496398609183,0.9012853561910388,0.023732349381636833,0.0031663741463134713,0.0060892041602225305,another tropical,3.960174981039146
-7.47190580129622,0.32914290887252307,0.14385695885864686,0.3038877214304585,-0.11706707582623524,cyclone,5.238330884891129
-8.70041439359228,0.9415399755383347,0.02763436765522463,0.0036494856473441688,0.006476902794247846,tropical cyclone,3.86572550816521
-8.765701741502747,0.9722857263659106,0.030721436223639875,0.004031853758607502,0.006785210914718535,cyclone has,3.7935671460019136
-8.82308479959367,0.9993011491889134,0.033514635031240886,0.004377942466608206,0.007065380997442675,the potential,3.7301485034834934
-8.90316123868857,1.0369869569751067,0.03754433499932469,0.004877440448698651,0.007471616900796568,potential become,3.6416555868890996
-3.9310832246495213,-1.31304734804431,-0.08192043312359426,-0.009839150076088507,-0.00359073201007741,super,9.140884611842171
-8.951040481808768,1.0595119818428251,0.04003096915424399,0.005185788722583955,0.007723504492480986,become super,3.5887475607664485
-2.21956793221225,-2.12308421408427,-0.09919172844227307,-0.01195403692737911,-0.005020992884887039,typhoon,11.034373940318872
1.2033803319545093,-3.7450376099403977,-0.14585328667458394,-0.012475409146572886,0.04977584897711023,super typhoon,14.82205684674014
-9.015991156300469,1.0900579629623517,0.043501652616997635,0.005616315124738463,0.008076625288021106,typhoon before,3.516979711557902
-9.044886247427108,1.1036431155589272,0.04508321185690198,0.005812561874522702,0.008238142126516227,striking,3.4850536250123993
-9.044886247427108,1.1036431155589272,0.04508321185690198,0.005812561874522702,0.008238142126516227,before striking,3.4850536250123993
-8.560592577594416,0.8756642832584296,0.021327059483098987,0.002868682576655183,0.005851324399480783,striking the,4.020275730747688
-9.123598382714555,1.140636341011805,0.04951471239075146,0.0063626422533544155,0.00869273254688157,northern philippines,3.3980909258727623
-4.457278882815154,-1.0640291067652208,-0.07537554208571333,-0.00903714605649391,-0.0030369012116926476,philippines the,8.55875433394935
-9.180074434699677,1.1671658737657928,0.052810916337788116,0.00677199160597711,0.00903280855857521,the end,3.3357009356756278
-9.198762889640452,1.1759421643798176,0.05392412088326838,0.006910275768370278,0.009148037416870097,end this,3.3150566504329904
-9.211505555536096,1.181925487607315,0.05468973272880137,0.007005392368589505,0.00922739758776859,this weekend,3.3009807470360704
-7.649204274384677,0.44558720621356374,-0.011910586566080225,-0.0012367361001755159,0.0026488880927332467,this comes,5.027975378527893
-9.258051655398605,1.2037757824947568,0.0575327595405927,0.007358677481084215,0.009522888072047297,comes just,3.249567047620763
-9.268707404877668,1.2087767082625664,0.05819408805279723,0.007440874446117029,0.009591803269303761,just after,3.237797514053559
-9.281035324837223,1.2145618185462785,0.05896417377114675,0.007536597416063188,0.009672137578884334,after the,3.2241812912666035
-9.304309390570614,1.2254818432533259,0.06043279951865395,0.0077191755011761076,0.009825599169568836,central area,3.1984758058339384
-7.465539991040858,0.35882072941914833,-0.017346366673258687,-0.0019067347738110415,0.002139941673567033,area the,5.231092295970238
-9.346070793722792,1.2450699819409032,0.06311762051253551,0.008053036175428343,0.010107018144315812,sla…,3.1523542959917363
-9.346070793722792,1.2450699819409032,0.06311762051253551,0.008053036175428343,0.010107018144315812,country sla…,3.1523542959917363
-9.355643927440545,1.249559124750366,0.06374226788324476,0.008130727885234017,0.010172655170969162,+2835,3.1417821764276965
-9.355643927440545,1.249559124750366,0.06374226788324476,0.008130727885234017,0.010172655170969162,sla… +2835,3.1417821764276965
-9.3649079227705,1.2539028924906837,0.06435007350218454,0.00820633070725208,0.010236581508394058,+2835 char+s,3.1315516367707112
-7.359140482721301,0.2759752080988864,0.20502526618617867,-0.2905030009069264,-0.058917898707675734,Scientists,5.362998420298765
-7.015965182209316,0.08078883893374744,0.28484482864260935,-0.41238096626963017,-0.0860399548743977,scientist+s issue,5.756777992367323
-8.685710675069643,0.8522370286071737,0.35785148115795806,-0.4266701128932861,-0.08528951844700033,dire,3.917646513005606
-8.685710675069643,0.8522370286071737,0.35785148115795806,-0.4266701128932861,-0.08528951844700033,issue dire,3.917646513005606
0.14527071590097584,-3.4739057839432457,0.4464591749879758,-0.7971238570974661,-0.17839682193903222,warning,13.75041691762813
-8.445435580117344,0.6644010504790305,0.46141972788829133,-0.5918569265537578,-0.12304270642717444,dire warning,4.215290254740751
-8.738566546921106,0.9129374036085101,0.28072406532712446,-0.3177520535004349,-0.061300416541596014,iconic,3.8438116899458743
-8.738566546921106,0.9129374036085101,0.28072406532712446,-0.3177520535004349,-0.061300416541596014,warning iconic,3.8438116899458743
-8.77969577082211,0.9502697014136205,0.22754552803818606,-0.24442172360568795,-0.04536658889513112,American,3.790599452424417
-8.77969577082211,0.9502697014136205,0.22754552803818606,-0.24442172360568795,-0.04536658889513112,iconic american,3.790599452424417
-8.794864508608947,0.9695366987917493,0.17855052075898842,-0.1797707257342463,-0.03154403415622886,american city,3.7685834152245845
-8.793083918318402,0.9729499082569855,0.15635603827434913,-0.15145362418800565,-0.02556293745035638,sinks,3.76870341796487
-8.793083918318402,0.9729499082569855,0.15635603827434913,-0.15145362418800565,-0.02556293745035638,city sinks,3.76870341796487
-8.784238035409867,0.9725558857161987,0.1325931372425045,-0.1218388278398281,-0.019359868450494082,sinks into,3.776835723477945
-6.798519818671702,0.04211548608318472,0.015200261322232303,-0.06594539013523217,-0.012291210180803248,into the,5.9695135551936644
-8.75979231844605,0.9649314705658165,0.10072767193857564,-0.08330349923535811,-0.011374265414346246,sea,3.8021498208913473
-8.75979231844605,0.9649314705658165,0.10072767193857564,-0.08330349923535811,-0.011374265414346246,the sea,3.8021498208913473
-8.741009527380184,0.9576085658985332,0.08425860061314032,-0.06392267550864965,-0.0073970789056102045,'Human,3.8222370102247423
-8.741009527380184,0.9576085658985332,0.08425860061314032,-0.06392267550864965,-0.0073970789056102045,sea 'human,3.8222370102247423
-8.708608235686674,0.943917155138291,0.06203220711537384,-0.03833920891523949,-0.002188922741725176,intervention,3.8573497010443454
-8.708608235686674,0.943917155138291,0.06203220711537384,-0.03833920891523949,-0.002188922741725176,'human intervention,3.8573497010443454
-8.625194942290312,0.906105796601643,0.024191560266480408,0.00322321797224155,0.006134715195925233,intervention has,3.9488662263398218
-8.583014263157283,0.8862305695907549,0.02231186176483739,0.002990556975718867,0.005948618247872232,has made,3.9954910802201624
-8.487179789289799,0.8410620343968025,0.01817010906768536,0.002478086725618797,0.005540380231575085,made worse,4.101428113727852
-8.387364309810454,0.7940008389883226,0.014035910757773606,0.0019667936269970147,0.005135357330599917,worse new,4.211773155962554
-7.43787148513474,0.34574765010843844,-0.018136276635004882,-0.0020040649696859087,0.002066325163790239,Orleans,5.261692178855976
-7.43787148513474,0.34574765010843844,-0.018136276635004882,-0.0020040649696859087,0.002066325163790239,new orleans,5.261692178855976
-8.06969543604385,0.644132326018386,0.0019610104426007607,0.00047480629846994096,0.0039663855994012814,orleans already,4.562995055625408
-7.829083933714435,0.5305412296113183,-0.006237411153170121,-0.0005370637398305145,0.0031844552724164775,already vulnerable,4.829055102262284
-7.071893619035383,0.1727859371464664,-0.027941683548418333,-0.0032115949693514046,0.0011597053269602631,vulnerable flooding,5.6664628553489305
-4.185821585348812,-1.1924922340155728,-0.0788389811189619,-0.009461597618930855,-0.003330768221219657,and storm,8.85906650496498
-8.06969543604385,0.644132326018386,0.0019610104426007607,0.00047480629846994096,0.0039663855994012814,country most,4.562995055625408
-8.186701100407248,0.6993477003992188,0.006229766768711134,0.001002028218151237,0.004377274700060559,unique,4.433624212255541
-8.186701100407248,0.6993477003992188,0.006229766768711134,0.001002028218151237,0.004377274700060559,most unique,4.433624212255541
-8.321671085888585,0.763019364850845,0.01140891427113877,0.0016420270842273932,0.004879268800736462,cities,4.284400111812989
-8.321671085888585,0.763019364850845,0.01140891427113877,0.0016420270842273932,0.004879268800736462,unique city+es,4.284400111812989
-8.446500262633714,0.8218842900894612,0.016463828933612534,0.0022670349098472455,0.005372919596871627,city+es known,4.1463980731189665
-8.525110726681396,0.8589415044672255,0.019788518594401464,0.002678307844301186,0.005699605412606045,known for,4.059497754754785
-8.61496398609183,0.9012853561910388,0.023732349381636833,0.0031663741463134713,0.0060892041602225305,cuisine,3.960174981039146
-8.61496398609183,0.9012853561910388,0.023732349381636833,0.0031663741463134713,0.0060892041602225305,its cuisine,3.960174981039146
-8.691604165820143,0.9373902748523486,0.027224937632711194,0.0035987835235823315,0.006436117831369943,cuisine and,3.8754632622768623
-8.725937843076332,0.9535608324539615,0.02883000246245916,0.0037975620250276683,0.0065961455709105145,and colorful,3.8375154077705504
-8.795277988706722,0.986210919076387,0.03215153183617929,0.0042090341803542285,0.006928511658626027,culture,3.7608796204660413
-8.795277988706722,0.986210919076387,0.03215153183617929,0.0042090341803542285,0.006928511658626027,colorful culture,3.7608796204660413
-8.874053097310616,1.0232898882580428,0.03606122087704844,0.004693574498773039,0.007321822418521426,culture not,3.6738223113436232
-8.897493542062538,1.0343201511735964,0.0372538829076529,0.004841429704078136,0.00744225540870703,not only,3.647918747776874
-8.925111787389003,1.0473144778168448,0.038676973124290054,0.005017878776252607,0.007586234509913746,sinking,3.6173992132153345
-8.925111787389003,1.0473144778168448,0.038676973124290054,0.005017878776252607,0.007586234509913746,only sinking,3.6173992132153345
-8.970680012606138,1.0687496509019228,0.041068363385155876,0.005314455104787452,0.007828863050288836,sinking but,3.5670461021166773
-9.036846713556578,1.0998635540159774,0.044640793638050125,0.005757660917665865,0.00819292199783402,but being,3.4939363623415765
-9.060478729667155,1.11097290174186,0.04594656537737328,0.005919706380148149,0.008326472040766811,engulfed,3.4678260293487537
-9.060478729667155,1.11097290174186,0.04594656537737328,0.005919706380148149,0.008326472040766811,being engulfed,3.4678260293487537
-9.103732468924045,1.1313016843124895,0.04837881037449908,0.00622161493041125,0.008575924748125206,rising,3.4200383062972985
-9.103732468924045,1.1313016843124895,0.04837881037449908,0.00622161493041125,0.008575924748125206,engulfed rising,3.4200383062972985
-2.2802582410832954,-2.0943592114167098,-0.09866514117856773,-0.011889581551309855,-0.004978078949844799,seas,10.967230192312819
-9.126806103087869,1.1421434668374226,0.049699256566171815,0.006385556084751906,0.00871172833075419,rising seas,3.394547170905535
-9.168918384989237,1.1619262547026645,0.05215178684273107,0.006690122332633993,0.008964671396586603,happening,3.3480247929407243
-9.168918384989237,1.1619262547026645,0.05215178684273107,0.006690122332633993,0.008964671396586603,what happening,3.3480247929407243
-9.23092876826939,1.191044446284586,0.05586714932795145,0.007151687490448045,0.00934962059843597,rightfully,3.2795258667020324
-9.23092876826939,1.191044446284586,0.05586714932795145,0.007151687490448045,0.00934962059843597,orleans rightfully,3.2795258667020324
-9.255876867654052,1.2027550595220693,0.057398271838081355,0.0073419627385263725,0.009508881808277506,boas…,3.2519691790736425
-9.255876867654052,1.2027550595220693,0.057398271838081355,0.0073419627385263725,0.009508881808277506,rightfully boas…,3.2519691790736425
-9.27079605438685,1.209756891728867,0.0583241821283544,0.0074570447196347645,0.00960536802252447,+3128,3.2354905747014877
-9.27079605438685,1.209756891728867,0.0583241821283544,0.0074570447196347645,0.00960536802252447,boas… +3128,3.2354905747014877
-9.283043418696007,1.2155040936893746,0.059090122651745805,0.007552253947994624,0.00968528519394332,+3128 char+s,3.221963372942582
-8.228270571769649,0.7189605066759761,0.007794745770927924,0.0011953770227270937,0.004528559151204295,halts,4.3876634642011485
-8.228270571769649,0.7189605066759761,0.007794745770927924,0.0011953770227270937,0.004528559151204295,philippine+s halt+s,4.3876634642011485
-8.094771942514079,0.6559673446619048,0.002859455410995332,0.0005857499616867545,0.0040526511186454815,search,4.535267859021197
-8.094771942514079,0.6559673446619048,0.002859455410995332,0.0005857499616867545,0.0040526511186454815,halt+s search,4.535267859021197
-7.897035202069215,0.5626262554438695,-0.003996412510400185,-0.000260563771099339,0.0033972540139853326,search for,4.753914316768245
-7.754513288962295,0.49532601792614317,-0.008633632877620485,-0.0008326415147645863,0.0029576951175699553,for typhoon,4.911517740692276
-7.361150124567889,0.30949514626783303,-0.02028899180398043,-0.0022692750398402815,0.0018661403434058485,typhoon dead,5.346543014426315
-6.6641463357447,-0.019988693815967906,-0.03763791766871212,-0.004404505866058367,0.00027627588132775327,huge,6.117463876386458
-6.6641463357447,-0.019988693815967906,-0.03763791766871212,-0.004404505866058367,0.00027627588132775327,dead huge,6.117463876386458
-5.793739386767405,-0.43166918346004524,-0.05498535565937663,-0.006535964451914325,-0.001271683827724958,huge new,7.08028256798607
-4.185821585348812,-1.1924922340155728,-0.0788389811189619,-0.009461597618930855,-0.003330768221219657,new storm,8.85906650496498
-6.21661624512824,-0.23163601321239113,-0.04705703875758524,-0.005562248629623658,-0.0005694221387969002,storm nears,6.612497703330628
-3.551844345341504,-1.4925282075427626,-0.08623175454786514,-0.010367264118305158,-0.00395206491600307,Rescue,9.56044117710018
-6.983866526815129,0.1311742241937952,-0.030136246132165687,-0.0034816889272804566,0.000958617645081406,nears rescue,5.763825201775101
-4.185023152188906,-1.1928700874512534,-0.0788488873710607,-0.009462811501640044,-0.0033316062125951446,work,8.859949811988837
-5.087739006032692,-0.7656953182590582,-0.06652116914728874,-0.007951525396174119,-0.0022776717292515365,rescue work,7.861289747110516
-5.793739386767405,-0.43166918346004524,-0.05498535565937663,-0.006535964451914325,-0.001271683827724958,suspended,7.08028256798607
-5.793739386767405,-0.43166918346004524,-0.05498535565937663,-0.006535964451914325,-0.001271683827724958,work suspended,7.08028256798607
-6.303746273047001,-0.1904258953608644,-0.04531225784029513,-0.005347868314679715,-0.00041369728336862824,suspended and,6.516117111265579
-6.461355771544494,-0.11588594882958958,-0.042050060515071236,-0.004946949565194951,-0.00012140392309669193,preemptive,6.341776628030035
-6.461355771544494,-0.11588594882958958,-0.042050060515071236,-0.004946949565194951,-0.00012140392309669193,and preemptive,6.341776628030035
-6.809078140150983,0.04853949801071167,-0.03432465527841988,-0.003997009594789468,0.0005766846751648833,evacuations,5.957154322637426
-6.809078140150983,0.04853949801071167,-0.03432465527841988,-0.003997009594789468,0.0005766846751648833,preemptive evacuations,5.957154322637426
-4.081176625207345,-1.242015111135888,-0.0801238294986112,-0.009619032213534464,-0.0034393349208124958,began,8.974835439505076
-7.09274601868416,0.1826426615816521,-0.02741305987814433,-0.003146526127321761,0.00120824275380812,evacuations began,5.643399300337665
-7.209335149706671,0.23774934110038393,-0.02439317647233344,-0.002774738600447634,0.001486265947483468,began saturday,5.514449018357209
-7.1331772335396355,0.2017535154465322,-0.026378291931759244,-0.0030191453786043865,0.00130336559633905,saturday typhoon,5.598681092659403
25.08533007254907,-15.044615064138327,-0.15728011811095427,-0.030191103675394293,0.015239611575294798,Fung-wong,41.242199183591154
12.5971302621936,-9.136262907724849,-0.15688382389040512,-0.035799105460490935,0.03528491441549125,typhoon fung-wong,27.426876571667453
-6.694694316732938,-0.00554406078754921,-0.03695106044671334,-0.0043200405227323945,0.0003384272665181449,bore,6.083674367767382
-6.694694316732938,-0.00554406078754921,-0.03695106044671334,-0.0043200405227323945,0.0003384272665181449,fung-wong bore,6.083674367767382
-6.5329792021896695,-0.08201462831280049,-0.04052030629251879,-0.004758902478622165,1.617154585360943e-05,bore dow+n,6.2625511182941676
-5.087739006032692,-0.7656953182590582,-0.06652116914728874,-0.007951525396174119,-0.0022776717292515365,philippines days,7.861289747110516
-2.59192218557088,-1.9468480609595948,-0.0958728318762382,-0.011547775237738804,-0.004749774334003192,days after,10.62242632382057
-3.3626246521497194,-1.582081577972632,-0.08826886453316479,-0.010616751009796716,-0.004121815194231673,after another,9.769778349462115
0.9302208159929481,-3.6139114918092954,-0.12056967274159064,-0.014570379396980939,-0.0067229898440958604,another storm,14.519111439905497
-2.784951206538379,-1.8554878805217214,-0.09406586066815889,-0.01132656253898018,-0.004601369680815686,storm killed,10.408872603355594
-7.227468340110483,0.24631950879148423,-0.023913428443457965,-0.002715664748564846,0.0015305498648160512,killed ...,5.494393571369673
-6.983866526815129,0.1311742241937952,-0.030136246132165687,-0.0034816889272804566,0.000958617645081406,... rescue,5.763825201775101
-5.408639423654201,-0.6138608734771007,-0.06151482165646901,-0.007337365912410196,-0.001843408424865604,killed leas+t,7.506292139808499
-7.627603654721491,0.43538390113362935,-0.012567862660660359,-0.0013177705208420164,0.0025871293865743304,204,5.051863244380658
-7.627603654721491,0.43538390113362935,-0.012567862660660359,-0.0013177705208420164,0.0025871293865743304,leas+t 204,5.051863244380658
-7.792692876914949,0.513356522565116,-0.007414859754855452,-0.0006823134309226269,0.0030729301256002487,204 peopl+e,4.869297244975625
-8.304075367882625,0.7547200257877618,0.01071740471192531,0.0015565541617925446,0.004812022295796227,fung-wong expected,4.303853480771124
-8.560592577594416,0.8756642832584296,0.021327059483098987,0.002868682576655183,0.005851324399480783,+2720,4.020275730747688
-8.560592577594416,0.8756642832584296,0.021327059483098987,0.002868682576655183,0.005851324399480783,expected +2720,4.020275730747688
-8.625194942290312,0.906105796601643,0.024191560266480408,0.00322321797224155,0.006134715195925233,+2720 char+s,3.9488662263398218
-8.951040481808768,1.0595119818428251,0.04003096915424399,0.005185788722583955,0.007723504492480986,philippine+s over,3.5887475607664485
-3.450824843219186,-1.540338280366992,-0.08732833204878285,-0.010501566746630005,-0.004043520351156538,million evacuate,9.672200796621745
-8.78805706046357,0.9828113229549289,0.03180051880557995,0.0041655429684341,0.0068933109125155715,evacuate super,3.7688600720033465
-8.673502244627386,0.9288635918613777,0.026388916087338385,0.003495261594361806,0.006352914670363875,typhoon makes,3.8954711509450943
-8.267312251839886,0.7373786598647243,0.009288696523158654,0.0013799820678727318,0.004673302468379586,philippines braced,4.34449844737353
-8.016648977654057,0.6190944460946379,8.891676677143245e-05,0.00024366779758570878,0.0037869999399613545,for fung-wong,4.621649766577901
-7.627603654721491,0.43538390113362935,-0.012567862660660359,-0.0013177705208420164,0.0025871293865743304,fung-wong set,5.051863244380658
-6.983866526815129,0.1311742241937952,-0.030136246132165687,-0.0034816889272804566,0.000958617645081406,set its,5.763825201775101
-3.3626246521497194,-1.582081577972632,-0.08826886453316479,-0.010616751009796716,-0.004121815194231673,biggest,9.769778349462115
-6.5329792021896695,-0.08201462831280049,-0.04052030629251879,-0.004758902478622165,1.617154585360943e-05,its biggest,6.2625511182941676
0.9302208159929481,-3.6139114918092954,-0.12056967274159064,-0.014570379396980939,-0.0067229898440958604,biggest storm,14.519111439905497
-7.361150124567889,0.30949514626783303,-0.02028899180398043,-0.0022692750398402815,0.0018661403434058485,year just,5.346543014426315
-7.627603654721491,0.43538390113362935,-0.012567862660660359,-0.0013177705208420164,0.0025871293865743304,just days,5.051863244380658
-7.121748615176786,0.19635156415276267,-0.026672111011210815,-0.0030553160967444924,0.001276340691846874,after typhoon,5.611321471067384
-8.371601890437951,0.7865677276745899,0.01339897637384535,0.0018880427477311439,0.005073175997210811,kalmaegi devastated,4.229198993709713
-7.1637953147090565,0.21551730804216884,-0.04353593658914766,-0.001021659791722882,0.046140595547336655,million people,5.565083238011711
-8.730053570493546,0.9526507185604252,-0.008589285578137693,0.007955184268623182,0.10212764079143208,people have,3.834108289231565
-8.737618958597773,0.9546099513150876,-0.016851254172116137,0.00889614618139997,0.12347718707428307,fled,3.826414892663257
-8.737618958597773,0.9546099513150876,-0.016851254172116137,0.00889614618139997,0.12347718707428307,have fled,3.826414892663257
-8.737812733238965,0.9522994038128856,-0.027269615151358395,0.009954583660175228,0.1489514158533211,fled their,3.827206583804256
-7.741565900452367,0.48252448230361455,-0.06403207941603674,0.004777921882716942,0.1382391524604313,their homes,4.928583518807296
0.07571449177916634,-3.2307131242370275,-0.21128742492259717,-0.00564717192953036,0.2117841241393489,two,13.58262730203888
-8.598655832714265,0.8548978194325962,-0.10973043491802252,0.01599086233654058,0.32411063508066623,and two,3.994481516806956
-2.6213809145990012,-2.0518358921867508,-0.33878091279078754,0.006438564355564631,0.5135387023023958,two deaths,10.640196522529436
-8.730053570493546,0.9526507185604252,-0.008589285578137693,0.007955184268623182,0.10212764079143208,deaths have,3.834108289231565
-5.437035260278797,-0.6077139965198413,-0.00881991480039828,0.15378218828115736,0.017225233769221533,reported,7.478089729593005
-8.753866071849272,0.9565306560893201,-0.03836440760850725,0.01122526542798438,0.17769780097245014,been reported,3.8108630609826277
-2.0848817540471476,-2.1879483588106847,-0.1190570231748096,-0.010261308819851515,0.03989397912725674,Super,11.183821473944763
-7.648420228951886,0.44501629271792664,-0.0225110544428873,-9.316802372218679e-05,0.02932823702044403,fung-wong made,5.0289068078623815
-8.560592577594416,0.8756642832584296,0.021327059483098987,0.002868682576655183,0.005851324399480783,land+fall aurora,4.020275730747688
-6.191265758282783,-0.24362644748017548,-0.047557144342332755,-0.005623689922355395,-0.0006139792559128904,province,6.640539805989015
-7.249795104907114,0.25687142066323165,-0.023318907514677634,-0.0026424542902947065,0.0015854723323408954,aurora provinc+e,5.469700107790467
-8.285964424807414,0.7461772232968824,0.010010871849807298,0.0014692311844065713,0.004743385377482362,provinc+e the,4.323876671066961
-6.6771248114681265,-0.013851774319841414,-0.03734683734146416,-0.004368711343350958,0.00030260677105397715,philippines sunday,6.103108202060384
-6.5329792021896695,-0.08201462831280049,-0.04052030629251879,-0.004758902478622165,1.617154585360943e-05,the biggest,6.2625511182941676
-6.6641463357447,-0.019988693815967906,-0.03763791766871212,-0.004404505866058367,0.00027627588132775327,target,6.117463876386458
-6.6641463357447,-0.019988693815967906,-0.03763791766871212,-0.004404505866058367,0.00027627588132775327,storm target,6.117463876386458
-6.983866526815129,0.1311742241937952,-0.030136246132165687,-0.0034816889272804566,0.000958617645081406,target the,5.763825201775101
-7.53064715574482,0.3895812328700097,-0.015458353418504829,-0.0016740671633689403,0.0023162484052994085,archipelago,5.1590881566106
-7.53064715574482,0.3895812328700097,-0.015458353418504829,-0.0016740671633689403,0.0023162484052994085,the archipelago,5.1590881566106
-8.06969543604385,0.644132326018386,0.0019610104426007607,0.00047480629846994096,0.0039663855994012814,years,4.562995055625408
-8.06969543604385,0.644132326018386,0.0019610104426007607,0.00047480629846994096,0.0039663855994012814,archipelago year+s,4.562995055625408
-8.446500262633714,0.8218842900894612,0.016463828933612534,0.0022670349098472455,0.005372919596871627,than million,4.1463980731189665
-6.148878183899353,-0.2636755290951469,-0.0483859267909868,-0.005725505089999826,-0.0006877431847573286,million peopl+e,6.687428086582882
-8.654724682624323,0.9200179484181765,0.025529014765699215,0.0033887932340644755,0.006267441650877658,peopl+e eastern,3.9162261364571944
-8.734157631567447,0.957431832469307,0.029218097017950972,0.0038456310221995967,0.006634896078761119,eastern central,3.8284305211422858
-8.795277988706722,0.986210919076387,0.03215153183617929,0.0042090341803542285,0.006928511658626027,central and,3.7608796204660413
-8.842882685087389,1.0086199898658852,0.03449633124979981,0.004499605759298218,0.0071641237864190545,+4083,3.708269079733725
-8.842882685087389,1.0086199898658852,0.03449633124979981,0.004499605759298218,0.0071641237864190545,and +4083,3.708269079733725
-8.880032162977376,1.0261035654942008,0.03636413296267227,0.004731124748207728,0.007352389878670231,+4083 chars,3.667214905698004
-9.106180404966716,1.132239517263306,0.03427117504353136,0.00788802107992071,0.04571101027704999,slams,3.41739585866033
-9.106180404966716,1.132239517263306,0.03427117504353136,0.00788802107992071,0.04571101027704999,fung-wong slams,3.41739585866033
-9.084726233887935,1.1221039411366993,0.032120513687898616,0.007840914619365957,0.047972367598439834,slams into,3.441119392626258
-9.065798880773123,1.1131544380489644,0.030192580319296766,0.0078050887097597405,0.05007177624275698,into philippine+s,3.462052045524585
-9.011360765418864,1.0873683352347598,0.024469074946515804,0.007733329175642801,0.05669475891726853,philippine+s two,3.5222769831555683
-8.99283838616541,1.0785769708597766,0.022454759483819475,0.007719963574995719,0.05915979683216447,two dead,3.542775754069269
-9.180740859736924,1.1674023640754234,0.04149611641191531,0.008102846261908986,0.038752605237343155,dead super,3.334974469413623
-6.969345837614575,0.12377156847417492,-0.04596096598159835,-0.001891746248751651,0.03946270507293376,Fung-Wong,5.780084796623114
-2.455223885785429,-2.0129295947727153,-0.11850758555096932,-0.009604750048208157,0.04658760588555652,fung-wong has,10.774207705617702
-8.790048541303806,0.9814141794919362,-0.0025756475972224108,0.007993524265458128,0.09475186528373317,has struck,3.7675876250678737
-8.507132426706034,0.8396759148822861,-0.05128011013458433,0.009920296514501435,0.17973656331325658,philippines causing,4.083843514036559
-9.011360765418864,1.0873683352347598,0.024469074946515804,0.007733329175642801,0.05669475891726853,causing two,3.5222769831555683
-4.504939993973092,-1.0539172576688105,-0.1477947071334701,-0.0021077758233352646,0.1692353576749536,forcing,8.511199876328295
-4.504939993973092,-1.0539172576688105,-0.1477947071334701,-0.0021077758233352646,0.1692353576749536,and forcing,8.511199876328295
-8.728211422259129,0.9512745340567295,-0.011613577416895879,0.008250915255834696,0.10939292070468712,forcing the,3.836355859489972
-8.21149997920152,0.7100156306220653,-0.01593806689862505,0.0036356179262185054,0.06290116256027173,evacuation,4.40660033711055
-8.21149997920152,0.7100156306220653,-0.01593806689862505,0.0036356179262185054,0.06290116256027173,the evacuation,4.40660033711055
-7.897035202069215,0.5626262554438695,-0.003996412510400185,-0.000260563771099339,0.0033972540139853326,evacuation million,4.753914316768245
-6.385120571403944,-0.15193983476369732,-0.04364545485031125,-0.005143036374649919,-0.0002645363470241517,storm packing,6.426104156099273
-7.227468340110483,0.24631950879148423,-0.023913428443457965,-0.002715664748564846,0.0015305498648160512,packing 185,5.494393571369673
-7.477694758167973,0.3645635756958825,-0.01699703739831899,-0.0018636889673117009,0.0021725254360989016,185 kph,5.217649846099678
-7.6721533272054065,0.4564270764124094,-0.01120681862961298,-0.0011499635050530406,0.002715082014899218,kph wind+s,5.002596471135705
-7.928828663498409,0.577636927704793,-0.0029283788904383157,-0.00012876347327563445,0.0034989193181899185,wind+s made,4.718757645723907
-8.321671085888585,0.763019364850845,0.01140891427113877,0.0016420270842273932,0.004879268800736462,Luzon,4.284400111812989
-8.321671085888585,0.763019364850845,0.01140891427113877,0.0016420270842273932,0.004879268800736462,land+fall luzon,4.284400111812989
-8.417681469450553,0.8082964949976694,0.015272985340184952,0.0021197624099626375,0.005256294326667717,luzon island,4.1782570831969315
-8.525110726681396,0.8589415044672255,0.019788518594401464,0.002678307844301186,0.005699605412606045,island leaving,4.059497754754785
-8.816289194156663,0.9961022460452744,0.03317982737800172,0.00433645241400462,0.007031737434696516,Authorities,3.737658693210592
-8.891750604814085,1.0316178561017868,0.036960403891663454,0.004805044942602371,0.007412600718226484,authorities reported,3.6542650928909084
-8.94086051208764,1.0547232926763213,0.03949727182567041,0.00511960131293834,0.00766936471380732,reported one,3.5999965029120062
-8.960977102987597,1.0641859179848927,0.04055455271919828,0.005250725970636402,0.007776659837443469,drowning,3.577767645943955
-8.960977102987597,1.0641859179848927,0.04055455271919828,0.005250725970636402,0.007776659837443469,one drowning,3.577767645943955
-9.01168399295467,1.0880327117142823,0.04326791573088401,0.005587315214553093,0.008052786974639212,drowning super,3.5217387793634893
-9.044886247427108,1.1036431155589272,0.04508321185690198,0.005812561874522702,0.008238142126516227,made land,3.4850536250123993
-9.01168399295467,1.0880327117142823,0.04326791573088401,0.005587315214553093,0.008052786974639212,land the,3.5217387793634893
-8.880032162977376,1.0261035654942008,0.03636413296267227,0.004731124748207728,0.007352389878670231,sunday with,3.667214905698004
-8.849293540369757,1.0116373645994077,0.03481624430028629,0.004539256188946055,0.007196332779130491,with two,3.7011842833293023
-8.82308479959367,0.9993011491889134,0.033514635031240886,0.004377942466608206,0.007065380997442675,two fatalities,3.7301485034834934
-8.891750604814085,1.0316178561017868,0.036960403891663454,0.004805044942602371,0.007412600718226484,fatalities reported,3.6542650928909084
-9.040887344249926,1.1017631686314084,0.044862920058706623,0.005785224860558455,0.008215622115274534,reported and,3.489471930399925
-8.604528282979166,0.8963682398365937,0.023266130058176918,0.0031086658706797124,0.006043029971904116,and million,3.971710144835312
5.089910589256737,-5.582759793364077,-0.14036761284640464,-0.016660939336103932,-0.0003116869933388472,evacuated,19.121169727392026
-8.417681469450553,0.8082964949976694,0.015272985340184952,0.0021197624099626375,0.005256294326667717,people evacuated,4.1782570831969315
-5.731802132566739,-0.460970237602214,-0.056077117861672354,-0.00666999484052939,-0.0013676979764350693,evacuated ahead,7.148798719248031
-8.94086051208764,1.0547232926763213,0.03949727182567041,0.00511960131293834,0.00766936471380732,ahead one,3.5999965029120062
-7.6721533272054065,0.4564270764124094,-0.01120681862961298,-0.0011499635050530406,0.002715082014899218,the nation,5.002596471135705
-7.152784890969882,0.21102129552302795,-0.025871743137001267,-0.0029567839476811247,0.0013499850397721575,nation most,5.576994531384356
5.7351659402796695,-5.888023546511426,-0.13925961979968254,-0.01686131703273029,-0.008134435823875992,powerful storms,19.834991913512827
-6.385120571403944,-0.15193983476369732,-0.04364545485031125,-0.005143036374649919,-0.0002645363470241517,storms this,6.426104156099273
-6.6641463357447,-0.019988693815967906,-0.03763791766871212,-0.004404505866058367,0.00027627588132775327,year.The,6.117463876386458
-6.6641463357447,-0.019988693815967906,-0.03763791766871212,-0.004404505866058367,0.00027627588132775327,this year.the,6.117463876386458
-4.185821585348812,-1.1924922340155728,-0.0788389811189619,-0.009461597618930855,-0.003330768221219657,year.the storm,8.85906650496498
-6.21661624512824,-0.23163601321239113,-0.04705703875758524,-0.005562248629623658,-0.0005694221387969002,crosse…,6.612497703330628
-6.21661624512824,-0.23163601321239113,-0.04705703875758524,-0.005562248629623658,-0.0005694221387969002,storm crosse…,6.612497703330628
-7.227468340110483,0.24631950879148423,-0.023913428443457965,-0.002715664748564846,0.0015305498648160512,+1726,5.494393571369673
-7.227468340110483,0.24631950879148423,-0.023913428443457965,-0.002715664748564846,0.0015305498648160512,crosse… +1726,5.494393571369673
-7.580519615384795,0.4131420254224798,-0.013983591111915508,-0.0014922940291361344,0.002454309733223546,+1726 char+s,5.1039334556582885
-8.932056958365765,1.052090930545769,-0.017805636806419937,-0.005430348401658472,-0.03762262083657393,her+e how,3.608967425359183
-8.914108490400062,1.0436145815683304,-0.018719147395231936,-0.005541340094594723,-0.037688917208580475,Many,3.628814922770472
-8.914108490400062,1.0436145815683304,-0.018719147395231936,-0.005541340094594723,-0.037688917208580475,how many,3.628814922770472
-8.890531827630664,1.032479448836314,-0.019893382344014256,-0.005683153589882636,-0.0377643439560683,Flights,3.654886500744042
-8.890531827630664,1.032479448836314,-0.019893382344014256,-0.005683153589882636,-0.0377643439560683,many flights,3.654886500744042
-8.849866475796876,1.0132714116432682,-0.021853055739794763,-0.005917639305278177,-0.03786522850290696,Have,3.6998561037927553
-8.849866475796876,1.0132714116432682,-0.021853055739794763,-0.005917639305278177,-0.03786522850290696,flights have,3.6998561037927553
-8.822375656922542,1.0002849609720768,-0.0231330424943387,-0.006069292319172376,-0.03791392149664423,Been,3.7302573615243437
-8.793074340635695,0.9864421647097839,-0.024459592251939652,-0.006225184856083086,-0.03794978336349329,Cancelled—and,3.7626613292162236
-8.793074340635695,0.9864421647097839,-0.024459592251939652,-0.006225184856083086,-0.03794978336349329,been cancelled—and,3.7626613292162236
-8.932056958365765,1.052090930545769,-0.017805636806419937,-0.005430348401658472,-0.03762262083657393,cancelled—and how,3.608967425359183
-8.668908711033515,0.9277720418241877,-0.029688629123267925,-0.006826702903824174,-0.037942723944407605,Much,3.8999799094929903
-8.668908711033515,0.9277720418241877,-0.029688629123267925,-0.006826702903824174,-0.037942723944407605,how much,3.8999799094929903
-8.627867863572344,0.9083763789689188,-0.03129125418599725,-0.007006832082562895,-0.03789224447250605,Worse,3.9453698772285626
-8.627867863572344,0.9083763789689188,-0.03129125418599725,-0.007006832082562895,-0.03789224447250605,much worse,3.9453698772285626
-8.523902858829786,0.8592372285579517,-0.03510875963683911,-0.007427820105140609,-0.03767961433149537,About,4.0603551071931685
-8.523902858829786,0.8592372285579517,-0.03510875963683911,-0.007427820105140609,-0.03767961433149537,worse about,4.0603551071931685
-8.420585323882955,0.8103970032766348,-0.038599635393248455,-0.007802870333389518,-0.03737188534404923,Get,4.174627866959374
-7.129074092758113,0.19965781063872745,-0.06418833773379727,-0.0099402868514103,-0.028121275610983876,about get,5.6032118710823084
-8.294110571133963,0.7506020334636487,-0.04252556309588261,-0.008213648487511811,-0.03690004686645901,roughly,4.3145173570073085
-8.294110571133963,0.7506020334636487,-0.04252556309588261,-0.008213648487511811,-0.03690004686645901,get roughly,4.3145173570073085
-8.092198379491062,0.6551272268802659,-0.04814800554549849,-0.008782989083191918,-0.036008052409703145,roughly the,4.537853088470816
-7.999855549847133,0.6114577561246688,-0.05050139704711196,-0.009015309502852743,-0.035566369364752506,the level,4.639996305377233
-7.833360286405186,0.5327146854771647,-0.05446087505041755,-0.009399296587885724,-0.03474480463380261,level you,4.82416511316829
-7.696922287803253,0.46818160154125277,-0.05747274820456918,-0.009686436219876299,-0.03406347298998136,you would,4.975088847256159
-7.434576426356716,0.34408438987426004,-0.06278350166796741,-0.010184790569853695,-0.0327716061880485,would see,5.2652941042972214
-8.885654483747189,1.0301757950959871,-0.020132742108898483,-0.005711941805154331,-0.037778352795796034,see light,3.6602800259921846
-1.3077102482304586,-2.5554693010222795,-0.12383998105765395,-0.01599898492190038,-0.018836478497774686,snow,12.043501568568164
-5.92727407467349,-0.36910378791465837,-0.08582175589231941,-0.012314150465990863,-0.026798476162535955,light snow,6.932758065732623
-4.093832685291405,-1.2368105288486166,-0.10481736162598414,-0.014126949481069592,-0.02251632361520313,snow storm,8.961120676692302
-6.785617851799412,0.03698368432254462,-0.07640644651033701,-0.011665972156948775,-0.03178179938672027,for now,5.983220028530594
-4.98600699675435,-0.8162910109178307,-0.12834465381737836,-0.019126919263496675,-0.048772162008892714,government,7.974764955312163
-7.423225047306397,0.338575277867621,-0.06824355194951187,-0.011164766657019655,-0.036797953029474806,the government,5.277900307309423
-7.845814997138762,0.5383798629395149,-0.06333980148118101,-0.01105145166288227,-0.041963000372994885,government has,4.8104665590871765
-4.779046102440924,-0.9126692552401536,-0.10232168965177706,-0.014211142972292928,-0.026774298952567627,shutdown,8.203113173568024
-8.068292744611483,0.6435180871066855,-0.06150223242105262,-0.011179927594824265,-0.04585714110200964,been shutdown,4.56440073665275
-8.231913360805478,0.7207995287134492,-0.06095112325005711,-0.011448305660871757,-0.04965847682106319,shutdown for,4.383448786307761
-8.319442368409309,0.7621169735786963,-0.061155236440097904,-0.011693947247254692,-0.05220374718305362,for record,4.286657786636336
-8.438518295857001,0.81827986538448,-0.06238274480591291,-0.01221535499007382,-0.056559281610660914,record days,4.154999508229877
-8.49770395927606,0.846163630639722,-0.0636235627112141,-0.012596213905067547,-0.05928691144453952,days and,4.089572128149124
-8.53307174360638,0.8628108474849889,-0.06465970266611672,-0.012879884012531418,-0.06117085408939343,and many,4.050480455843521
-8.573306760180104,0.8817295697219063,-0.0661955730848063,-0.013270028128095288,-0.06361576966451028,many aspects,4.006016689377563
-7.067335689867536,0.1695011054380937,-0.09190612183502037,-0.014912368488907292,-0.048529776824484436,everyday,5.67186169571371
-8.642247474983774,0.913844799702759,-0.07471380233786983,-0.015023553285225411,-0.07247338457097444,aspects everyday,3.9299473551295367
-8.6780036927973,0.9298594838129774,-0.08901360761372985,-0.017747570229621326,-0.08482537266176685,life,3.890748879216062
-8.6780036927973,0.9298594838129774,-0.08901360761372985,-0.017747570229621326,-0.08482537266176685,everyday life,3.890748879216062
-8.693821643723734,0.936700644401965,-0.0977179984872441,-0.019388520579122888,-0.09214750924155854,life that,3.8735075464989754
-8.70682039922389,0.9420802980030285,-0.10709775675825065,-0.021144628183317145,-0.0998985694588071,hinge,3.8594382775524707
-8.70682039922389,0.9420802980030285,-0.10709775675825065,-0.021144628183317145,-0.0998985694588071,that häng+e,3.8594382775524707
-7.423225047306397,0.338575277867621,-0.06824355194951187,-0.011164766657019655,-0.036797953029474806,häng+e government,5.277900307309423
-4.691272317038692,-0.9569054861554824,-0.14522452075818348,-0.021941071677872917,-0.058751387388598884,funding,8.301288557771375
-8.728543187087517,0.9472349802902305,-0.15467015631715708,-0.029909761219612516,-0.13759140660849514,government funding,3.837503635280235
-8.720277894095469,0.9396392829916462,-0.1809596621157819,-0.034683444818059114,-0.1576195830011329,funding are,3.8481712197855322
-8.710951687389155,0.9327382362218102,-0.19667568235015426,-0.03752061821455774,-0.16940333864887927,feeling,3.859521659424849
-8.710951687389155,0.9327382362218102,-0.19667568235015426,-0.03752061821455774,-0.16940333864887927,are feeling,3.859521659424849
-8.677381470583839,0.909730262403073,-0.23586989000048042,-0.044554543617716484,-0.1983148682854827,feeling the,3.8996288124949383
-8.649780975100532,0.8913812677003845,-0.2611856852976051,-0.04907227738483367,-0.2166979772902186,pinch,3.9323747448390973
-8.649780975100532,0.8913812677003845,-0.2611856852976051,-0.04907227738483367,-0.2166979772902186,the pinch,3.9323747448390973
-8.190847442300742,0.5826683509942296,-0.5390679021754079,-0.09787656427780492,-0.4095572138095828,industries,4.47869078845691
-8.190847442300742,0.5826683509942296,-0.5390679021754079,-0.09787656427780492,-0.4095572138095828,the industries,4.47869078845691
-8.538659038232934,0.8068498232173851,-0.3792189498820612,-0.07010798297353334,-0.3021059896378586,industries hit,4.068737457958476
-8.707473985287473,0.9101818097830514,-0.29515601845783196,-0.055406829363353116,-0.244493808323796,hardest,3.8721159430951806
-8.707473985287473,0.9101818097830514,-0.29515601845783196,-0.055406829363353116,-0.244493808323796,the hardest,3.8721159430951806
-8.839197518403804,0.9864900496577484,-0.23105529233929056,-0.044177168014464724,-0.20034780027603005,air,3.7205395665549688
-8.839197518403804,0.9864900496577484,-0.23105529233929056,-0.044177168014464724,-0.20034780027603005,hardest air,3.7205395665549688
-8.874097842382385,1.0060169827105445,-0.21468704908968067,-0.04130988625649548,-0.18907907140324326,travel,3.6806734592109094
-8.874097842382385,1.0060169827105445,-0.21468704908968067,-0.04130988625649548,-0.18907907140324326,air travel,3.6806734592109094
-8.956912598167248,1.0512000063474514,-0.1774355830223281,-0.034790444757722964,-0.16350451949234057,+4001,3.5865649916834386
-8.99008435410856,1.0688611493648867,-0.16326213636910974,-0.032313883921721194,-0.1538200946426221,+4001 chars,3.5490549086704304
-9.207948780472817,1.1802828590943475,0.04709074633849625,0.00784704956169977,0.028598699417088883,Weakening,3.3048829635135806
-7.915714996632814,0.5714229765719963,-0.008669637780968839,0.0004003464842999207,0.016929391294664406,weakening typhoon,4.7332574503002505
-9.127837553767488,1.1426066847535614,0.04040817643065049,0.007483352103416359,0.033172323104128,exits,3.393397884381487
-9.127837553767488,1.1426066847535614,0.04040817643065049,0.007483352103416359,0.033172323104128,fung-wong exit+s,3.393397884381487
-9.10796908774834,1.1332538806991594,0.038725366379232934,0.0074030735385230435,0.03445164771438698,exit+s philippines,3.41535422461755
-5.655583705621742,-0.498883335825691,-0.08470011298762807,-0.0040691573153425345,0.06517053169792567,philippines after,7.2338514026500444
-5.2075780100988185,-0.7090791424141489,-0.06939054698891789,-0.007242041369163379,0.00946072745795198,displacing,7.728744392794713
-9.040853139948098,1.101630459056771,0.032942719396877984,0.00716226269190795,0.03924330328820978,after displacing,3.4895354589566776
-4.120907699816733,-1.2233159445071418,-0.08423820680733352,-0.00909122876938126,0.00786395338898872,1.4,8.930915795301075
-6.708523448288619,0.0008720838821818511,-0.04384905995801601,-0.003516971387343662,0.018365300153547183,displacing 1.4,6.068415793571443
-4.209470383255576,-1.1814138169094215,-0.08347754665658431,-0.008922812729712074,0.008777395595399726,1.4 million,8.83294227427864
-9.181451703049781,1.1678272003502017,0.04489631719433916,0.007719772583557412,0.030012068917185462,million typhoon,3.3341571159922423
-7.4272114060080625,0.3382089734369216,-0.05208838842460872,0.0014786416692622283,0.0854800694247056,left the,5.2744833699507465
-6.98932724829926,0.12635911078517026,-0.08715852358112167,0.0022694080626834215,0.1399372505757124,after causing,5.760832390788236
-5.552597038522712,-0.5771767544348574,-0.17843972774740557,0.0036847753868996438,0.2743977253255396,causing leas+t,7.36023619579319
-3.9663862093465934,-1.3137965901959463,-0.16860978966896423,-0.0018183884560716741,0.19952717212527304,leas+t two,9.109116779622603
-5.90819484208341,-0.378821071315135,-0.0757362018246721,-0.00395028844712054,0.05487403356225534,forcing over,6.954178799118012
-6.073503588547889,-0.2993282920356459,-0.049837191983530635,-0.005903772981868748,-0.0008166788930726952,land+fall super,6.77080642025164
-3.7740859930605346,-1.387348036602694,-0.08374369381977363,-0.01006250737742259,-0.0037438817988019978,damaged,9.314572149890534
-6.694694316732938,-0.00554406078754921,-0.03695106044671334,-0.0043200405227323945,0.0003384272665181449,typhoon damaged,6.083674367767382
-6.912489139285072,0.09743061618393067,-0.031873114210616955,-0.0036954104192414928,0.0007999411987224033,damaged homes,5.842773280396489
-5.222683354938855,-0.7018447060897506,-0.06446072265269086,-0.007698788474506558,-0.0020993762532500906,roads,7.712006183656446
-6.371145110650894,-0.15854941857101545,-0.04393433543271362,-0.005178538956684346,-0.00029041573375246377,and road+s,6.441563186456131
-8.664200556269979,0.9244818865712732,0.025962028092991904,0.00344240528404699,0.006310469067795121,road+s particularly,3.9057523395496063
-8.795277988706722,0.986210919076387,0.03215153183617929,0.0042090341803542285,0.006928511658626027,particularly aurora,3.7608796204660413
-8.900364025755877,1.035687364843165,0.036365367113737834,0.0049798180787226295,0.01015869743496347,Schools,3.6447375001421842
-4.426753663692449,-1.0785035129625062,-0.07767397160758036,-0.008891219277214982,0.0015960840695340229,school+s and,8.592532724399613
-4.652448883652633,-0.9717163516122835,-0.07552638711695593,-0.008432584988676736,0.003985413806023165,offices,8.34285392044266
-4.652448883652633,-0.9717163516122835,-0.07552638711695593,-0.008432584988676736,0.003985413806023165,and office+s,8.34285392044266
-8.971377642872312,1.068951829690303,0.02918411134773112,0.00669038273571061,0.03879745172116912,office+s were,3.566304950897436
-8.974008477874854,1.070082036517269,0.026996683927753284,0.006971093356581564,0.044807296276219245,closed…,3.563439049749129
-8.974008477874854,1.070082036517269,0.026996683927753284,0.006971093356581564,0.044807296276219245,were closed…,3.563439049749129
-8.933045958950327,1.0507176955971798,0.023238593756545536,0.006879302397106412,0.04865156647849637,closed… typhoon,3.608740489307346
-8.664200556269979,0.9244818865712732,0.025962028092991904,0.00344240528404699,0.006310469067795121,part…,3.9057523395496063
-8.664200556269979,0.9244818865712732,0.025962028092991904,0.00344240528404699,0.006310469067795121,road+s part…,3.9057523395496063
-8.725937843076332,0.9535608324539615,0.02883000246245916,0.0037975620250276683,0.0065961455709105145,+1821,3.8375154077705504
-8.725937843076332,0.9535608324539615,0.02883000246245916,0.0037975620250276683,0.0065961455709105145,part… +1821,3.8375154077705504
-8.773272027494844,0.9758501866407363,0.031085568432056856,0.004076964761885956,0.006821669623294531,+1821 chars,3.785200416822074
-8.46038609530353,0.8284308589064298,0.017042894792876018,0.0023386556387175756,0.005429704198076386,assesses,4.1310475776448605
-8.46038609530353,0.8284308589064298,0.017042894792876018,0.0023386556387175756,0.005429704198076386,philippine+s assesses,4.1310475776448605
-8.321671085888585,0.763019364850845,0.01140891427113877,0.0016420270842273932,0.004879268800736462,assesses da+mög+e,4.284400111812989
-7.12405849777936,0.19744337865912076,-0.02661281062143326,-0.0030480159848137725,0.001281794062742224,da+mög+e after,5.608766672582976
-8.043675002526344,0.6318510828620825,0.001037930987456026,0.00036083211800063547,0.003877873512603769,after deadly,4.591766287283786
-6.6641463357447,-0.019988693815967906,-0.03763791766871212,-0.004404505866058367,0.00027627588132775327,fung-wong powerful,6.117463876386458
-7.152784890969882,0.21102129552302795,-0.025871743137001267,-0.0029567839476811247,0.0013499850397721575,off floods,5.576994531384356
-5.10078964728582,-0.7595201538110992,-0.0663246379909737,-0.00792742046920737,-0.0022606916147555876,killing,7.846852298240749
-8.118960986054253,0.667382847332751,0.003734471601218037,0.0006938111355531962,0.00413677679996567,landslides killing,4.508522237633047
-5.605279643220529,-0.5208270421337904,-0.05825651141974818,-0.00693751011593193,-0.001558861006179509,killing leas+t,7.288761222535993
-7.580519615384795,0.4131420254224798,-0.013983591111915508,-0.0014922940291361344,0.002454309733223546,two and,5.1039334556582885
-7.006340886415075,0.14179851368168483,-0.029581551864023732,-0.0034134260175939487,0.0010093812873722,and displacing,5.738967290711264
-8.78805706046357,0.9828113229549289,0.03180051880557995,0.0041655429684341,0.0068933109125155715,weakening,3.7688600720033465
-8.975446691565807,1.070991544188785,0.04132170585246299,0.005345879208749276,0.007854617278653874,departed,3.561779050214418
-8.975446691565807,1.070991544188785,0.04132170585246299,0.005345879208749276,0.007854617278653874,has departed,3.561779050214418
-9.015991156300469,1.0900579629623517,0.043501652616997635,0.005616315124738463,0.008076625288021106,departed the,3.516979711557902
-9.100313918441756,1.129695229474348,0.04818455056118105,0.006197498659434588,0.008555968223441485,after killing,3.423815098512746
-9.166072190532063,1.16058941988703,0.051984265562073806,0.006669315874979901,0.008947364622537994,two people,3.351168957776741
-9.188209821798097,1.1709864972799924,0.05329411256453778,0.006832012738678287,0.009082801198027577,people displacing,3.3267140719327313
-9.247026596081675,1.1986010398191462,0.056852664822150414,0.007274155075706048,0.009452088227632374,million and,3.2617447119809913
-9.255876867654052,1.2027550595220693,0.057398271838081355,0.0073419627385263725,0.009508881808277506,destroying,3.2519691790736425
-9.255876867654052,1.2027550595220693,0.057398271838081355,0.0073419627385263725,0.009508881808277506,and destroying,3.2519691790736425
-9.279014170951903,1.2136133978028956,0.0588375504080277,0.007520857287064997,0.00965892204961786,destroying homes,3.226413641944777
-9.309860775068204,1.2280861645255494,0.0607859892473271,0.007763088673847776,0.009862555434735333,road+s across,3.192344628103521
-9.329379789312938,1.237242031680653,0.062036800238955095,0.007918621432126965,0.009993592123659079,countrys,3.1707875078314527
-9.329379789312938,1.237242031680653,0.062036800238955095,0.007918621432126965,0.009993592123659079,the countrys,3.1707875078314527
-9.344443992138292,1.2443070811757027,0.06301181697493662,0.008039877260073517,0.010095906547242902,countrys most,3.1541508781351166
-9.352488078535586,1.2480792955251765,0.0635359637662568,0.008105067744459777,0.010150970242262008,populous,3.1452673268368643
-9.352488078535586,1.2480792955251765,0.0635359637662568,0.008105067744459777,0.010150970242262008,most populous,3.1452673268368643
-9.366423036935881,1.254613271189848,0.0644497929735041,0.008218735014905687,0.01024707513031638,populous island,3.129878462747801
-9.393757122932707,1.267427267390399,0.06626416133285205,0.008444455110383662,0.010438278067356147,+4234,3.099693672357917
-9.393757122932707,1.267427267390399,0.06626416133285205,0.008444455110383662,0.010438278067356147,rescue +4234,3.099693672357917
-9.4018565113895,1.2712234896727257,0.06680742762735782,0.008512051252579042,0.010495630277529026,+4234 char+s,3.090749901458831
-8.818201924884296,0.9929302600291867,-0.011191948306511892,0.009219184343060282,0.11977542141789915,weakens,3.7371960884286413
-8.818201924884296,0.9929302600291867,-0.011191948306511892,0.009219184343060282,0.11977542141789915,fung-wong weakens,3.7371960884286413
-8.709979992267325,0.938337791860488,-0.03181680580398742,0.010104802440146157,0.15655072043938492,weakens the,3.8583272822069015
-8.197170713273186,0.6402920159482934,-0.16561620007965894,0.01671758286424392,0.4048296624967624,philippines deaths,4.449063344698418
-8.411563945902007,0.7870104415867418,-0.0763740269412357,0.011343391707304194,0.22837356837707765,deaths rise,4.19270325104962
-8.446509952561557,0.8152816294066008,-0.038908738710685564,0.008134486976970908,0.14351755978451486,rise four,4.149100434929177
-6.841581494461467,0.057314484911055175,-0.08737055035325778,0.00149718481393025,0.13149304983424592,ISABELA,5.9239127918853995
-8.435592591749048,0.8132349733948394,-0.02494773983564083,0.006625655011963339,0.10835840925461518,four isabela,4.159872844530296
-7.251572412731547,0.23890865319912757,-0.11521765511642235,0.006264795136208839,0.2214668274440514,isabela philippine+s,5.4755881683037755
-6.461355771544494,-0.11588594882958958,-0.042050060515071236,-0.004946949565194951,-0.00012140392309669193,Reuters,6.341776628030035
-6.461355771544494,-0.11588594882958958,-0.042050060515071236,-0.004946949565194951,-0.00012140392309669193,philippine+s reuters,6.341776628030035
-6.073503588547889,-0.2993282920356459,-0.049837191983530635,-0.005903772981868748,-0.0008166788930726952,-One,6.77080642025164
-6.073503588547889,-0.2993282920356459,-0.049837191983530635,-0.005903772981868748,-0.0008166788930726952,reuters -one,6.77080642025164
-7.34723334661009,0.2883866165994826,-0.10138762410935681,0.005629423741607726,0.196343195702955,-one the,5.3679850585887365
-4.494258420722343,-1.0465294748672864,-0.0748885152527182,-0.008977451432128344,-0.0029954364735366346,year most,8.517844206702154
-5.730175759966753,-0.4617396450403408,-0.05610556191218278,-0.006673486607264934,-0.0013701972242192162,philippines super,7.150597847349569
-3.889890858408398,-1.3325419817737503,-0.0824042475162983,-0.009898421996283964,-0.0036314199314712243,has killed,9.186456061605032
-6.8615415163320845,0.06140694248594203,-0.10585088975564563,0.0032906759502698973,0.1757324278408767,killed four,5.90408218566896
-2.6348000526373685,-1.9265540068470148,-0.09547672573194982,-0.011499284728974121,-0.004717286879241453,four people,10.574989233720324
-7.279873095075369,0.27108623882974614,-0.0225112299538424,-0.0025429881559083153,0.0016601649170206005,authorities,5.436433960801528
-7.279873095075369,0.27108623882974614,-0.0225112299538424,-0.0025429881559083153,0.0016601649170206005,people authorities,5.436433960801528
-7.463937103662682,0.35806339515055496,-0.017392327525757145,-0.001912398144155586,0.0021356559274313784,authorities said,5.232864997351666
-7.693548422764483,0.4665325802597464,-0.01054557221183821,-0.0010684277664764824,0.0027773394620793437,monday they,4.9789362196340585
-7.744671295161664,0.4906778902394242,-0.008945109739377545,-0.0008710570922655135,0.002928278295201009,they began,4.9224014951289625
-7.80195268704348,0.5177293296287488,-0.00711672834192964,-0.0006455377758872042,0.0031011500810276434,assessing,4.859057465594592
-7.80195268704348,0.5177293296287488,-0.00711672834192964,-0.0006455377758872042,0.0031011500810276434,began assessing,4.859057465594592
-7.888869388777544,0.5587707695963644,-0.004268694395287112,-0.00029416216963332187,0.0033713613268138605,assessing da+mög+e,4.762944004566562
-8.975446691565807,1.070991544188785,0.04132170585246299,0.005345879208749276,0.007854617278653874,after its,3.561779050214418
-8.956038595811178,1.0618630036115546,0.0402940034529361,0.005218410939534509,0.007750203163146754,fury,3.583224655164165
-8.956038595811178,1.0618630036115546,0.0402940034529361,0.005218410939534509,0.007750203163146754,its fury,3.583224655164165
-8.930426987977121,1.0498150319199488,0.0389531022088644,0.0050521195188340424,0.0076142065600073045,abated,3.6115257578327733
-8.930426987977121,1.0498150319199488,0.0389531022088644,0.0050521195188340424,0.0076142065600073045,fury abated,3.6115257578327733
-8.885930729182084,1.0288792700263782,0.03666384032532702,0.004768279058912878,0.007382647400883544,though,3.660696499657337
-8.885930729182084,1.0288792700263782,0.03666384032532702,0.004768279058912878,0.007382647400883544,abated though,3.660696499657337
-8.82308479959367,0.9993011491889134,0.033514635031240886,0.004377942466608206,0.007065380997442675,reports,3.7301485034834934
-8.82308479959367,0.9993011491889134,0.033514635031240886,0.004377942466608206,0.007065380997442675,though report+s,3.7301485034834934
-8.742240169530103,0.9612380519674757,0.02960117240087605,0.003893080495525362,0.0066731671577248425,report+s major,3.819497394604099
-8.691604165820143,0.9373902748523486,0.027224937632711194,0.0035987835235823315,0.006436117831369943,destruction…,3.8754632622768623
-8.691604165820143,0.9373902748523486,0.027224937632711194,0.0035987835235823315,0.006436117831369943,major destruction…,3.8754632622768623
-8.435592591749048,0.8132349733948394,-0.02494773983564083,0.006625655011963339,0.10835840925461518,destruction… isabela,4.159872844530296
-9.04884414318606,1.1055037346413972,0.045301696088834525,0.00583967529933772,0.008260484618320355,+1962,3.4806806499713483
-9.04884414318606,1.1055037346413972,0.045301696088834525,0.00583967529933772,0.008260484618320355,da+mög+e +1962,3.4806806499713483
-9.071768565462266,1.1162795933996734,0.04657608691488756,0.005997838774211547,0.008390949875506154,+1962 chars,3.4553524959667055
-8.228270571769649,0.7189605066759761,0.007794745770927924,0.0011953770227270937,0.004528559151204295,watch typhoon,4.3876634642011485
-7.714391215210024,0.4763768730200315,-0.009896571595698948,-0.00098839641601266,0.002838503280814409,fung-wong batters,4.955886901105037
-7.296710314753467,0.2790432714199538,-0.02205567658292673,-0.0024868827519326647,0.0017023335702868536,batters philippines,5.417812156168164
-7.829083933714435,0.5305412296113183,-0.006237411153170121,-0.0005370637398305145,0.0031844552724164775,philippines killing,4.829055102262284
-4.9447160599305935,-0.8333705861831477,-0.06863779472515211,-0.00821110951286744,-0.002460194964353318,leas+t four,8.019511399547852
-4.360578556916473,-1.1097905453114736,-0.07663153764957059,-0.009191083017266427,-0.0031436743430431364,people and,8.665733255249396
-8.63522783684793,0.910832720596862,0.02464395370342605,0.003279220856767618,0.00617958064277333,displacing more,3.937776486839166
-8.725937843076332,0.9535608324539615,0.02883000246245916,0.0037975620250276683,0.0065961455709105145,than 1.4,3.8375154077705504
-5.021493940198899,-0.797040741212276,-0.06750993522197905,-0.008072793677502547,-0.002363016201779278,others,7.934574387970147
-8.816289194156663,0.9961022460452744,0.03317982737800172,0.00433645241400462,0.007031737434696516,million other+s,3.737658693210592
-8.914277441843245,1.0422171851831683,0.03811638115973226,0.004948367354098669,0.007529481287419246,Late-night,3.6293715948363943
-8.970680012606138,1.0687496509019228,0.041068363385155876,0.005314455104787452,0.007828863050288836,votes,3.5670461021166773
-8.970680012606138,1.0687496509019228,0.041068363385155876,0.005314455104787452,0.007828863050288836,late-night vot+es,3.5670461021166773
-9.01168399295467,1.0880327117142823,0.04326791573088401,0.005587315214553093,0.008052786974639212,vot+es the,3.5217387793634893
-9.028637299042119,1.096003919753724,0.0441909257140717,0.005701838517383553,0.008146970817022805,Senate,3.5030068904525873
-9.028637299042119,1.096003919753724,0.0441909257140717,0.005701838517383553,0.008146970817022805,the senat+e,3.5030068904525873
-8.400046715106573,0.7999812308616148,0.014551474100414546,0.0020305423003573082,0.005185732332145901,following,4.197752490484762
-9.056639706556178,1.1091683078906351,0.04573334720550168,0.005893244386493808,0.008304647121200133,senat+e following,3.4720676015165073
-9.093380242276927,1.1264368159677454,0.04779162225772543,0.0061487205484079335,0.008515619856897166,breakthrough,3.431475432417104
-9.093380242276927,1.1264368159677454,0.04779162225772543,0.0061487205484079335,0.008515619856897166,following breakthrough,3.431475432417104
-9.145471763475108,1.1509126849036608,0.05077943651516892,0.006519686428063028,0.008823019626427387,ending,3.373926450837537
-9.145471763475108,1.1509126849036608,0.05077943651516892,0.006519686428063028,0.008823019626427387,breakthrough ending,3.373926450837537
-9.01168399295467,1.0880327117142823,0.04326791573088401,0.005587315214553093,0.008052786974639212,ending the,3.5217387793634893
-6.578376199081245,-0.060546809621845554,-0.03953476193134764,-0.0046377385164220785,0.0001049765946468089,the shutdown,6.212336078382175
-9.206466527795357,1.1795594852308875,0.05438633250386099,0.006967698046667269,0.009195937540250549,shutdown /li,3.3065469640562526
-9.226179299444413,1.1888147667275226,0.05557806880834698,0.007115766994630592,0.009319592405762364,Pardons,3.2847720687945605
-9.226179299444413,1.1888147667275226,0.05557806880834698,0.007115766994630592,0.009319592405762364,/li pardon+s,3.2847720687945605
-9.244775360308406,1.197544334481962,0.05671431006841626,0.007256961170355406,0.009437693888546105,pardon+s for,3.2642313283172752
-9.253687142509278,1.2017273060976514,0.05726302619132756,0.007325154076017113,0.00949479944357011,individuals,3.2543878181611277
-9.253687142509278,1.2017273060976514,0.05726302619132756,0.007325154076017113,0.00949479944357011,for individuals,3.2543878181611277
-9.279014170951903,1.2136133978028956,0.0588375504080277,0.007520857287064997,0.00965892204961786,involved,3.226413641944777
-9.279014170951903,1.2136133978028956,0.0588375504080277,0.007520857287064997,0.00965892204961786,individuals involved,3.226413641944777
-9.30243608947595,1.2246029908418652,0.06031386938499912,0.007704388984201982,0.009813159221341496,efforts,3.200544770304278
-9.30243608947595,1.2246029908418652,0.06031386938499912,0.007704388984201982,0.009813159221341496,involved efforts,3.200544770304278
-9.322428935171589,1.233981760892557,0.06158976657984018,0.007863032006167071,0.009946732088499693,overturn,3.1784640584890242
-9.322428935171589,1.233981760892557,0.06158976657984018,0.007863032006167071,0.009946732088499693,efforts overturn,3.1784640584890242
-9.337844288082884,1.2412119751292885,0.06258361010156148,0.007986622426618744,0.010050953801226458,2020,3.161439413574598
-9.337844288082884,1.2412119751292885,0.06258361010156148,0.007986622426618744,0.010050953801226458,overturn 2020,3.161439413574598
-9.346070793722792,1.2450699819409032,0.06311762051253551,0.008053036175428343,0.010107018144315812,election,3.1523542959917363
-9.346070793722792,1.2450699819409032,0.06311762051253551,0.008053036175428343,0.010107018144315812,2020 election,3.1523542959917363
-9.206466527795357,1.1795594852308875,0.05438633250386099,0.006967698046667269,0.009195937540250549,election /li,3.3065469640562526
-9.375347019451402,1.258797159925573,0.06503893877061566,0.008292023225485884,0.010309103816191701,Concerns,3.1200236107444823
-9.375347019451402,1.258797159925573,0.06503893877061566,0.008292023225485884,0.010309103816191701,/li concerns,3.1200236107444823
-9.388221578886114,1.2648325440792552,0.06589436117482282,0.008398445210943758,0.010399265297000145,concerns grow,3.105806394335843
-9.322428935171589,1.233981760892557,0.06158976657984018,0.007863032006167071,0.009946732088499693,grow over,3.1784640584890242
-9.4018565113895,1.2712234896727257,0.06680742762735782,0.008512051252579042,0.010495630277529026,Thank…,3.090749901458831
-9.4018565113895,1.2712234896727257,0.06680742762735782,0.008512051252579042,0.010495630277529026,over thank…,3.090749901458831
-9.412293398606653,1.2761148236350304,0.06751134757411566,0.008599643676580096,0.010570012209304674,+4298,3.0792251564662494
-9.412293398606653,1.2761148236350304,0.06751134757411566,0.008599643676580096,0.010570012209304674,thank… +4298,3.0792251564662494
-9.4198636292999,1.2796623291526765,0.06802467246387582,0.008663524268933345,0.01062430393706323,+4298 char+s,3.0708660187102237
-8.371601890437951,0.7865677276745899,0.01339897637384535,0.0018880427477311439,0.005073175997210811,Shutdown,4.229198993709713
-5.761024246958378,-0.44714586141715795,-0.05556410101834864,-0.006607015841194397,-0.0013226020030648522,deal,7.116472629090853
-8.207818865380005,0.7093115013457318,0.0070215258296640465,0.0010998436256783786,0.004453769496389657,shutdown deal,4.410275506016466
-4.751968826825849,-0.9245774473052979,-0.07138675906204825,-0.008548179269959238,-0.002696283405222402,sight,8.232742979099132
-8.016648977654057,0.6190944460946379,8.891676677143245e-05,0.00024366779758570878,0.0037869999399613545,deal sight,4.621649766577901
-7.829083933714435,0.5305412296113183,-0.006237411153170121,-0.0005370637398305145,0.0031844552724164775,sight and,4.829055102262284
-5.9155429671317314,-0.37404879987806794,-0.05278866354917208,-0.0062662477665159705,-0.0010779900950977604,Arctic,6.945542125186726
-7.6721533272054065,0.4564270764124094,-0.01120681862961298,-0.0011499635050530406,0.002715082014899218,and arctic,5.002596471135705
-5.602940872710829,-0.5219335204136568,-0.05829617111369123,-0.006942377777140464,-0.001562333504631792,blast,7.291348443510747
-5.602940872710829,-0.5219335204136568,-0.05829617111369123,-0.006942377777140464,-0.001562333504631792,arctic blas+t,7.291348443510747
-6.781585203013333,0.03554057516761322,-0.034963935480850465,-0.004075644605969792,0.0005186036344663669,kicks,5.987564083629794
-6.781585203013333,0.03554057516761322,-0.034963935480850465,-0.004075644605969792,0.0005186036344663669,blas+t kick+s,5.987564083629794
-5.793739386767405,-0.43166918346004524,-0.05498535565937663,-0.006535964451914325,-0.001271683827724958,kick+s off,7.08028256798607
-4.185821585348812,-1.1924922340155728,-0.0788389811189619,-0.009461597618930855,-0.003330768221219657,off storm,8.85906650496498
-7.152784890969882,0.21102129552302795,-0.025871743137001267,-0.0029567839476811247,0.0013499850397721575,Morning,5.576994531384356
-7.152784890969882,0.21102129552302795,-0.025871743137001267,-0.0029567839476811247,0.0013499850397721575,season morning,5.576994531384356
-7.627603654721491,0.43538390113362935,-0.012567862660660359,-0.0013177705208420164,0.0025871293865743304,Rundown,5.051863244380658
-7.627603654721491,0.43538390113362935,-0.012567862660660359,-0.0013177705208420164,0.0025871293865743304,morning rundown,5.051863244380658
-8.016648977654057,0.6190944460946379,8.891676677143245e-05,0.00024366779758570878,0.0037869999399613545,rundown end,4.621649766577901
-7.370680185561795,0.3139984982296262,-0.020024544087602042,-0.002236698821786602,0.0018906971545270563,end the,5.336003050457588
-8.016648977654057,0.6190944460946379,8.891676677143245e-05,0.00024366779758570878,0.0037869999399613545,shutdown sight,4.621649766577901
-7.788876828920546,0.511554429606647,-0.007537431934385108,-0.0006974328377274486,0.0030613315292406847,sight after,4.873517156457288
-8.63522783684793,0.910832720596862,0.02464395370342605,0.003279220856767618,0.00617958064277333,Senators,3.937776486839166
-7.858002934834051,0.5441966282680584,-0.005290517975317141,-0.00042024189817047464,0.003274283609968995,after senator+s,4.7970761225145715
-7.949124672136211,0.587218790360017,-0.002239913902904761,-4.3795577550501466e-05,0.003564538718215545,senator+s clear,4.6963148935083705
-6.338806514113448,-0.1738439031630623,-0.04459860667387078,-0.0052601722884264845,-0.00034988049356900197,key,6.4773347913277455
-8.020039159468086,0.6206946985598936,0.000207423849374902,0.0002582978926345299,0.003798340735992268,clear key,4.617901122571954
-8.052564777391833,0.6360470021678886,0.0013522548427869485,0.00039964091435191335,0.0039079998393677234,vote,4.5819366760486195
-8.052564777391833,0.6360470021678886,0.0013522548427869485,0.00039964091435191335,0.0039079998393677234,key vot+e,4.5819366760486195
-8.090842900734934,0.6541130545451876,0.0027181052419026908,0.0005682947342629564,0.004039071610770292,vot+e for,4.53961219572287
-7.491214516584712,0.37095123671971253,-0.016606796429890235,-0.0018155999899491888,0.002208945298932858,for deal,5.202697848223069
-8.993973370324287,1.0797044954024815,0.042312224194485035,0.005468750352684338,0.0079554038769491,blas+t dumps,3.5413078491922203
-9.020251874074669,1.092061319733914,0.04373337942593215,0.0056450664506075485,0.008100266745994933,dumps snow,3.5122719870979076
-1.159236066668404,-2.624949352234654,-0.10758555941743078,-0.012981329357808671,-0.00569885113696499,snow the,12.20745886769146
-9.068042528115193,1.114528246730456,0.046367911160234115,0.005972000602101629,0.008369621111284031,Midwest,3.4594691742583006
-9.068042528115193,1.114528246730456,0.046367911160234115,0.005972000602101629,0.008369621111284031,the midwest,3.4594691742583006
-9.11380089998524,1.1360328389454142,0.048953005063016405,0.006292901331388521,0.008634946069397098,recapping,3.4089148721930567
-9.11380089998524,1.1360328389454142,0.048953005063016405,0.006292901331388521,0.008634946069397098,and recapping,3.4089148721930567
-9.145471763475108,1.1509126849036608,0.05077943651516892,0.006519686428063028,0.008823019626427387,Chargers,3.373926450837537
-9.145471763475108,1.1509126849036608,0.05077943651516892,0.006519686428063028,0.008823019626427387,recapping chargers,3.373926450837537
-9.18280779984433,1.168449572285502,0.05297302328247093,0.006792127629325784,0.009049576522807499,Steelers,3.3326814751466234
-9.216469461643355,1.1842561212219826,0.05498943630937324,0.007042628804834673,0.00925848829341469,todays,3.2954975538403626
-9.233277884284849,1.1921472260860275,0.05601041268237947,0.007169489548257569,0.009364506854595136,today+s newsletter,3.2769310781540257
-9.266604800948256,1.2077899576663593,0.05806327952664096,0.007424615631803218,0.009578166678247629,newsletter end,3.240119874428802
-9.306171193433286,1.226355286046623,0.06055112594802793,0.0077338871773092645,0.00983797816719504,shutdown could,3.196419547341701
-9.327657306532537,1.2364341282729387,0.06192585430775634,0.007904824819897719,0.009981959357181058,could sight,3.1726898155563648
-9.347688518977892,1.2458286141079384,0.0632229329717653,0.008066134187811118,0.010118079917129753,senators,3.150567742829981
-9.42356965537179,1.2813989125320315,0.06827682043350096,0.008694904278457113,0.010650987674136893,blas+t leaves,3.0667738286130084
-9.43202035336289,1.2853585059769552,0.0688538824850073,0.008766723858264902,0.010712093755662844,leaves more,3.0574426945288575
-9.443638719278557,1.290801707290013,0.06965205414173474,0.008866070779112686,0.010796700971816182,105,3.0446141392164536
-9.443638719278557,1.290801707290013,0.06965205414173474,0.008866070779112686,0.010796700971816182,than 105,3.0446141392164536
-9.448144161796822,1.2929123136613019,0.06996308291687915,0.008904786662113673,0.010829697942656393,105 million,3.0396394870412213
-9.467489924896482,1.301973731566789,0.07130829700162007,0.009072252257188268,0.010972589459777096,american+s under,3.0182795506849454
-9.473622396740645,1.3048457114494347,0.07173803794966717,0.00912575670025013,0.011018298517707789,winter,3.011508788757631
-9.473622396740645,1.3048457114494347,0.07173803794966717,0.00912575670025013,0.011018298517707789,under winter,3.011508788757631
-9.480591045990082,1.3081090398115072,0.07222833499996818,0.009186804185883144,0.011070484745171708,winter weather,3.0038149290089544
-9.488321343420147,1.311728720251936,0.07277467634086092,0.009254834299780431,0.011128681671785101,bulletins,2.9952802989314216
-9.488321343420147,1.311728720251936,0.07277467634086092,0.009254834299780431,0.011128681671785101,weather bulletin+s,2.9952802989314216
-9.505752130230357,1.319889369583551,0.07401618964222333,0.009409444434576563,0.011261107595146393,+7077,2.9760364010604645
-9.505752130230357,1.319889369583551,0.07401618964222333,0.009409444434576563,0.011261107595146393,and +7077,2.9760364010604645
-9.511003486491404,1.3223475771961366,0.07439285003892702,0.009456356154088371,0.011301333129491893,+7077 chars,2.9702389625211536
-9.31710704287682,1.2314854012577812,0.06124870463917677,0.007820622436809919,0.00991100155566891,digs,3.184341642487541
-9.31710704287682,1.2314854012577812,0.06124870463917677,0.007820622436809919,0.00991100155566891,philippines digs,3.184341642487541
-9.30802161613979,1.2272233748586483,0.060668854078916326,0.007748524681455498,0.00985029674693133,digs out,3.194375864311321
-9.247026596081675,1.1986010398191462,0.056852664822150414,0.007274155075706048,0.009452088227632374,fung-wong death,3.2617447119809913
-9.221360109834034,1.1865522648107836,0.055285522676606455,0.007079417174694094,0.009289217397523857,climbs,3.290095324141064
-9.221360109834034,1.1865522648107836,0.055285522676606455,0.007079417174694094,0.009289217397523857,toll climbs,3.290095324141064
-8.391773767050614,0.7960801475044732,0.014214849697942816,0.001988918749298192,0.005152836890412979,Rescuers,4.2068983959012245
-9.188209821798097,1.1709864972799924,0.05329411256453778,0.006832012738678287,0.009082801198027577,climbs rescuer+s,3.3267140719327313
-9.163202488395378,1.159241513632019,0.05181562255677852,0.0066483705287601995,0.008929946318820655,rescuer+s using,3.3543391046997835
-9.145471763475108,1.1509126849036608,0.05077943651516892,0.006519686428063028,0.008823019626427387,backhoes,3.373926450837537
-9.145471763475108,1.1509126849036608,0.05077943651516892,0.006519686428063028,0.008823019626427387,using backhoes,3.373926450837537
-9.117096222282164,1.1375812351662313,0.04914160416476865,0.00631631704139142,0.008654343105812931,backhoes and,3.405274288810724
-9.103732468924045,1.1313016843124895,0.04837881037449908,0.00622161493041125,0.008575924748125206,chainsaws,3.4200383062972985
-9.103732468924045,1.1313016843124895,0.04837881037449908,0.00622161493041125,0.008575924748125206,and chainsaws,3.4200383062972985
-9.068042528115193,1.114528246730456,0.046367911160234115,0.005972000602101629,0.008369621111284031,chainsaws began,3.4594691742583006
-9.044886247427108,1.1036431155589272,0.04508321185690198,0.005812561874522702,0.008238142126516227,digging,3.4850536250123993
-9.044886247427108,1.1036431155589272,0.04508321185690198,0.005812561874522702,0.008238142126516227,began digging,3.4850536250123993
-9.01168399295467,1.0880327117142823,0.04326791573088401,0.005587315214553093,0.008052786974639212,digging the,3.5217387793634893
-9.30802161613979,1.2272233748586483,0.060668854078916326,0.007748524681455498,0.00985029674693133,philippines out,3.194375864311321
-8.861845934071283,1.0175450578780016,0.03544553004226057,0.00461725505499622,0.007259733941948433,the devastation,3.6873124523120797
-9.290947985634562,1.2192130539427424,0.059587298966868166,0.007614059644306748,0.009737208857230346,devastation typhoon,3.213232937184392
-8.560592577594416,0.8756642832584296,0.021327059483098987,0.002868682576655183,0.005851324399480783,fung-wong tuesday,4.020275730747688
-6.259248421435445,-0.21147192559007033,-0.04620839270502829,-0.005457980292788102,-0.0004937319037022839,floodwaters,6.565339173399557
-8.402718318658332,0.8012409950401549,0.01466043339885377,0.002044015440426837,0.00519638348426223,tuesday floodwaters,4.194798990688499
-8.186701100407248,0.6993477003992188,0.006229766768711134,0.001002028218151237,0.004377274700060559,receded,4.433624212255541
-8.186701100407248,0.6993477003992188,0.006229766768711134,0.001002028218151237,0.004377274700060559,floodwaters receded,4.433624212255541
-7.897035202069215,0.5626262554438695,-0.003996412510400185,-0.000260563771099339,0.0033972540139853326,receded hundreds,4.753914316768245
-7.361150124567889,0.30949514626783303,-0.02028899180398043,-0.0022692750398402815,0.0018661403434058485,hundreds village+s,5.346543014426315
-9.117096222282164,1.1375812351662313,0.04914160416476865,0.00631631704139142,0.008654343105812931,village+s and,3.405274288810724
-9.247026596081675,1.1986010398191462,0.056852664822150414,0.007274155075706048,0.009452088227632374,storm death,3.2617447119809913
-7.477694758167973,0.3645635756958825,-0.01699703739831899,-0.0018636889673117009,0.0021725254360989016,toll climbed,5.217649846099678
-4.766202758889922,-0.9184576890681604,-0.024348504677096976,-0.06686758131658978,-0.014777626954214564,fung-wong which,8.217323980209532
-8.387364309810454,0.7940008389883226,0.014035910757773606,0.0019667936269970147,0.005135357330599917,which displaced,4.211773155962554
-8.525110726681396,0.8589415044672255,0.019788518594401464,0.002678307844301186,0.005699605412606045,displaced 1.4,4.059497754754785
-8.654724682624323,0.9200179484181765,0.025529014765699215,0.0033887932340644755,0.006267441650877658,peopl…,3.9162261364571944
-8.654724682624323,0.9200179484181765,0.025529014765699215,0.0033887932340644755,0.006267441650877658,million peopl…,3.9162261364571944
-8.734157631567447,0.957431832469307,0.029218097017950972,0.0038456310221995967,0.006634896078761119,peopl… road,3.8284305211422858
-8.773272027494844,0.9758501866407363,0.031085568432056856,0.004076964761885956,0.006821669623294531,road under,3.785200416822074
-8.816289194156663,0.9961022460452744,0.03317982737800172,0.00433645241400462,0.007031737434696516,construction,3.737658693210592
-8.816289194156663,0.9961022460452744,0.03317982737800172,0.00433645241400462,0.007031737434696516,under construction,3.737658693210592
-8.914277441843245,1.0422171851831683,0.03811638115973226,0.004948367354098669,0.007529481287419246,Cagayan,3.6293715948363943
-8.914277441843245,1.0422171851831683,0.03811638115973226,0.004948367354098669,0.007529481287419246,construction cagayan,3.6293715948363943
-8.956038595811178,1.0618630036115546,0.0402940034529361,0.005218410939534509,0.007750203163146754,cagayan province,3.583224655164165
-9.007329525470354,1.0859851607439233,0.043032137161240186,0.0055580628195008135,0.008028748793163442,Tuguegarao,3.5265501398509116
-9.007329525470354,1.0859851607439233,0.043032137161240186,0.0055580628195008135,0.008028748793163442,province tuguegarao,3.5265501398509116
-6.452834067498378,-0.1199160339437384,-0.042230058498171685,-0.004969074253317735,-0.00013757032409182027,City,6.351202868607286
-9.052761734260486,1.1073453575205952,0.04551839923282863,0.005866568403556699,0.00828265212325751,tuguegarao city,3.476352228271435
-9.082730498882169,1.1214317601233015,0.04719090422564544,0.0060741519320748165,0.008453979798317307,surrounded,3.44324142115305
-9.082730498882169,1.1214317601233015,0.04719090422564544,0.0060741519320748165,0.008453979798317307,city surrounded,3.44324142115305
-9.129985489685971,1.1436372448078234,0.04988248360766118,0.006408306885744643,0.008730593691635185,surrounded floodwaters,3.3910347336630307
-9.166072190532063,1.16058941988703,0.051984265562073806,0.006669315874979901,0.008947364622537994,floodwaters after,3.351168957776741
-9.228562642672378,1.1899336591932514,0.055723037695081246,0.007133780342474937,0.009334649407583849,fung-wong slammed,3.2821394535845854
-9.247026596081675,1.1986010398191462,0.056852664822150414,0.007274155075706048,0.009452088227632374,slammed into,3.2617447119809913
-9.290947985634562,1.2192130539427424,0.059587298966868166,0.007614059644306748,0.009737208857230346,philippines this,3.213232937184392
-9.313505758801673,1.2297960618532482,0.061018501698867814,0.007791998722058593,0.009886895205287002,week copyright,3.18831899077625
-9.33109228316538,1.2380452365863372,0.06214721220201204,0.007932351832910382,0.01000517082167474,copyright afp,3.168896237788865
-9.337844288082884,1.2412119751292885,0.06258361010156148,0.007986622426618744,0.010050953801226458,afp john,3.161439413574598
-9.346070793722792,1.2450699819409032,0.06311762051253551,0.008053036175428343,0.010107018144315812,Dimain,3.1523542959917363
-9.346070793722792,1.2450699819409032,0.06311762051253551,0.008053036175428343,0.010107018144315812,john dimain,3.1523542959917363
-9.358765438503664,1.2510228063141717,0.06394670116098299,0.008156155985033208,0.010194150068541859,dimain rescuers,3.138334967327169
-9.37240364391661,1.257417240337361,0.06484428113947434,0.008267807720986982,0.010288603068439386,using…,3.1232739939545615
-9.37240364391661,1.257417240337361,0.06484428113947434,0.008267807720986982,0.010288603068439386,rescuers using…,3.1232739939545615
-9.383995902092654,1.2628517046626413,0.065612879203524,0.008363425142880307,0.010369584333411883,+4086,3.110472717318055
-9.383995902092654,1.2628517046626413,0.065612879203524,0.008363425142880307,0.010369584333411883,using… +4086,3.110472717318055
-9.392383633089427,1.2667834737667676,0.06617229282852947,0.008433024789259938,0.010428584202915824,+4086 char+s,3.1012103664427273
10.732018139280703,-8.252738925248309,-0.14943535746227382,-0.018117027140809462,-0.008855141410264292,Taiwan,25.363108665706825
-8.14231438319309,0.6784033435279828,0.004587179095811952,0.0007991273488210868,0.004218861946944848,taiwan evacuates,4.482700873026836
-7.86382374827365,0.5469450947319627,-0.005098710215350313,-0.0003965763818133171,0.003292495024643065,evacuates thousands,4.790639438079116
-0.7418384476977433,-2.822508860776508,-0.11051736567158002,-0.013340110564749296,-0.005932785279693035,ahead tropical,12.66924278484827
-6.641760031073521,-0.043987430850768394,-0.11522663760960919,0.0030127467079280046,0.18476457834762688,after deaths,6.147805103293866
-7.5247659287806945,0.3851739870793436,-0.04305363377646418,0.0012043888432341446,0.07065333405114793,deaths the,5.16623329083668
-8.285964424807414,0.7461772232968824,0.010010871849807298,0.0014692311844065713,0.004743385377482362,philippines taiwan,4.323876671066961
-6.148057866505893,-0.26417300128750876,-0.054592463286231366,-0.005078146084015977,0.014682781093348786,taiwan has,6.688369796376842
-6.330122728476333,-0.1780371543131003,-0.05038118909994942,-0.004691433014399704,0.013582183092865071,has evacuated,6.4869659894338705
-2.743810365243254,-1.8749002925550924,-0.08762808252203201,-0.025334666983351815,0.004115823661046954,evacuated more,10.454368816467793
-5.702924636268724,-0.47509133327838793,-0.022988679908750163,-0.051487738271150225,-0.0041670217834791625,"than 3,000",7.180984708946276
-5.599808687931785,-0.524297530449962,-0.010739244791972899,-0.06622895689350672,-0.013861794860862253,"3,000 people",7.295256047585636
-1.4831328624010212,-2.4716452004848444,-0.10517354467168434,-0.012686150546295204,-0.005505276550727375,closed,11.849119080578568
-2.972313612296986,-1.7668104364500916,-0.09225175980769691,-0.011104458225394158,-0.004451861412546958,and closed,10.201588462385006
0.5300453667522813,-3.424505539649922,-0.11838397167077075,-0.014302842691246015,-0.00655280425842843,schools,14.076380767181615
-2.223896138921523,-2.121035652374447,-0.09915435388055138,-0.011949462243534327,-0.005017948549337808,closed school+s,11.029585497360703
-7.421325985953185,0.33792984607962184,-0.018605162127230353,-0.0020618357555455703,0.0020226678636915824,office+s ahead,5.27999071784519
2.681246759985525,-4.442671067501397,-0.1288103193159129,-0.015579497769463577,-0.007355727619392655,storm fung-wong,16.4563406949165
-4.328698431225459,-1.124877296764085,-0.07704014136753665,-0.009241159185274003,-0.0031783600970041745,TAIPEI,8.7010020941508
-7.296710314753467,0.2790432714199538,-0.02205567658292673,-0.0024868827519326647,0.0017023335702868536,fung-wong taipei,5.417812156168164
-4.128455420436238,-1.219640502551913,-0.07954668078370317,-0.009548314944235118,-0.0033905974935983475,taipei taiwan,8.922530771630226
-6.739232580817102,0.01551531079056323,-0.03593875769142356,-0.00419554364189339,0.0004301463042422687,taiwan taiwan,6.034410297541369
-2.920511971613317,-1.7913932152022607,-0.09549100930869626,-0.011531554214289969,0.0033869682786285722,taiwan evacuated,10.258920097627088
-7.2450903358220105,0.25464790912794877,-0.023444540076275992,-0.0026579252989779433,0.0015738621824992602,people from,5.474903585331751
-8.70907044978232,0.945616900603258,0.028038265839295362,0.003699505108891221,0.006517160800825667,from vulnerable,3.8561582278982494
-8.725937843076332,0.9535608324539615,0.02883000246245916,0.0037975620250276683,0.0065961455709105145,vulnerable area+s,3.8375154077705504
-5.781165753661989,-0.4376174185299466,-0.05520834304336963,-0.006563340589559151,-0.0012913078956987307,area+s and,7.094191730714551
-8.207818865380005,0.7093115013457318,0.0070215258296640465,0.0010998436256783786,0.004453769496389657,office+s tuesday,4.410275506016466
-7.421325985953185,0.33792984607962184,-0.018605162127230353,-0.0020618357555455703,0.0020226678636915824,tuesday ahead,5.27999071784519
-6.125783439576243,-0.2756111067824798,-0.06906343021276204,-0.0036966876200482703,0.04907403901625668,ahead the,6.713366806557262
-5.019263985842371,-0.8024503583121563,0.031931486439048556,-0.13294842002378113,-0.02837919766693124,the arrival,7.939039555253601
-6.6641463357447,-0.019988693815967906,-0.03763791766871212,-0.004404505866058367,0.00027627588132775327,arrival tropical,6.117463876386458
-7.6721533272054065,0.4564270764124094,-0.01120681862961298,-0.0011499635050530406,0.002715082014899218,which killed,5.002596471135705
-8.228270571769649,0.7189605066759761,0.007794745770927924,0.0011953770227270937,0.004528559151204295,pe…,4.3876634642011485
-8.228270571769649,0.7189605066759761,0.007794745770927924,0.0011953770227270937,0.004528559151204295,leas+t pe…,4.3876634642011485
-8.321671085888585,0.763019364850845,0.01140891427113877,0.0016420270842273932,0.004879268800736462,+2176,4.284400111812989
-8.321671085888585,0.763019364850845,0.01140891427113877,0.0016420270842273932,0.004879268800736462,pe… +2176,4.284400111812989
-8.417681469450553,0.8082964949976694,0.015272985340184952,0.0021197624099626375,0.005256294326667717,+2176 chars,4.1782570831969315
-8.99847513053162,1.0818214851409966,0.042554324870978905,0.005498784519739595,0.007980060431824322,Hidden,3.536333661498305
-8.99847513053162,1.0818214851409966,0.042554324870978905,0.005498784519739595,0.007980060431824322,the hidde+n,3.536333661498305
-8.965857190526833,1.066481285451,0.04081265901880604,0.0052827390050547325,0.007802878502701378,Devastation,3.5723752203454993
-8.965857190526833,1.066481285451,0.04081265901880604,0.0052827390050547325,0.007802878502701378,hidde+n devastation,3.5723752203454993
-8.885930729182084,1.0288792700263782,0.03666384032532702,0.004768279058912878,0.007382647400883544,devastation hurricanes,3.660696499657337
-8.816289194156663,0.9961022460452744,0.03317982737800172,0.00433645241400462,0.007031737434696516,Clayton,3.737658693210592
-8.816289194156663,0.9961022460452744,0.03317982737800172,0.00433645241400462,0.007031737434696516,hurricanes clayton,3.737658693210592
-8.758008623433497,0.9686632975898872,0.030352730640280656,0.003986178145730315,0.006748314222181626,Dalton,3.802069689541356
-8.758008623433497,0.9686632975898872,0.030352730640280656,0.003986178145730315,0.006748314222181626,clayton dalton,3.802069689541356
-8.673502244627386,0.9288635918613777,0.026388916087338385,0.003495261594361806,0.006352914670363875,long-term,3.8954711509450943
-8.673502244627386,0.9288635918613777,0.026388916087338385,0.003495261594361806,0.006352914670363875,dalton long-term,3.8954711509450943
-8.57192088154152,0.8810028954408258,0.021823389068044666,0.0029301042092751504,0.005900341828097674,mortality,4.007753513760533
-8.57192088154152,0.8810028954408258,0.021823389068044666,0.0029301042092751504,0.005900341828097674,long-term mortality,4.007753513760533
-8.446500262633714,0.8218842900894612,0.016463828933612534,0.0022670349098472455,0.005372919596871627,mortality effects,4.1463980731189665
-8.267312251839886,0.7373786598647243,0.009288696523158654,0.0013799820678727318,0.004673302468379586,effects hurricanes,4.34449844737353
-7.86382374827365,0.5469450947319627,-0.005098710215350313,-0.0003965763818133171,0.003292495024643065,hurricanes time,4.790639438079116
-7.53064715574482,0.3895812328700097,-0.015458353418504829,-0.0016740671633689403,0.0023162484052994085,time increasingly,5.1590881566106
-6.385120571403944,-0.15193983476369732,-0.04364545485031125,-0.005143036374649919,-0.0002645363470241517,increasingly severe,6.426104156099273
-6.385120571403944,-0.15193983476369732,-0.04364545485031125,-0.005143036374649919,-0.0002645363470241517,storms amid,6.426104156099273
-6.983866526815129,0.1311742241937952,-0.030136246132165687,-0.0034816889272804566,0.000958617645081406,amid climate,5.763825201775101
-7.86382374827365,0.5469450947319627,-0.005098710215350313,-0.0003965763818133171,0.003292495024643065,Parkss,4.790639438079116
-6.187794461175366,-0.2456920300801304,-0.07825698195812476,-0.011231956909260501,-0.024375089647422642,team,6.644500531687319
-8.06969543604385,0.644132326018386,0.0019610104426007607,0.00047480629846994096,0.0039663855994012814,parkss team,4.562995055625408
-8.186701100407248,0.6993477003992188,0.006229766768711134,0.001002028218151237,0.004377274700060559,estimated,4.433624212255541
-8.186701100407248,0.6993477003992188,0.006229766768711134,0.001002028218151237,0.004377274700060559,team estimated,4.433624212255541
-8.371601890437951,0.7865677276745899,0.01339897637384535,0.0018880427477311439,0.005073175997210811,estimated that,4.229198993709713
-8.46038609530353,0.8284308589064298,0.017042894792876018,0.0023386556387175756,0.005429704198076386,that among,4.1310475776448605
-8.537196694161937,0.8646379336339167,0.020309876157248122,0.002742815388613682,0.0057509792271651095,Medicare,4.046137682388853
-8.537196694161937,0.8646379336339167,0.020309876157248122,0.002742815388613682,0.0057509792271651095,among medicare,4.046137682388853
-8.63522783684793,0.910832720596862,0.02464395370342605,0.003279220856767618,0.00617958064277333,patients,3.937776486839166
-8.63522783684793,0.910832720596862,0.02464395370342605,0.003279220856767618,0.00617958064277333,medicare patient+s,3.937776486839166
-8.717576828893145,0.9496231737455976,0.028436767326681045,0.0037488585506096003,0.006556904366410592,alone,3.8467564507706973
-8.717576828893145,0.9496231737455976,0.028436767326681045,0.0037488585506096003,0.006556904366410592,patient+s alone,3.8467564507706973
-8.773272027494844,0.9758501866407363,0.031085568432056856,0.004076964761885956,0.006821669623294531,alone tropical,3.785200416822074
-8.83637914332448,1.0055588866745822,0.03417280883863366,0.004459509510222628,0.007131566857874316,cyclones,3.7154563527576876
-8.83637914332448,1.0055588866745822,0.03417280883863366,0.004459509510222628,0.007131566857874316,tropical cyclones,3.7154563527576876
-8.593880825393816,0.8913511356152333,0.02279270332156813,0.0030500686557798553,0.005996174348257813,cyclones are,3.983479468109561
-6.830156615656282,0.05850541064483572,-0.03383102186848491,-0.0039362865592754434,0.0006215718784699535,associated,5.933839645215957
-8.914277441843245,1.0422171851831683,0.03811638115973226,0.004948367354098669,0.007529481287419246,are associated,3.6293715948363943
-8.970680012606138,1.0687496509019228,0.041068363385155876,0.005314455104787452,0.007828863050288836,associated with,3.5670461021166773
-8.993973370324287,1.0797044954024815,0.042312224194485035,0.005468750352684338,0.0079554038769491,with nearly,3.5413078491922203
-9.024466983076087,1.0940431769925767,0.04396312705515437,0.005673573005355129,0.008123714294974906,seventeen,3.5076146807201494
-9.024466983076087,1.0940431769925767,0.04396312705515437,0.005673573005355129,0.008123714294974906,nearly seventeen,3.5076146807201494
-9.064279457372571,1.1127594475956388,0.04615807858794055,0.005945957451059686,0.008348129260713941,seventeen thousand,3.463626788899153
-9.096863345516034,1.1280736865654877,0.04798882780885544,0.0061732013496279305,0.008535867229724667,excess,3.4276272867130646
-9.096863345516034,1.1280736865654877,0.04798882780885544,0.0061732013496279305,0.008535867229724667,thousand excess,3.4276272867130646
-9.120361901256505,1.139115665750513,0.049328834043704944,0.006339563287010009,0.00867360469655942,hospitalizations,3.4016664710002997
-9.120361901256505,1.139115665750513,0.049328834043704944,0.006339563287010009,0.00867360469655942,excess hospitalizations,3.4016664710002997
-9.171741393783282,1.1632521699517413,0.052318199647831146,0.006710791538888573,0.008981867925083658,hospitalizations per,3.3449062541850965
-9.18280779984433,1.168449572285502,0.05297302328247093,0.006792127629325784,0.009049576522807499,decade,3.3326814751466234
-9.18280779984433,1.168449572285502,0.05297302328247093,0.006792127629325784,0.009049576522807499,per decade,3.3326814751466234
-9.208995550947998,1.1807469636603223,0.05453849975994832,0.006986603069218691,0.009211714224945313,decade the,3.3037533459274813
-9.253687142509278,1.2017273060976514,0.05726302619132756,0.007325154076017113,0.00949479944357011,Its,3.2543878181611277
-9.262357097780342,1.2057964571821518,0.057799491048987864,0.007391828908578341,0.009550675229303644,shocking,3.244811556926828
-9.262357097780342,1.2057964571821518,0.057799491048987864,0.007391828908578341,0.009550675229303644,its shocking,3.244811556926828
-9.28899074125639,1.2182947058395754,0.059463985419581325,0.007598729757227344,0.009724326746913266,be…,3.215394663279457
-9.28899074125639,1.2182947058395754,0.059463985419581325,0.007598729757227344,0.009724326746913266,shocking be…,3.215394663279457
-9.29865451160548,1.2228288305219845,0.060074176025495404,0.007674588708304031,0.00978809430778408,+6116,3.2047213488426363
-9.29865451160548,1.2228288305219845,0.060074176025495404,0.007674588708304031,0.00978809430778408,be… +6116,3.2047213488426363
-9.309860775068204,1.2280861645255494,0.0607859892473271,0.007763088673847776,0.009862555434735333,+6116 char+s,3.192344628103521
-7.262726916782927,0.26298303756279395,-0.022972608707926598,-0.002599808327265871,0.0016174863568139825,Adaptation,5.45539754376224
-8.664200556269979,0.9244818865712732,0.025962028092991904,0.00344240528404699,0.006310469067795121,climat+e adaptation,3.9057523395496063
-8.54902083455344,0.8702107074487773,0.020822637280872164,0.00280626307162659,0.005801544376907095,Failure,4.033067150925621
-8.54902083455344,0.8702107074487773,0.020822637280872164,0.00280626307162659,0.005801544376907095,adaptation failure,4.033067150925621
-8.402718318658332,0.8012409950401549,0.01466043339885377,0.002044015440426837,0.00519638348426223,failure the,4.194798990688499
-8.248090955308372,0.7283111444103216,0.008550221010689682,0.0012887259963630503,0.004601714604015509,Debt,4.365749663832237
-8.248090955308372,0.7283111444103216,0.008550221010689682,0.0012887259963630503,0.004601714604015509,next debt,4.365749663832237
-8.14231438319309,0.6784033435279828,0.004587179095811952,0.0007991273488210868,0.004218861946944848,Crisis,4.482700873026836
-8.14231438319309,0.6784033435279828,0.004587179095811952,0.0007991273488210868,0.004218861946944848,debt crisis,4.482700873026836
-7.959303585747498,0.5920241621678883,-0.0018926522020663167,-9.353542903475787e-07,0.0035976624220494836,crisis for,4.685059407645326
-7.6721533272054065,0.4564270764124094,-0.01120681862961298,-0.0011499635050530406,0.002715082014899218,Global,5.002596471135705
-7.6721533272054065,0.4564270764124094,-0.01120681862961298,-0.0011499635050530406,0.002715082014899218,the global,5.002596471135705
-7.296710314753467,0.2790432714199538,-0.02205567658292673,-0.0024868827519326647,0.0017023335702868536,South,5.417812156168164
-7.296710314753467,0.2790432714199538,-0.02205567658292673,-0.0024868827519326647,0.0017023335702868536,global south,5.417812156168164
-6.385120571403944,-0.15193983476369732,-0.04364545485031125,-0.005143036374649919,-0.0002645363470241517,south deadly,6.426104156099273
0.9302208159929481,-3.6139114918092954,-0.12056967274159064,-0.014570379396980939,-0.0067229898440958604,deadly storms,14.519111439905497
-3.0926548681029864,-1.709854120802575,-0.09105392012309854,-0.010957793112010939,-0.004352859837373501,storms ripped,10.068451901022943
-6.42384571441614,-0.1336253634570883,-0.0428392092985634,-0.005043946013811336,-0.0001922474142197015,caribbean new,6.3832682636441085
-6.557560281440655,-0.07041369360442928,-0.033724647233570104,-0.01244024943568052,-0.0015372441149123272,new united,6.235379784938778
-6.7036569066331575,-0.0027316213469537054,0.013646545653214881,-0.06700249824418164,-0.012653157212030555,Nations,6.074439590629051
-6.7036569066331575,-0.0027316213469537054,0.013646545653214881,-0.06700249824418164,-0.012653157212030555,united nations,6.074439590629051
-6.82103783558824,0.04800696909697999,0.06968130033250376,-0.13404899809343232,-0.02651288761954418,nations report,5.946713522767857
-6.8811727661024635,0.06811200610174062,0.12391521232150444,-0.20176272638478232,-0.04073546789260376,report delivered,5.883830952905731
-6.8478391125321965,0.016110887187150702,0.24786735261001003,-0.36773689255231534,-0.07652074797652678,sobering,5.9363635075190695
-6.8478391125321965,0.016110887187150702,0.24786735261001003,-0.36773689255231534,-0.07652074797652678,delivered sobering,5.9363635075190695
-6.394245810225539,-0.3238485599633809,0.44084178899607984,-0.6616217567724694,-0.14298311726902907,sobering warning,6.492001585568749
-7.064592700507206,0.1075787185903585,0.27738674010578357,-0.40020456292647116,-0.08328601673470765,warning the,5.701356122023654
-7.415896311494055,0.3067288283346965,0.1927554890351026,-0.2718863772840292,-0.0548058954291589,failing,5.298527517288939
-7.415896311494055,0.3067288283346965,0.1927554890351026,-0.2718863772840292,-0.0548058954291589,world failing,5.298527517288939
-7.599142294965728,0.4034736061758144,0.15598285851719806,-0.21587521515723482,-0.04246398804904461,failing prepare,5.091465455335964
-7.6569182256001955,0.4446992975260158,0.07000171558356928,-0.1031551660631945,-0.018535729760822135,climate has,5.021494468971816
-7.634641621955746,0.4354240282894071,0.05637067118984106,-0.08691139460235722,-0.015183207582180735,has already,5.0455788386536
-7.58199698768665,0.4123859408458972,0.02979666446288269,-0.05578252892160694,-0.008799357868607189,created.The,5.102981537931445
-7.58199698768665,0.4123859408458972,0.02979666446288269,-0.05578252892160694,-0.008799357868607189,already created.the,5.102981537931445
-7.44996044134224,0.3514596147437663,-0.017792047122159836,-0.0019616510899873787,0.0020983953486327523,Environment,5.248322414794475
-7.44996044134224,0.3514596147437663,-0.017792047122159836,-0.0019616510899873787,0.0020983953486327523,created.the environment,5.248322414794475
-8.664200556269979,0.9244818865712732,0.025962028092991904,0.00344240528404699,0.006310469067795121,Programme,3.9057523395496063
-8.664200556269979,0.9244818865712732,0.025962028092991904,0.00344240528404699,0.006310469067795121,environment programm+e,3.9057523395496063
-8.664200556269979,0.9244818865712732,0.025962028092991904,0.00344240528404699,0.006310469067795121,programm+e adaptation,3.9057523395496063
-8.355412376556545,0.7789328267020486,0.012749164745761238,0.0018077055780859833,0.0050097974516464736,Gap,4.247097170287823
-8.355412376556545,0.7789328267020486,0.012749164745761238,0.0018077055780859833,0.0050097974516464736,adaptation gap,4.247097170287823
-8.285964424807414,0.7461772232968824,0.010010871849807298,0.0014692311844065713,0.004743385377482362,Report,4.323876671066961
-8.285964424807414,0.7461772232968824,0.010010871849807298,0.0014692311844065713,0.004743385377482362,gap report,4.323876671066961
-8.14231438319309,0.6784033435279828,0.004587179095811952,0.0007991273488210868,0.004218861946944848,report 2025,4.482700873026836
-7.928828663498409,0.577636927704793,-0.0029283788904383157,-0.00012876347327563445,0.0034989193181899185,aptly,4.718757645723907
-7.928828663498409,0.577636927704793,-0.0029283788904383157,-0.00012876347327563445,0.0034989193181899185,2025 aptly,4.718757645723907
-7.714391215210024,0.4763768730200315,-0.009896571595698948,-0.00098839641601266,0.002838503280814409,titled,4.955886901105037
-7.714391215210024,0.4763768730200315,-0.009896571595698948,-0.00098839641601266,0.002838503280814409,aptly titled,4.955886901105037
-7.361150124567889,0.30949514626783303,-0.02028899180398043,-0.0022692750398402815,0.0018661403434058485,Runni…,5.346543014426315
-7.361150124567889,0.30949514626783303,-0.02028899180398043,-0.0022692750398402815,0.0018661403434058485,titled runni…,5.346543014426315
-6.385120571403944,-0.15193983476369732,-0.04364545485031125,-0.005143036374649919,-0.0002645363470241517,runni… deadly,6.426104156099273
-9.153640326083396,1.1512733330399307,0.10571954417303826,-0.06078102801718432,-0.0050911376363053495,Pro…,3.3664640668696157
-9.153640326083396,1.1512733330399307,0.10571954417303826,-0.06078102801718432,-0.0050911376363053495,environment pro…,3.3664640668696157
-9.171632230193813,1.1599742547463971,0.10387803653524284,-0.05703296953542046,-0.004228642218039378,+5249,3.3464775817751256
-9.171632230193813,1.1599742547463971,0.10387803653524284,-0.05703296953542046,-0.004228642218039378,pro… +5249,3.3464775817751256
-9.188678117709065,1.1681994156916822,0.10225503614300203,-0.05362369997647356,-0.003440461023402281,+5249 char+s,3.327549969744423
-8.625194942290312,0.906105796601643,0.024191560266480408,0.00322321797224155,0.006134715195925233,thousands evacuate,3.9488662263398218
-8.525110726681396,0.8589415044672255,0.019788518594401464,0.002678307844301186,0.005699605412606045,evacuate taiwan,4.059497754754785
-8.387364309810454,0.7940008389883226,0.014035910757773606,0.0019667936269970147,0.005135357330599917,taiwan typhoon,4.211773155962554
-8.016648977654057,0.6190944460946379,8.891676677143245e-05,0.00024366779758570878,0.0037869999399613545,fung-wong approaches,4.621649766577901
-7.627603654721491,0.43538390113362935,-0.012567862660660359,-0.0013177705208420164,0.0025871293865743304,approaches land+fall,5.051863244380658
-7.53064715574482,0.3895812328700097,-0.015458353418504829,-0.0016740671633689403,0.0023162484052994085,killed peopl+e,5.1590881566106
-7.928828663498409,0.577636927704793,-0.0029283788904383157,-0.00012876347327563445,0.0034989193181899185,peopl+e the,4.718757645723907
-8.689989162179959,0.9209443957131036,0.17111912431005388,-0.17731777565571907,-0.03139545007029573,people tuesday,3.8841521129600904
-8.674187578398666,0.8993598127495426,0.22828215488495135,-0.252643436577096,-0.04749757507799104,issuing,3.9077421770781045
-8.674187578398666,0.8993598127495426,0.22828215488495135,-0.252643436577096,-0.04749757507799104,tuesday issuing,3.9077421770781045
-8.568707718009604,0.8075522603897627,0.33377959995599693,-0.40152887286061517,-0.08014362737600464,issuing land,4.042485557670638
-8.365245176258146,0.6369389503368605,0.4461354944647773,-0.5747583787469773,-0.11939892140249905,land warning,4.299500918700202
-8.686303055255449,0.876820725310375,0.3074792267089683,-0.3574967437614024,-0.07011820164262811,warning for,3.9065332803083743
-8.917270149925898,1.0219752177306207,0.20594268582212116,-0.20633012833820832,-0.03672024655612741,arrival typhoon,3.6355509211525447
-9.122725050012175,1.1322933938430202,0.14207914160786017,-0.10885389655877244,-0.015275125042358262,expected dump,3.4025749168784225
-9.140389630544593,1.141252202446173,0.13808724797595862,-0.10240003867683949,-0.013843417456654615,dump large,3.382771116093334
-9.160266403266018,1.1512646402983167,0.13386428352922586,-0.09547297604242827,-0.012302943633571654,volumes,3.360516799013821
-9.160266403266018,1.1512646402983167,0.13386428352922586,-0.09547297604242827,-0.012302943633571654,large volumes,3.360516799013821
-9.193534161006166,1.1678779450083665,0.127411935329303,-0.08464024093957041,-0.00988426178057709,volumes rain,3.3233323836006194
-9.215555552795433,1.1787869992544522,0.12354806912052892,-0.07796880085410325,-0.008387503461657746,rain its,3.2987565830036334
-7.568679936395394,0.40632179967834725,0.02537711726490606,-0.05080987948043442,-0.007791897499454579,mountainous,5.117606424368483
-9.225973345381982,1.1839259141359726,0.12182898178127631,-0.07494511370111441,-0.0077069833609804735,its mountainous,3.2871398743547755
-7.115620907594419,0.1927567054260133,0.004972192537745432,-0.042518398447706725,-0.006908708942538099,east,5.618441353984947
-9.25515793464675,1.1982545419329669,0.11737147579198477,-0.06690757141601704,-0.005890411533394686,mountainous east,3.2546260308555075
-9.26649922223949,1.2037980186419945,0.11577724563213614,-0.06394991040487945,-0.005218782554057678,east coast,3.2420017325558286
-9.287918925898243,1.2142336825105866,0.11296862016921379,-0.05860524604007108,-0.004000079387842269,+2023,3.2181736989893026
-9.287918925898243,1.2142336825105866,0.11296862016921379,-0.05860524604007108,-0.004000079387842269,coast +2023,3.2181736989893026
-9.300037686628231,1.2201196453143792,0.1114932955868252,-0.0557162978807803,-0.003338327425017213,+2023 chars,3.20470034111557
-5.525348216616832,-0.5586432773905261,-0.05959939411431703,-0.007102320526824791,-0.0016763166438526203,Atmospheric,7.377184090138277
4.75137534241045,-5.422426827902357,-0.13633960296126488,-0.016502703910935314,-0.007919906818296876,river,18.746595262041744
4.75137534241045,-5.422426827902357,-0.13633960296126488,-0.016502703910935314,-0.007919906818296876,atmospheric river,18.746595262041744
0.9302208159929481,-3.6139114918092954,-0.12056967274159064,-0.014570379396980939,-0.0067229898440958604,river storm,14.519111439905497
-6.6641463357447,-0.019988693815967906,-0.03763791766871212,-0.004404505866058367,0.00027627588132775327,storm bring,6.117463876386458
-7.071893619035383,0.1727859371464664,-0.027941683548418333,-0.0032115949693514046,0.0011597053269602631,bring rain,5.6664628553489305
-0.015652537477151895,-3.166221367372982,-0.11519079059393206,-0.013912033354413359,-0.006302513076784076,thunderstorms,13.47265240394083
-6.385120571403944,-0.15193983476369732,-0.04364545485031125,-0.005143036374649919,-0.0002645363470241517,rain thunderstorms,6.426104156099273
-6.781585203013333,0.03554057516761322,-0.034963935480850465,-0.004075644605969792,0.0005186036344663669,SLO,5.987564083629794
-6.781585203013333,0.03554057516761322,-0.034963935480850465,-0.004075644605969792,0.0005186036344663669,thunderstorms slo,5.987564083629794
-7.152784890969882,0.21102129552302795,-0.025871743137001267,-0.0029567839476811247,0.0013499850397721575,slo county,5.576994531384356
-7.897035202069215,0.5626262554438695,-0.003996412510400185,-0.000260563771099339,0.0033972540139853326,her+e when,4.753914316768245
-8.228270571769649,0.7189605066759761,0.007794745770927924,0.0011953770227270937,0.004528559151204295,when inches,4.3876634642011485
-7.238014535384943,0.24672193726369374,0.06230107274086687,-0.11009470287997254,-0.020797032421837346,rain could,5.48480653614521
-8.54902083455344,0.8702107074487773,0.020822637280872164,0.00280626307162659,0.005801544376907095,could fall,4.033067150925621
3.350737951423458,-4.759533952190315,-0.13147525546542205,-0.015906076783850913,-0.007557075921908216,San,17.19702328196383
-8.63522783684793,0.910832720596862,0.02464395370342605,0.003279220856767618,0.00617958064277333,fall san,3.937776486839166
-7.644699515546431,0.44345935936358183,-0.012048069136793266,-0.0012536865538544393,0.0026359650315765197,Luis,5.032957124182428
-7.644699515546431,0.44345935936358183,-0.012048069136793266,-0.0012536865538544393,0.0026359650315765197,san luis,5.032957124182428
-7.668709916215553,0.454800623941249,-0.011312777743138831,-0.0011630283795058668,0.0027051114588066017,Obispo,5.006404460210626
-7.668709916215553,0.454800623941249,-0.011312777743138831,-0.0011630283795058668,0.0027051114588066017,luis obispo,5.006404460210626
-7.69494602794564,0.4671926960612489,-0.010502203312617323,-0.0010630799143117676,0.002781424847797545,obispo county,4.977390651872276
-8.829780634835116,1.0024529780194922,0.0338456024122412,0.0044189582402232655,0.007098654996985103,resulting,3.722748624046855
-8.829780634835116,1.0024529780194922,0.0338456024122412,0.0044189582402232655,0.007098654996985103,county resulting,3.722748624046855
-8.908755340186907,1.0396190505416463,0.03783181623079615,0.004913084089516476,0.007500690478703416,resulting flood,3.6354737906062864
-8.94086051208764,1.0547232926763213,0.03949727182567041,0.00511960131293834,0.00766936471380732,risks,3.5999965029120062
-8.94086051208764,1.0547232926763213,0.03949727182567041,0.00511960131293834,0.00766936471380732,flood risks,3.5999965029120062
-8.975446691565807,1.070991544188785,0.04132170585246299,0.005345879208749276,0.007854617278653874,risks the,3.561779050214418
-9.032763617327518,1.0979439234052946,0.044416804944107616,0.005729866632773627,0.008170039131696291,national weather,3.498447736863777
-9.064279457372571,1.1127594475956388,0.04615807858794055,0.005945957451059686,0.008348129260713941,Service,3.463626788899153
-9.064279457372571,1.1127594475956388,0.04615807858794055,0.005945957451059686,0.008348129260713941,weather service,3.463626788899153
-9.093380242276927,1.1264368159677454,0.04779162225772543,0.0061487205484079335,0.008515619856897166,service says,3.431475432417104
-8.980158319033016,1.073207480652963,0.04157272548763391,0.005377016136695684,0.007880144896241824,county about,3.556572857561738
-8.93567610559492,1.0522844209622846,0.03922651918381602,0.0050860250668865355,0.0076419151221984345,experience,3.6057253600576233
-8.93567610559492,1.0522844209622846,0.03922651918381602,0.0050860250668865355,0.0076419151221984345,about experience,3.6057253600576233
-8.874053097310616,1.0232898882580428,0.03606122087704844,0.004693574498773039,0.007321822418521426,experience some,3.6738223113436232
-8.842882685087389,1.0086199898658852,0.03449633124979981,0.004499605759298218,0.0071641237864190545,some weather,3.708269079733725
-8.78805706046357,0.9828113229549289,0.03180051880557995,0.0041655429684341,0.0068933109125155715,whiplash,3.7688600720033465
-8.78805706046357,0.9828113229549289,0.03180051880557995,0.0041655429684341,0.0068933109125155715,weather whiplash,3.7688600720033465
-8.70907044978232,0.945616900603258,0.028038265839295362,0.003699505108891221,0.006517160800825667,whiplash after,3.8561582278982494
-8.63522783684793,0.910832720596862,0.02464395370342605,0.003279220856767618,0.00617958064277333,multi-day,3.937776486839166
-8.63522783684793,0.910832720596862,0.02464395370342605,0.003279220856767618,0.00617958064277333,after multi-day,3.937776486839166
-8.525110726681396,0.8589415044672255,0.019788518594401464,0.002678307844301186,0.005699605412606045,heat,4.059497754754785
-8.525110726681396,0.8589415044672255,0.019788518594401464,0.002678307844301186,0.005699605412606045,multi-day heat,4.059497754754785
-8.46038609530353,0.8284308589064298,0.017042894792876018,0.0023386556387175756,0.005429704198076386,wave,4.1310475776448605
-8.46038609530353,0.8284308589064298,0.017042894792876018,0.0023386556387175756,0.005429704198076386,heat wave,4.1310475776448605
4.067994357702309,-5.098422812776852,-0.08168393606122025,-0.08164751187442859,-0.02130659089427331,heavy,17.990374447606282
-8.371601890437951,0.7865677276745899,0.01339897637384535,0.0018880427477311439,0.005073175997210811,wave heavy,4.229198993709713
5.595822807923115,-5.8212825601118405,-0.09879019838536543,-0.06677171777347839,-0.018444074221258284,heavy rain,19.68054792153982
-8.14231438319309,0.6784033435279828,0.004587179095811952,0.0007991273488210868,0.004218861946944848,cooler,4.482700873026836
-8.14231438319309,0.6784033435279828,0.004587179095811952,0.0007991273488210868,0.004218861946944848,rain cool+er,4.482700873026836
-8.842882685087389,1.0086199898658852,0.03449633124979981,0.004499605759298218,0.0071641237864190545,cool+er weather,3.708269079733725
-7.6721533272054065,0.4564270764124094,-0.01120681862961298,-0.0011499635050530406,0.002715082014899218,weather and,5.002596471135705
-7.361150124567889,0.30949514626783303,-0.02028899180398043,-0.0022692750398402815,0.0018661403434058485,chance,5.346543014426315
-7.361150124567889,0.30949514626783303,-0.02028899180398043,-0.0022692750398402815,0.0018661403434058485,and chance,5.346543014426315
-6.385120571403944,-0.15193983476369732,-0.04364545485031125,-0.005143036374649919,-0.0002645363470241517,chance thunderstorms,6.426104156099273
-6.385120571403944,-0.15193983476369732,-0.04364545485031125,-0.005143036374649919,-0.0002645363470241517,thunderstorms are,6.426104156099273
-8.82308479959367,0.9993011491889134,0.033514635031240886,0.004377942466608206,0.007065380997442675,are the,3.7301485034834934
-8.82308479959367,0.9993011491889134,0.033514635031240886,0.004377942466608206,0.007065380997442675,way the,3.7301485034834934
-6.868000552913316,0.07639761437190051,-0.03293701877318511,-0.003826305547825224,0.0007029515034679724,Coast,5.891981066644442
-8.267312251839886,0.7373786598647243,0.009288696523158654,0.0013799820678727318,0.004673302468379586,accordi…,4.34449844737353
-8.267312251839886,0.7373786598647243,0.009288696523158654,0.0013799820678727318,0.004673302468379586,coast accordi…,4.34449844737353
-8.432270270058904,0.8151751439227377,0.015873984845007294,0.002194085960790449,0.005315127708532806,+4731,4.16212917431229
-8.432270270058904,0.8151751439227377,0.015873984845007294,0.002194085960790449,0.005315127708532806,accordi… +4731,4.16212917431229
-8.512752998369127,0.8531167242487119,0.01925829517318954,0.002612707293243692,0.005647398330552507,+4731 chars,4.073158355139917
-5.548992172360944,-0.5474570211405476,-0.059204840860972344,-0.007053899447802226,-0.0016418333713648344,Midnight,7.351028292471558
-8.557722806413917,0.8743118288783083,0.02120172205119443,0.0028531724119597087,0.00583895175060237,Beta,4.023447969549657
-8.557722806413917,0.8743118288783083,0.02120172205119443,0.0028531724119597087,0.00583895175060237,midnight beta,4.023447969549657
-7.3698970969004405,0.31362845813456897,-0.02004630507586465,-0.0022393795014556354,0.001888676046622735,Test,5.336869122300555
-9.354070334777195,1.248821247228019,0.06363935156583121,0.008117927053463736,0.010161836647587394,beta test,3.1435199652452166
-6.735216302001076,0.013616291188903507,-0.03603057845610254,-0.004206836620011628,0.000421821087470047,Development,6.038852717002945
-7.4677479662759545,0.35986395368080837,-0.01728301517502473,-0.0018989284554383644,0.0021458495393895105,test development,5.228650403399814
-6.889297212363534,0.08646619824466972,-0.03242948890238358,-0.003763864464745718,0.000749200359145245,Notes,5.868425283444806
-6.889297212363534,0.08646619824466972,-0.03242948890238358,-0.003763864464745718,0.000749200359145245,development notes,5.868425283444806
-7.817740746998196,0.5251848351016006,-0.006606097007996019,-0.0005825466947665106,0.0031495133487468747,Blue,4.8415986264751965
-9.313505758801673,1.2297960618532482,0.061018501698867814,0.007791998722058593,0.009886895205287002,notes blue,3.18831899077625
-9.304309390570614,1.2254818432533259,0.06043279951865395,0.0077191755011761076,0.009825599169568836,Topic,3.1984758058339384
-9.304309390570614,1.2254818432533259,0.06043279951865395,0.0077191755011761076,0.009825599169568836,blue topic,3.1984758058339384
-9.375347019451402,1.258797159925573,0.06503893877061566,0.008292023225485884,0.010309103816191701,topic midnight,3.1200236107444823
-9.346070793722792,1.2450699819409032,0.06311762051253551,0.008053036175428343,0.010107018144315812,beta development,3.1523542959917363
-7.881689966095781,0.5553809565082117,-0.004507406781859277,-0.00032361742132745383,0.0033486694942523824,NEW,4.770882973139143
-9.221360109834034,1.1865522648107836,0.055285522676606455,0.007079417174694094,0.009289217397523857,notes new,3.290095324141064
-9.211505555536096,1.181925487607315,0.05468973272880137,0.007005392368589505,0.00922739758776859,FEATURES,3.3009807470360704
-9.211505555536096,1.181925487607315,0.05468973272880137,0.007005392368589505,0.00922739758776859,new feature+s,3.3009807470360704
-9.188209821798097,1.1709864972799924,0.05329411256453778,0.006832012738678287,0.009082801198027577,Expansion,3.3267140719327313
-9.188209821798097,1.1709864972799924,0.05329411256453778,0.006832012738678287,0.009082801198027577,feature+s expansion,3.3267140719327313
-9.16030895023606,1.157882381078342,0.05164584434636377,0.006627284628257931,0.008912415179315441,Introduction,3.3575355967122005
-9.16030895023606,1.157882381078342,0.05164584434636377,0.006627284628257931,0.008912415179315441,expansion introduction,3.3575355967122005
-9.120361901256505,1.139115665750513,0.049328834043704944,0.006339563287010009,0.00867360469655942,introduction and,3.4016664710002997
-9.375347019451402,1.258797159925573,0.06503893877061566,0.008292023225485884,0.010309103816191701,and midnight,3.1200236107444823
-9.075458178549544,1.1180137750413324,0.04678262918372769,0.006023474848067249,0.008412117790454691,Campaign,3.4512760805237295
-9.075458178549544,1.1180137750413324,0.04678262918372769,0.006023474848067249,0.008412117790454691,midnight campaig+n,3.4512760805237295
-9.040887344249926,1.1017631686314084,0.044862920058706623,0.005785224860558455,0.008215622115274534,Leveling,3.489471930399925
-9.040887344249926,1.1017631686314084,0.044862920058706623,0.005785224860558455,0.008215622115274534,campaig+n leveling,3.489471930399925
-9.002926872776557,1.083914894175511,0.04279428457120785,0.005528553949012225,0.008004507662649242,81-90,3.531414767243245
-9.002926872776557,1.083914894175511,0.04279428457120785,0.005528553949012225,0.008004507662649242,leveling 81-90,3.531414767243245
-8.975446691565807,1.070991544188785,0.04132170585246299,0.005345879208749276,0.007854617278653874,81-90 all,3.561779050214418
-8.956038595811178,1.0618630036115546,0.0402940034529361,0.005218410939534509,0.007750203163146754,Zones,3.583224655164165
-8.956038595811178,1.0618630036115546,0.0402940034529361,0.005218410939534509,0.007750203163146754,all zone+s,3.583224655164165
-8.925111787389003,1.0473144778168448,0.038676973124290054,0.005017878776252607,0.007586234509913746,zone+s the,3.6173992132153345
-8.90316123868857,1.0369869569751067,0.03754433499932469,0.004877440448698651,0.007471616900796568,battle,3.6416555868890996
-8.90316123868857,1.0369869569751067,0.03754433499932469,0.004877440448698651,0.007471616900796568,the battle,3.6416555868890996
-8.861845934071283,1.0175450578780016,0.03544553004226057,0.00461725505499622,0.007259733941948433,battle between,3.6873124523120797
-8.809391287819267,0.9928550732078512,0.03284109765842695,0.004294478002285922,0.006997716657085328,Light,3.74528199188313
-8.809391287819267,0.9928550732078512,0.03284109765842695,0.004294478002285922,0.006997716657085328,between light,3.74528199188313
-9.120361901256505,1.139115665750513,0.049328834043704944,0.006339563287010009,0.00867360469655942,light and,3.4016664710002997
-8.70041439359228,0.9415399755383347,0.02763436765522463,0.0036494856473441688,0.006476902794247846,Void,3.86572550816521
-8.70041439359228,0.9415399755383347,0.02763436765522463,0.0036494856473441688,0.006476902794247846,the void,3.86572550816521
-8.654724682624323,0.9200179484181765,0.025529014765699215,0.0033887932340644755,0.006267441650877658,spans,3.9162261364571944
-8.654724682624323,0.9200179484181765,0.025529014765699215,0.0033887932340644755,0.006267441650877658,void spans,3.9162261364571944
-8.593880825393816,0.8913511356152333,0.02279270332156813,0.0030500686557798553,0.005996174348257813,spans across,3.983479468109561
-8.512752998369127,0.8531167242487119,0.01925829517318954,0.002612707293243692,0.005647398330552507,across four,4.073158355139917
-8.446500262633714,0.8218842900894612,0.016463828933612534,0.0022670349098472455,0.005372919596871627,four new,4.1463980731189665
-8.387364309810454,0.7940008389883226,0.014035910757773606,0.0019667936269970147,0.005135357330599917,zones,4.211773155962554
-8.387364309810454,0.7940008389883226,0.014035910757773606,0.0019667936269970147,0.005135357330599917,new zone+s,4.211773155962554
-8.267312251839886,0.7373786598647243,0.009288696523158654,0.0013799820678727318,0.004673302468379586,Eversong,4.34449844737353
-8.267312251839886,0.7373786598647243,0.009288696523158654,0.0013799820678727318,0.004673302468379586,zone+s eversong,4.34449844737353
-8.06969543604385,0.644132326018386,0.0019610104426007607,0.00047480629846994096,0.0039663855994012814,Woods,4.562995055625408
-8.06969543604385,0.644132326018386,0.0019610104426007607,0.00047480629846994096,0.0039663855994012814,eversong woods,4.562995055625408
-7.86382374827365,0.5469450947319627,-0.005098710215350313,-0.0003965763818133171,0.003292495024643065,Zul,4.790639438079116
-7.86382374827365,0.5469450947319627,-0.005098710215350313,-0.0003965763818133171,0.003292495024643065,woods zul,4.790639438079116
-7.714391215210024,0.4763768730200315,-0.009896571595698948,-0.00098839641601266,0.002838503280814409,Aman,4.955886901105037
-7.714391215210024,0.4763768730200315,-0.009896571595698948,-0.00098839641601266,0.002838503280814409,zul aman,4.955886901105037
-7.421325985953185,0.33792984607962184,-0.018605162127230353,-0.0020618357555455703,0.0020226678636915824,Harandar,5.27999071784519
-7.421325985953185,0.33792984607962184,-0.018605162127230353,-0.0020618357555455703,0.0020226678636915824,aman harandar,5.27999071784519
-9.120361901256505,1.139115665750513,0.049328834043704944,0.006339563287010009,0.00867360469655942,harandar and,3.4016664710002997
-5.793739386767405,-0.43166918346004524,-0.05498535565937663,-0.006535964451914325,-0.001271683827724958,Voidstorm,7.08028256798607
-5.793739386767405,-0.43166918346004524,-0.05498535565937663,-0.006535964451914325,-0.001271683827724958,and voidstorm,7.08028256798607
-6.385120571403944,-0.15193983476369732,-0.04364545485031125,-0.005143036374649919,-0.0002645363470241517,Silvermoon,6.426104156099273
-7.421325985953185,0.33792984607962184,-0.018605162127230353,-0.0020618357555455703,0.0020226678636915824,Ci…,5.27999071784519
-7.421325985953185,0.33792984607962184,-0.018605162127230353,-0.0020618357555455703,0.0020226678636915824,silvermoon ci…,5.27999071784519
-7.627603654721491,0.43538390113362935,-0.012567862660660359,-0.0013177705208420164,0.0025871293865743304,ci… midnight,5.051863244380658
-7.959303585747498,0.5920241621678883,-0.0018926522020663167,-9.353542903475787e-07,0.0035976624220494836,Alpha,4.685059407645326
-7.959303585747498,0.5920241621678883,-0.0018926522020663167,-9.353542903475787e-07,0.0035976624220494836,midnight alpha,4.685059407645326
-8.118960986054253,0.667382847332751,0.003734471601218037,0.0006938111355531962,0.00413677679996567,alpha test,4.508522237633047
-8.525110726681396,0.8589415044672255,0.019788518594401464,0.002678307844301186,0.005699605412606045,CHARACTER,4.059497754754785
-8.525110726681396,0.8589415044672255,0.019788518594401464,0.002678307844301186,0.005699605412606045,notes character,4.059497754754785
-8.63522783684793,0.910832720596862,0.02464395370342605,0.003279220856767618,0.00617958064277333,LEVEL,3.937776486839166
-8.63522783684793,0.910832720596862,0.02464395370342605,0.003279220856767618,0.00617958064277333,character level,3.937776486839166
-8.70041439359228,0.9415399755383347,0.02763436765522463,0.0036494856473441688,0.006476902794247846,Developers,3.86572550816521
-8.70041439359228,0.9415399755383347,0.02763436765522463,0.0036494856473441688,0.006476902794247846,level developer+s,3.86572550816521
-8.78805706046357,0.9828113229549289,0.03180051880557995,0.0041655429684341,0.0068933109125155715,notes,3.7688600720033465
-8.78805706046357,0.9828113229549289,0.03180051880557995,0.0041655429684341,0.0068933109125155715,developer+s notes,3.7688600720033465
-8.83637914332448,1.0055588866745822,0.03417280883863366,0.004459509510222628,0.007131566857874316,notes with,3.7154563527576876
-8.867991664202805,1.020437356147013,0.03575504139752403,0.004655620584160691,0.007290939126539844,each,3.680520782276677
-8.867991664202805,1.020437356147013,0.03575504139752403,0.004655620584160691,0.007290939126539844,with each,3.680520782276677
-8.897493542062538,1.0343201511735964,0.0372538829076529,0.004841429704078136,0.00744225540870703,phase,3.647918747776874
-8.897493542062538,1.0343201511735964,0.0372538829076529,0.004841429704078136,0.00744225540870703,each phase,3.647918747776874
-8.951040481808768,1.0595119818428251,0.04003096915424399,0.005185788722583955,0.007723504492480986,encourage,3.5887475607664485
-8.951040481808768,1.0595119818428251,0.04003096915424399,0.005185788722583955,0.007723504492480986,phase encourage,3.5887475607664485
-8.99847513053162,1.0818214851409966,0.042554324870978905,0.005498784519739595,0.007980060431824322,players,3.536333661498305
-8.99847513053162,1.0818214851409966,0.042554324870978905,0.005498784519739595,0.007980060431824322,encourage players,3.536333661498305
-9.044886247427108,1.1036431155589272,0.04508321185690198,0.005812561874522702,0.008238142126516227,players make,3.4850536250123993
-9.071768565462266,1.1162795933996734,0.04657608691488756,0.005997838774211547,0.008390949875506154,make new,3.4553524959667055
-9.086314356016064,1.1231161061465211,0.04739268133443336,0.006099198416572693,0.008474678146360402,template,3.439281905843917
-9.086314356016064,1.1231161061465211,0.04739268133443336,0.006099198416572693,0.008474678146360402,new template,3.439281905843917
-9.117096222282164,1.1375812351662313,0.04914160416476865,0.00631631704139142,0.008654343105812931,character,3.405274288810724
-9.117096222282164,1.1375812351662313,0.04914160416476865,0.00631631704139142,0.008654343105812931,template character,3.405274288810724
-9.148489639903458,1.1523303818329633,0.05095510144080828,0.006541501132294021,0.008841135342560136,character and,3.370592530694408
-7.862774580437613,0.5463163709737664,0.0005526530712163247,0.00996296031738625,-0.0006922925067680994,avoid,4.791867356808624
-7.862774580437613,0.5463163709737664,0.0005526530712163247,0.00996296031738625,-0.0006922925067680994,and avoid,4.791867356808624
-9.17731911174714,1.1658718347499233,0.05264775170173748,0.006751724606933147,0.009015935274802822,avoid using,3.3387446648349477
-9.193527454002828,1.1734836832357065,0.05361111448514966,0.006871391668107019,0.009115618520989398,using their,3.3208399385671616
-9.208995550947998,1.1807469636603223,0.05453849975994832,0.006986603069218691,0.009211714224945313,previous,3.3037533459274813
-9.208995550947998,1.1807469636603223,0.05453849975994832,0.006986603069218691,0.009211714224945313,their previous,3.3037533459274813
-9.23092876826939,1.191044446284586,0.05586714932795145,0.007151687490448045,0.00934962059843597,characters,3.2795258667020324
-9.23092876826939,1.191044446284586,0.05586714932795145,0.007151687490448045,0.00934962059843597,previous characters,3.2795258667020324
-9.262357097780342,1.2057964571821518,0.057799491048987864,0.007391828908578341,0.009550675229303644,characters they,3.244811556926828
-9.272870904403888,1.2107305810858382,0.058453568648977175,0.007473127305252786,0.009618861614424839,coul…,3.233198885112815
-9.272870904403888,1.2107305810858382,0.058453568648977175,0.007473127305252786,0.009618861614424839,they coul…,3.233198885112815
-9.287020988911214,1.217370472303787,0.05934002225933015,0.007583319349552484,0.009711379166901339,+99706,3.2175702114868012
-9.287020988911214,1.217370472303787,0.05934002225933015,0.007583319349552484,0.009711379166901339,coul… +99706,3.2175702114868012
-9.30055117034366,1.2237186723594644,0.06019433007028065,0.007689526948760522,0.009800657782934229,+99706 char+s,3.202626573181388
-5.256232608837688,-0.6859707860736242,-0.06393855486659283,-0.007634731945738277,-0.0020540954720792252,X5.1,7.674892139878637
-6.255090913301205,-0.21343831645938716,-0.046291577070771354,-0.005468201049194129,-0.0005011555030782367,x5.1 solar,6.56993808426323
-1.078698458395003,-2.663068793049229,-0.10816627969618386,-0.013052395744929994,-0.005745307048873399,flare,12.296560854378608
-1.078698458395003,-2.663068793049229,-0.10816627969618386,-0.013052395744929994,-0.005745307048873399,solar flare,12.296560854378608
-4.185821585348812,-1.1924922340155728,-0.0788389811189619,-0.009461597618930855,-0.003330768221219657,flare geomagnetic,8.85906650496498
-6.983866526815129,0.1311742241937952,-0.030136246132165687,-0.0034816889272804566,0.000958617645081406,watch her+e,5.763825201775101
-5.851682574912046,-0.40425824448317504,-0.053948710964358104,-0.0064086885791739805,-0.0011803618851522982,her+e she,7.016185021197761
-6.105429986341157,-0.2842267061950099,-0.04922595325539983,-0.005828693637800867,-0.0007624100570368664,blows,6.7354898082949255
-6.105429986341157,-0.2842267061950099,-0.04922595325539983,-0.005828693637800867,-0.0007624100570368664,she blows,6.7354898082949255
-6.445052938398448,-0.12359590442754254,-0.042394045200615044,-0.004989230564032604,-0.0001522947645703817,Sunspot,6.359809934371794
-6.734019810592596,0.013050552309668895,-0.036057912174011206,-0.004210198357198033,0.00041934301608580974,sunspot region,6.04017616067374
-6.040424951035851,-0.31497513472187366,-0.05046518731351064,-0.0059809061941160585,-0.0008723810932665336,4274,6.807397736524843
-6.040424951035851,-0.31497513472187366,-0.05046518731351064,-0.0059809061941160585,-0.0008723810932665336,region 4274,6.807397736524843
-7.053601768131676,0.16413939370882202,-0.02840259956439068,-0.0032683267712867326,0.0011174162920767304,produced,5.686694421232247
-7.053601768131676,0.16413939370882202,-0.02840259956439068,-0.0032683267712867326,0.0011174162920767304,4274 produced,5.686694421232247
-7.237884703599546,0.2512424468835732,-0.02363658753105636,-0.0026815745775580274,0.0015561186249033162,produced its,5.482873029516642
-7.309120678789222,0.2849081340135604,-0.021718306164124762,-0.002445330920935819,0.0017335810715317515,its strongest,5.404086457793661
-6.116527794735849,-0.27897735658847367,-0.049012292845483835,-0.005802448425775755,-0.0007434279079018358,strongest solar,6.723213565885379
-7.6210765958752384,0.43230070086589034,-0.012765500766266563,-0.0013421358719313877,0.0025685707695908503,thus,5.059081471243746
-7.6210765958752384,0.43230070086589034,-0.012765500766266563,-0.0013421358719313877,0.0025685707695908503,flare thus,5.059081471243746
-0.47627872441429453,-2.948201590353756,-0.11228639570931953,-0.013556596569536988,-0.006073204130907451,far,12.963042466328382
-7.67808018267061,0.45922653183922746,-0.011024139370017831,-0.0011274386065319693,0.0027322754718711803,thus far,4.996042107563086
-7.720895420545859,0.4794488144097442,-0.009693060358169407,-0.0009632993349988671,0.00285769491777119,far since,4.948694158844677
-7.809353751503691,0.5212243189043364,-0.006877721125542149,-0.0006160544646638391,0.0031237825539420956,since appeared,4.850873167680776
-7.91312392471755,0.5702223569561697,-0.0034575268988216723,-0.00019406470350631817,0.003448530101971447,appeared the,4.736123625375325
-7.944682749900217,0.5851217676160338,-0.002391037536878457,-6.244726445825757e-05,0.003550129021925856,the east,4.70122662989887
-7.982270176574004,0.602866099959928,-0.0011042133844060137,9.638249145961161e-05,0.003672930973558454,limb,4.659663928353601
-7.982270176574004,0.602866099959928,-0.0011042133844060137,9.638249145961161e-05,0.003672930973558454,east limb,4.659663928353601
-9.002926872776557,1.083914894175511,0.04279428457120785,0.005528553949012225,0.008004507662649242,limb and,3.531414767243245
-9.036846713556578,1.0998635540159774,0.044640793638050125,0.005757660917665865,0.00819292199783402,sixth,3.4939363623415765
-9.036846713556578,1.0998635540159774,0.044640793638050125,0.005757660917665865,0.00819292199783402,the sixth,3.4939363623415765
-8.525110726681396,0.8589415044672255,0.019788518594401464,0.002678307844301186,0.005699605412606045,sixth strongest,4.059497754754785
-8.93567610559492,1.0522844209622846,0.03922651918381602,0.0050860250668865355,0.0076419151221984345,flare the,3.6057253600576233
-9.040887344249926,1.1017631686314084,0.044862920058706623,0.005785224860558455,0.008215622115274534,current,3.489471930399925
-9.040887344249926,1.1017631686314084,0.044862920058706623,0.005785224860558455,0.008215622115274534,the current,3.489471930399925
-8.63522783684793,0.910832720596862,0.02464395370342605,0.003279220856767618,0.00617958064277333,current solar,3.937776486839166
-8.980158319033016,1.073207480652963,0.04157272548763391,0.005377016136695684,0.007880144896241824,cycle,3.556572857561738
-8.980158319033016,1.073207480652963,0.04157272548763391,0.005377016136695684,0.007880144896241824,solar cycle,3.556572857561738
-8.930426987977121,1.0498150319199488,0.0389531022088644,0.0050521195188340424,0.0076142065600073045,impressive,3.6115257578327733
-8.867991664202805,1.020437356147013,0.03575504139752403,0.004655620584160691,0.007290939126539844,long,3.680520782276677
-8.867991664202805,1.020437356147013,0.03575504139752403,0.004655620584160691,0.007290939126539844,impressiv+e long,3.680520782276677
-8.83637914332448,1.0055588866745822,0.03417280883863366,0.004459509510222628,0.007131566857874316,duration,3.7154563527576876
-8.83637914332448,1.0055588866745822,0.03417280883863366,0.004459509510222628,0.007131566857874316,long duration,3.7154563527576876
-8.773272027494844,0.9758501866407363,0.031085568432056856,0.004076964761885956,0.006821669623294531,duration and,3.785200416822074
-8.742240169530103,0.9612380519674757,0.02960117240087605,0.003893080495525362,0.0066731671577248425,highly,3.819497394604099
-8.742240169530103,0.9612380519674757,0.02960117240087605,0.003893080495525362,0.0066731671577248425,and highly,3.819497394604099
-8.682635079537773,0.9331655838726289,0.026809835596675297,0.0035473814762933785,0.006394792940347737,eruptive,3.885376673775027
-8.682635079537773,0.9331655838726289,0.026809835596675297,0.0035473814762933785,0.006394792940347737,highly eruptiv+e,3.885376673775027
-8.593880825393816,0.8913511356152333,0.02279270332156813,0.0030500686557798553,0.005996174348257813,eruptiv+e x5.1,3.983479468109561
-8.525110726681396,0.8589415044672255,0.019788518594401464,0.002678307844301186,0.005699605412606045,R3-strong,4.059497754754785
-8.525110726681396,0.8589415044672255,0.019788518594401464,0.002678307844301186,0.005699605412606045,x5.1 r3-strong,4.059497754754785
-8.371601890437951,0.7865677276745899,0.01339897637384535,0.0018880427477311439,0.005073175997210811,r3-strong solar,4.229198993709713
-8.14231438319309,0.6784033435279828,0.004587179095811952,0.0007991273488210868,0.004218861946944848,pea…,4.482700873026836
-8.14231438319309,0.6784033435279828,0.004587179095811952,0.0007991273488210868,0.004218861946944848,flare pea…,4.482700873026836
-8.593880825393816,0.8913511356152333,0.02279270332156813,0.0030500686557798553,0.005996174348257813,pea… x5.1,3.983479468109561
-7.071893619035383,0.1727859371464664,-0.027941683548418333,-0.0032115949693514046,0.0011597053269602631,watch tuesday,5.6664628553489305
-7.754513288962295,0.49532601792614317,-0.008633632877620485,-0.0008326415147645863,0.0029576951175699553,November,4.911517740692276
-7.754513288962295,0.49532601792614317,-0.008633632877620485,-0.0008326415147645863,0.0029576951175699553,tuesday november,4.911517740692276
-8.043675002526344,0.6318510828620825,0.001037930987456026,0.00036083211800063547,0.003877873512603769,november 2025,4.591766287283786
-8.164879785188976,0.6890513719522318,0.005418620261939705,0.0009018266002088771,0.00429899911269266,19:07,4.457751054588845
-8.164879785188976,0.6890513719522318,0.005418620261939705,0.0009018266002088771,0.00429899911269266,2025 19:07,4.457751054588845
-8.285964424807414,0.7461772232968824,0.010010871849807298,0.0014692311844065713,0.004743385377482362,UTC,4.323876671066961
-8.285964424807414,0.7461772232968824,0.010010871849807298,0.0014692311844065713,0.004743385377482362,19:07 utc,4.323876671066961
-8.371601890437951,0.7865677276745899,0.01339897637384535,0.0018880427477311439,0.005073175997210811,utc her+e,4.229198993709713
-9.154449019871064,1.155129802246213,0.051302827198978884,0.0065846843547998305,0.008877009055443965,+3120,3.3640091040683777
-9.154449019871064,1.155129802246213,0.051302827198978884,0.0065846843547998305,0.008877009055443965,limb +3120,3.3640091040683777
-9.171741393783282,1.1632521699517413,0.052318199647831146,0.006710791538888573,0.008981867925083658,+3120 chars,3.3449062541850965
-5.3021452405288905,-0.6642473244314919,-0.06321739930970155,-0.007546260192898728,-0.0019914951774351727,powerful solar,7.62410115113895
0.8241557752645097,-3.5632422078706556,-0.09074037932312749,-0.05090770115292273,-0.014210616068827913,storm could,14.401607465741042
-9.01168399295467,1.0880327117142823,0.04326791573088401,0.005587315214553093,0.008052786974639212,Trigger,3.5217387793634893
-6.683394269165177,-0.010887258823585544,-0.03720583826665951,-0.004351372141230624,0.00031536565493791094,could trigger,6.096173476310593
-8.975446691565807,1.070991544188785,0.04132170585246299,0.005345879208749276,0.007854617278653874,Far-Reaching,3.561779050214418
-8.975446691565807,1.070991544188785,0.04132170585246299,0.005345879208749276,0.007854617278653874,trigger far-reaching,3.561779050214418
-8.908755340186907,1.0396190505416463,0.03783181623079615,0.004913084089516476,0.007500690478703416,Auroras,3.6354737906062864
-8.908755340186907,1.0396190505416463,0.03783181623079615,0.004913084089516476,0.007500690478703416,far-reaching aurora+s,3.6354737906062864
-8.861845934071283,1.0175450578780016,0.03544553004226057,0.00461725505499622,0.007259733941948433,aurora+s across,3.6873124523120797
-8.816289194156663,0.9961022460452744,0.03317982737800172,0.00433645241400462,0.007031737434696516,across u.s,3.737658693210592
-8.717576828893145,0.9496231737455976,0.028436767326681045,0.0037488585506096003,0.006556904366410592,sun just,3.8467564507706973
-8.673502244627386,0.9288635918613777,0.026388916087338385,0.003495261594361806,0.006352914670363875,spat,3.8954711509450943
-8.673502244627386,0.9288635918613777,0.026388916087338385,0.003495261594361806,0.006352914670363875,just spat,3.8954711509450943
-8.625194942290312,0.906105796601643,0.024191560266480408,0.00322321797224155,0.006134715195925233,spat out,3.9488662263398218
-8.583014263157283,0.8862305695907549,0.02231186176483739,0.002990556975718867,0.005948618247872232,out several,3.9954910802201624
-5.471114971904478,-0.5843020243829256,-0.0604960515242332,-0.0072123556593480815,-0.001754601023443915,mess ejections,7.4371790124304535
-6.953541231917158,0.11683822364585561,-0.030878740203209937,-0.003573057303751269,0.0008907339092891478,ejections that,5.797366849293503
0.7449219960952593,-3.5262083326544778,-0.11957323199616908,-0.014448407961615908,-0.006645520631149967,that could,14.31410770207177
-4.043799581806313,-1.259703819605941,-0.08057625407759492,-0.009674465261197258,-0.003477505378239928,trigger,9.01618581544802
-7.152784890969882,0.21102129552302795,-0.025871743137001267,-0.0029567839476811247,0.0013499850397721575,serious,5.576994531384356
-7.152784890969882,0.21102129552302795,-0.025871743137001267,-0.0029567839476811247,0.0013499850397721575,trigger serious,5.576994531384356
-6.21661624512824,-0.23163601321239113,-0.04705703875758524,-0.005562248629623658,-0.0005694221387969002,serious solar,6.612497703330628
-7.227468340110483,0.24631950879148423,-0.023913428443457965,-0.002715664748564846,0.0015305498648160512,wednesday powerful,5.494393571369673
-6.983866526815129,0.1311742241937952,-0.030136246132165687,-0.0034816889272804566,0.000958617645081406,spark,5.763825201775101
-6.983866526815129,0.1311742241937952,-0.030136246132165687,-0.0034816889272804566,0.000958617645081406,could spark,5.763825201775101
-3.6794846994434725,-1.4321196864594095,-0.08481576994444634,-0.01019382921789554,-0.003833700280392415,auroras,9.419230745933687
-7.421325985953185,0.33792984607962184,-0.018605162127230353,-0.0020618357555455703,0.0020226678636915824,spark aurora+s,5.27999071784519
-7.897035202069215,0.5626262554438695,-0.003996412510400185,-0.000260563771099339,0.0033972540139853326,aurora+s far,4.753914316768245
-2.5738028661527057,-1.9554239275822436,-0.09603932818828913,-0.011568157129901035,-0.004763422412197647,far south,10.64247228462809
-8.228270571769649,0.7189605066759761,0.007794745770927924,0.0011953770227270937,0.004528559151204295,south northern,4.3876634642011485
-8.387364309810454,0.7940008389883226,0.014035910757773606,0.0019667936269970147,0.005135357330599917,northern california,4.211773155962554
-8.537196694161937,0.8646379336339167,0.020309876157248122,0.002742815388613682,0.0057509792271651095,california and,4.046137682388853
-8.583014263157283,0.8862305695907549,0.02231186176483739,0.002990556975718867,0.005948618247872232,Alabama,3.9954910802201624
-8.583014263157283,0.8862305695907549,0.02231186176483739,0.002990556975718867,0.005948618247872232,and alabama,3.9954910802201624
-6.6641463357447,-0.019988693815967906,-0.03763791766871212,-0.004404505866058367,0.00027627588132775327,alabama wednesday,6.117463876386458
-4.7004643244962105,-0.9489496400194124,-0.07210206116756343,-0.008635875716170846,-0.0027575362126116285,thanks,8.289721437365756
-8.780722751021734,0.9793582230579299,0.03144522961759946,0.004121523765077092,0.006857699879821886,wednesday thanks,3.7769658860956294
-8.861845934071283,1.0175450578780016,0.03544553004226057,0.00461725505499622,0.007259733941948433,thanks particularly,3.6873124523120797
-8.93567610559492,1.0522844209622846,0.03922651918381602,0.0050860250668865355,0.0076419151221984345,rambunctious,3.6057253600576233
-8.93567610559492,1.0522844209622846,0.03922651918381602,0.0050860250668865355,0.0076419151221984345,particularly rambunctious,3.6057253600576233
-8.99847513053162,1.0818214851409966,0.042554324870978905,0.005498784519739595,0.007980060431824322,rambunctious area,3.536333661498305
-9.064279457372571,1.1127594475956388,0.04615807858794055,0.005945957451059686,0.008348129260713941,dubbed,3.463626788899153
-9.064279457372571,1.1127594475956388,0.04615807858794055,0.005945957451059686,0.008348129260713941,sun dubbed,3.463626788899153
-9.089864089448453,1.1247843726770912,0.04759291365299104,0.006124053754483497,0.008495224157627622,active,3.435360109756598
-9.089864089448453,1.1247843726770912,0.04759291365299104,0.006124053754483497,0.008495224157627622,dubbed active,3.435360109756598
-9.11380089998524,1.1360328389454142,0.048953005063016405,0.006292901331388521,0.008634946069397098,active region,3.4089148721930567
-9.154449019871064,1.155129802246213,0.051302827198978884,0.0065846843547998305,0.008877009055443965,AR4274,3.3640091040683777
-9.154449019871064,1.155129802246213,0.051302827198978884,0.0065846843547998305,0.008877009055443965,4274 ar4274,3.3640091040683777
-9.198762889640452,1.1759421643798176,0.05392412088326838,0.006910275768370278,0.009148037416870097,+1892,3.3150566504329904
-9.21399678076833,1.1830951698605732,0.05484004157650603,0.007024067201471439,0.009242988618942356,+1892 chars,3.298228902937036
-8.33556768693168,0.7449089447759669,0.19934356760974237,-0.23576492055817283,-0.04493849654345319,Power,4.2798383539536475
-6.386243375621973,-0.16897416087025796,0.13162193419765333,-0.22760668263311104,-0.046941899924880515,grid,6.4326118042700235
-6.386243375621973,-0.16897416087025796,0.13162193419765333,-0.22760668263311104,-0.046941899924880515,power grid,6.4326118042700235
-7.86661009397631,0.4531387331426435,0.35783562677091074,-0.47672075391251534,-0.09865741852716461,grid warning,4.828718067925231
-8.04967262039331,0.6117651643309583,0.18502556163535655,-0.23256858172212094,-0.04501400610552413,warning issued,4.595184108182982
-6.700304542331317,-0.006067830728606616,0.03854101118066357,-0.09842915987356483,-0.019220151756317097,issued for,6.07893058394438
-7.91329574662413,0.5690061840300027,0.03462484919831303,-0.0473911504886056,-0.006331578915594748,for state+s,4.736540779651982
-7.754513288962295,0.49532601792614317,-0.008633632877620485,-0.0008326415147645863,0.0029576951175699553,state+s ...,4.911517740692276
-7.477694758167973,0.3645635756958825,-0.01699703739831899,-0.0018636889673117009,0.0021725254360989016,... strong,5.217649846099678
-1.5733402304448685,-2.4289490722378293,-0.10447914239193386,-0.012601168432303689,-0.005449364197064871,strong geomagnetic,11.749319192548084
-1.6785396255464633,-2.381107551369764,-0.03995120870745974,0.10583010559712196,-0.05108301567388317,may,11.633887248656485
-6.21661624512824,-0.23163601321239113,-0.04705703875758524,-0.005562248629623658,-0.0005694221387969002,storm may,6.612497703330628
-6.781585203013333,0.03554057516761322,-0.034963935480850465,-0.004075644605969792,0.0005186036344663669,compromise,5.987564083629794
-6.781585203013333,0.03554057516761322,-0.034963935480850465,-0.004075644605969792,0.0005186036344663669,may compromise,5.987564083629794
-7.580519615384795,0.4131420254224798,-0.013983591111915508,-0.0014922940291361344,0.002454309733223546,compromise power,5.1039334556582885
-8.094771942514079,0.6559673446619048,0.002859455410995332,0.0005857499616867545,0.0040526511186454815,grids multipel+e,4.535267859021197
-7.91329574662413,0.5690061840300027,0.03462484919831303,-0.0473911504886056,-0.006331578915594748,multipel+e state+s,4.736540779651982
-8.417681469450553,0.8082964949976694,0.015272985340184952,0.0021197624099626375,0.005256294326667717,Warnings,4.1782570831969315
-8.537196694161937,0.8646379336339167,0.020309876157248122,0.002742815388613682,0.0057509792271651095,warnings have,4.046137682388853
-8.645069051628365,0.9154691442386595,0.025089713118608206,0.003334405378413065,0.006223817382753032,been issued,3.926898704242373
-8.673502244627386,0.9288635918613777,0.026388916087338385,0.003495261594361806,0.006352914670363875,portion+s the,3.8954711509450943
-8.473941587459016,0.8348213838031071,0.017611541070879463,0.0024089922524462137,0.005485514071083058,electric,4.116062402642489
-8.473941587459016,0.8348213838031071,0.017611541070879463,0.0024089922524462137,0.005485514071083058,state+s electric,4.116062402642489
-8.338775856716651,0.7710867210469128,0.012085984078287468,0.001725721665791529,0.004945177337728205,electric power,4.2654897098658715
-8.118960986054253,0.667382847332751,0.003734471601218037,0.0006938111355531962,0.00413677679996567,grid amid,4.508522237633047
-7.928828663498409,0.577636927704793,-0.0029283788904383157,-0.00012876347327563445,0.0034989193181899185,forecasted,4.718757645723907
-7.928828663498409,0.577636927704793,-0.0029283788904383157,-0.00012876347327563445,0.0034989193181899185,amid forecasted,4.718757645723907
-7.477694758167973,0.3645635756958825,-0.01699703739831899,-0.0018636889673117009,0.0021725254360989016,forecasted severe,5.217649846099678
-1.5733402304448685,-2.4289490722378293,-0.10447914239193386,-0.012601168432303689,-0.005449364197064871,severe geomagnetic,11.749319192548084
-5.779400962169764,-0.4384522943887701,-0.055239585267188564,-0.006567176150946209,-0.0012940568181814384,the space,7.096143973572742
-8.285964424807414,0.7461772232968824,0.010010871849807298,0.0014692311844065713,0.004743385377482362,SWPC,4.323876671066961
-8.285964424807414,0.7461772232968824,0.010010871849807298,0.0014692311844065713,0.004743385377482362,center swpc,4.323876671066961
-7.580519615384795,0.4131420254224798,-0.013983591111915508,-0.0014922940291361344,0.002454309733223546,swpc the,5.1039334556582885
-8.593880825393816,0.8913511356152333,0.02279270332156813,0.0030500686557798553,0.005996174348257813,Oceanographic,3.983479468109561
-8.593880825393816,0.8913511356152333,0.02279270332156813,0.0030500686557798553,0.005996174348257813,national oceanographic,3.983479468109561
-8.758008623433497,0.9686632975898872,0.030352730640280656,0.003986178145730315,0.006748314222181626,+3987,3.802069689541356
-8.758008623433497,0.9686632975898872,0.030352730640280656,0.003986178145730315,0.006748314222181626,oceanographic +3987,3.802069689541356
-8.802388458552581,0.9895583921317925,0.03249836149862921,0.004252008833870453,0.0069633107765104205,+3987 char+s,3.7530212991618424
-4.185821585348812,-1.1924922340155728,-0.0788389811189619,-0.009461597618930855,-0.003330768221219657,spots,8.85906650496498
-2.784951206538379,-1.8554878805217214,-0.09406586066815889,-0.01132656253898018,-0.004601369680815686,spot+s solar,10.408872603355594
-3.0926548681029864,-1.709854120802575,-0.09105392012309854,-0.010957793112010939,-0.004352859837373501,storms days,10.068451901022943
-4.185821585348812,-1.1924922340155728,-0.0788389811189619,-0.009461597618930855,-0.003330768221219657,days before,8.85906650496498
-4.018946694296883,-1.271465505120117,-0.08087522097058314,-0.009711095071278826,-0.0035027120958217865,before they,9.043680687894188
-5.520393265363335,-0.560987538348269,-0.059681796938584324,-0.0071124331085775944,-0.001683515728305193,they strike,7.382665441184033
-7.959303585747498,0.5920241621678883,-0.0018926522020663167,-9.353542903475787e-07,0.0035976624220494836,strike one,4.685059407645326
-8.321671085888585,0.763019364850845,0.01140891427113877,0.0016420270842273932,0.004879268800736462,significant,4.284400111812989
-8.321671085888585,0.763019364850845,0.01140891427113877,0.0016420270842273932,0.004879268800736462,most significant,4.284400111812989
-8.500113036163704,0.8471586422191781,0.01871892383209861,0.00254597903692127,0.00559433224805609,significant effects,4.087131067224956
-6.21661624512824,-0.23163601321239113,-0.04705703875758524,-0.005562248629623658,-0.0005694221387969002,effects solar,6.612497703330628
-8.664200556269979,0.9244818865712732,0.025962028092991904,0.00344240528404699,0.006310469067795121,solar wind,3.9057523395496063
-8.61496398609183,0.9012853561910388,0.023732349381636833,0.0031663741463134713,0.0060892041602225305,interacting,3.960174981039146
-8.61496398609183,0.9012853561910388,0.023732349381636833,0.0031663741463134713,0.0060892041602225305,wind interacting,3.960174981039146
-8.473941587459016,0.8348213838031071,0.017611541070879463,0.0024089922524462137,0.005485514071083058,interacting with,4.116062402642489
-8.402718318658332,0.8012409950401549,0.01466043339885377,0.002044015440426837,0.00519638348426223,with our,4.194798990688499
-8.338775856716651,0.7710867210469128,0.012085984078287468,0.001725721665791529,0.004945177337728205,our magnetic,4.2654897098658715
-6.372705857830831,-0.1579736252994146,-0.030137061207070118,0.02002785443124437,-0.009979510215342612,field,6.4399321617679455
-6.372705857830831,-0.1579736252994146,-0.030137061207070118,0.02002785443124437,-0.009979510215342612,magnetic fall+d,6.4399321617679455
-7.477694758167973,0.3645635756958825,-0.01699703739831899,-0.0018636889673117009,0.0021725254360989016,fall+d the,5.217649846099678
-7.792692876914949,0.513356522565116,-0.007414859754855452,-0.0006823134309226269,0.0030729301256002487,occurrence,4.869297244975625
-7.792692876914949,0.513356522565116,-0.007414859754855452,-0.0006823134309226269,0.0030729301256002487,the occurrence,4.869297244975625
-6.983866526815129,0.1311742241937952,-0.030136246132165687,-0.0034816889272804566,0.000958617645081406,occurrence geomagnetic,5.763825201775101
10.36733308885112,-8.080162162891064,-0.1489033351213805,-0.018050947553228593,-0.008818928825795451,geomagnetic storms,24.959653001851475
-7.071893619035383,0.1727859371464664,-0.027941683548418333,-0.0032115949693514046,0.0011597053269602631,and these,5.6664628553489305
-8.432270270058904,0.8151751439227377,0.015873984845007294,0.002194085960790449,0.005315127708532806,these ca+n,4.16212917431229
-7.6721533272054065,0.4564270764124094,-0.01120681862961298,-0.0011499635050530406,0.002715082014899218,ca+n da+mög+e,5.002596471135705
-7.928828663498409,0.577636927704793,-0.0029283788904383157,-0.00012876347327563445,0.0034989193181899185,da+mög+e satellite+s,4.718757645723907
-6.983866526815129,0.1311742241937952,-0.030136246132165687,-0.0034816889272804566,0.000958617645081406,post spot+s,5.763825201775101
-7.959303585747498,0.5920241621678883,-0.0018926522020663167,-9.353542903475787e-07,0.0035976624220494836,strike appeared,4.685059407645326
-8.355412376556545,0.7789328267020486,0.012749164745761238,0.0018077055780859833,0.0050097974516464736,Digital,4.247097170287823
-8.355412376556545,0.7789328267020486,0.012749164745761238,0.0018077055780859833,0.0050097974516464736,first digital,4.247097170287823
-8.470104864720101,0.8329271417982371,0.020137660736841645,0.0072745627791578425,0.003593938541154685,Journal,4.120345402711577
-8.470104864720101,0.8329271417982371,0.020137660736841645,0.0072745627791578425,0.003593938541154685,digital journal,4.120345402711577
-8.544293934021592,0.8663979847968415,0.047680389866700035,0.05223201048062034,-0.013242547187475064,Without,4.039021069353296
-8.592260910019931,0.8863714252519697,0.07261766343977817,0.09468172840286575,-0.02933360073822886,photosynthesis,3.9871670483911212
-8.592260910019931,0.8863714252519697,0.07261766343977817,0.09468172840286575,-0.02933360073822886,without photosynthesis,3.9871670483911212
-8.636658808765274,0.8928772922928709,0.13892380593467207,0.21645866090397076,-0.07647281533646824,wouldnt,3.944375645047667
-8.636658808765274,0.8928772922928709,0.13892380593467207,0.21645866090397076,-0.07647281533646824,photosynthesis wouldn+t,3.944375645047667
-8.611600437861927,0.8647579558255845,0.18106378187892608,0.3007282550124092,-0.10983086009341789,wouldn+t have,3.97913010106811
-8.561762603440615,0.8210443863359056,0.2180926013084769,0.37922222672792955,-0.1413717775511167,have food,4.0429425097109695
-8.43715224601299,0.7168675413291492,0.27564621122669086,0.5101340757887375,-0.19491423748142103,food because,4.200238111928608
-8.67081682229432,0.8764399084893817,0.21511563626048524,0.36367820677874085,-0.1344279590929822,converts,3.9206690359042753
-8.67081682229432,0.8764399084893817,0.21511563626048524,0.36367820677874085,-0.1344279590929822,because converts,3.9206690359042753
-8.797865802349882,0.9577132640712269,0.18157858645293717,0.2673747014342004,-0.09948314207280082,converts energy,3.77100391284065
-8.857371888290174,0.9935088751035666,0.17274337120872546,0.21331111294134109,-0.0850396000700886,energy from,3.7018851463045643
-8.933658015950149,1.036439618660119,0.16898720204220447,0.14005576067397316,-0.06956906920876266,sun into,3.6145519408067943
-8.955837867344723,1.0482546481337136,0.17022690423017423,0.11706978795996635,-0.06590779717410719,chemical,3.589448722830998
-8.955837867344723,1.0482546481337136,0.17022690423017423,0.11706978795996635,-0.06590779717410719,into chemical,3.589448722830998
-8.797865802349882,0.9577132640712269,0.18157858645293717,0.2673747014342004,-0.09948314207280082,chemical energy,3.77100391284065
-9.009820374061247,1.0753755709654682,0.18070435580974586,0.05306399197552617,-0.05922530915249522,energy for,3.52906070162646
-8.561762603440615,0.8210443863359056,0.2180926013084769,0.37922222672792955,-0.1413717775511167,the food,4.0429425097109695
-9.039085499379208,1.0883561637881454,0.19518314334687825,0.005880591480356237,-0.057781793188664665,chains,3.497071172188843
-9.039085499379208,1.0883561637881454,0.19518314334687825,0.005880591480356237,-0.057781793188664665,food chains,3.497071172188843
-9.06004761428461,1.0943153322812096,0.22241376649769168,-0.05716621410453041,-0.06018162364274364,Tim,3.475606767060907
-9.06004761428461,1.0943153322812096,0.22241376649769168,-0.05716621410453041,-0.06018162364274364,image tim,3.475606767060907
-9.061882958908555,1.0936518977917902,0.23050859138502078,-0.07320500600985101,-0.061477064485251164,Sandle,3.474241426601676
-9.061882958908555,1.0936518977917902,0.23050859138502078,-0.07320500600985101,-0.061477064485251164,tim sandle,3.474241426601676
-9.059941571957932,1.0873889012058784,0.25463452019062355,-0.11740863855939924,-0.06621058505371921,sandle new,3.478704786296059
-9.055901989119569,1.0825002240934871,0.2662863293508489,-0.13748761555618916,-0.06883842429818948,application,3.484461592956662
-9.055901989119569,1.0825002240934871,0.2662863293508489,-0.13748761555618916,-0.06883842429818948,new application,3.484461592956662
-8.993549195841686,1.0258906246721247,0.34543864275718156,-0.26497105130005383,-0.0901055644846045,improves,3.565132943963533
-8.993549195841686,1.0258906246721247,0.34543864275718156,-0.26497105130005383,-0.0901055644846045,application improves,3.565132943963533
-8.885841548231818,0.9334888559215535,0.4259100501088991,-0.3913931150983181,-0.11557005201788811,improves early,3.7021080514892537
-8.652798964548264,0.7290672454361344,0.5442787197019908,-0.5859520116109898,-0.15860519317324803,early warnings,4.000322070325069
-9.057535344051463,1.0550767628901354,0.3433532683034338,-0.2800999538255707,-0.08513924266461861,+3200,3.494807001011089
-9.057535344051463,1.0550767628901354,0.3433532683034338,-0.2800999538255707,-0.08513924266461861,warnings +3200,3.494807001011089
-9.108588543545318,1.0906020377619976,0.31346310275320366,-0.23955843394559637,-0.0749232128013052,+3200 char+s,3.4334276177498197
-7.152784890969882,0.21102129552302795,-0.025871743137001267,-0.0029567839476811247,0.0013499850397721575,lights may,5.576994531384356
-7.071893619035383,0.1727859371464664,-0.027941683548418333,-0.0032115949693514046,0.0011597053269602631,may hit,5.6664628553489305
-6.983866526815129,0.1311742241937952,-0.030136246132165687,-0.0034816889272804566,0.000958617645081406,St.,5.763825201775101
-6.983866526815129,0.1311742241937952,-0.030136246132165687,-0.0034816889272804566,0.000958617645081406,hit st.,5.763825201775101
-6.887567039519165,0.08564821796698885,-0.03247084158169641,-0.0037689521766836034,0.0007454307455921419,Louis,5.870338987814699
-6.887567039519165,0.08564821796698885,-0.03247084158169641,-0.0037689521766836034,0.0007454307455921419,st. louis,5.870338987814699
-0.6717548083555709,-2.8556803282446896,-0.1109912535407042,-0.01339810265587205,-0.005970455544495437,skies,12.746779196425052
-6.694694316732938,-0.00554406078754921,-0.03695106044671334,-0.0043200405227323945,0.0003384272665181449,louis skies,6.083674367767382
-6.497714024689483,-0.0986916366758277,-0.04127731125725172,-0.004851961763962858,-5.194883058664418e-05,skies tuesday,6.301559237528411
-5.854516868964571,-0.4029174527213546,-0.053897618165821476,-0.006402415267517296,-0.0011758570257110277,night thanks,7.013049693860621
0.8637545556079491,-3.5824525954135673,-0.12021529016085435,-0.014526999623926425,-0.006695460665880095,rare,14.445577075491165
-4.8748154356673,-0.866446751500745,-0.06964812306421764,-0.00833500134868376,-0.002547091496363194,thanks rar+e,8.096840563738967
-1.5733402304448685,-2.4289490722378293,-0.10447914239193386,-0.012601168432303689,-0.005449364197064871,rar+e geomagnetic,11.749319192548084
-6.5329792021896695,-0.08201462831280049,-0.04052030629251879,-0.004758902478622165,1.617154585360943e-05,KSDK,6.2625511182941676
-6.5329792021896695,-0.08201462831280049,-0.04052030629251879,-0.004758902478622165,1.617154585360943e-05,storm ksdk,6.2625511182941676
-8.750189276352113,0.9649812954825567,0.029979345853600403,0.0039399248861049126,0.006710969696639188,ksdk northern,3.810711804171223
-4.185821585348812,-1.1924922340155728,-0.0788389811189619,-0.009461597618930855,-0.003330768221219657,stormKSDK,8.85906650496498
-4.185821585348812,-1.1924922340155728,-0.0788389811189619,-0.009461597618930855,-0.003330768221219657,geomagnetic stormksdk,8.85906650496498
-7.152784890969882,0.21102129552302795,-0.025871743137001267,-0.0029567839476811247,0.0013499850397721575,Severe,5.576994531384356
-7.152784890969882,0.21102129552302795,-0.025871743137001267,-0.0029567839476811247,0.0013499850397721575,stormksdk severe,5.576994531384356
-7.627603654721491,0.43538390113362935,-0.012567862660660359,-0.0013177705208420164,0.0025871293865743304,severe watch,5.051863244380658
-7.959303585747498,0.5920241621678883,-0.0018926522020663167,-9.353542903475787e-07,0.0035976624220494836,Effect,4.685059407645326
-8.285964424807414,0.7461772232968824,0.010010871849807298,0.0014692311844065713,0.004743385377482362,NovemberSpace,4.323876671066961
-8.285964424807414,0.7461772232968824,0.010010871849807298,0.0014692311844065713,0.004743385377482362,for novemberspace,4.323876671066961
-8.500113036163704,0.8471586422191781,0.01871892383209861,0.00254597903692127,0.00559433224805609,novemberspace weather,4.087131067224956
-8.604528282979166,0.8963682398365937,0.023266130058176918,0.0031086658706797124,0.006043029971904116,gov,3.971710144835312
-8.654724682624323,0.9200179484181765,0.025529014765699215,0.0033887932340644755,0.006267441650877658,.gov,3.9162261364571944
-8.654724682624323,0.9200179484181765,0.025529014765699215,0.0033887932340644755,0.006267441650877658,gov .gov,3.9162261364571944
-8.70907044978232,0.945616900603258,0.028038265839295362,0.003699505108891221,0.006517160800825667,.gov northern,3.8561582278982494
1.5864441413423975,-3.924216585229151,-0.11630133419043626,-0.0010505339356456879,-0.012331574322962344,visible,15.245009256927029
-6.284345055041083,-0.199601976298724,-0.045704288297268955,-0.005396039932661733,-0.000448723638041347,could visible,6.537578072645345
-8.285964424807414,0.7461772232968824,0.010010871849807298,0.0014692311844065713,0.004743385377482362,Utah,4.323876671066961
-8.285964424807414,0.7461772232968824,0.010010871849807298,0.0014692311844065713,0.004743385377482362,visible utah,4.323876671066961
-8.094771942514079,0.6559673446619048,0.002859455410995332,0.0005857499616867545,0.0040526511186454815,utah noaa,4.535267859021197
-7.959303585747498,0.5920241621678883,-0.0018926522020663167,-9.353542903475787e-07,0.0035976624220494836,issues,4.685059407645326
-7.959303585747498,0.5920241621678883,-0.0018926522020663167,-9.353542903475787e-07,0.0035976624220494836,noaa issues,4.685059407645326
-7.714391215210024,0.4763768730200315,-0.009896571595698948,-0.00098839641601266,0.002838503280814409,'very,4.955886901105037
-7.714391215210024,0.4763768730200315,-0.009896571595698948,-0.00098839641601266,0.002838503280814409,issues 'very,4.955886901105037
-7.421325985953185,0.33792984607962184,-0.018605162127230353,-0.0020618357555455703,0.0020226678636915824,'very rar+e,5.27999071784519
-6.21661624512824,-0.23163601321239113,-0.04705703875758524,-0.005562248629623658,-0.0005694221387969002,watchKSL.…,6.612497703330628
-6.21661624512824,-0.23163601321239113,-0.04705703875758524,-0.005562248629623658,-0.0005694221387969002,storm watchksl.…,6.612497703330628
-7.580519615384795,0.4131420254224798,-0.013983591111915508,-0.0014922940291361344,0.002454309733223546,Every,5.1039334556582885
-7.580519615384795,0.4131420254224798,-0.013983591111915508,-0.0014922940291361344,0.002454309733223546,watchksl.… every,5.1039334556582885
-7.829083933714435,0.5305412296113183,-0.006237411153170121,-0.0005370637398305145,0.0031844552724164775,every morning,4.829055102262284
-8.14231438319309,0.6784033435279828,0.004587179095811952,0.0007991273488210868,0.004218861946944848,morning get,4.482700873026836
-8.285964424807414,0.7461772232968824,0.010010871849807298,0.0014692311844065713,0.004743385377482362,get and,4.323876671066961
-8.355412376556545,0.7789328267020486,0.012749164745761238,0.0018077055780859833,0.0050097974516464736,look,4.247097170287823
-8.355412376556545,0.7789328267020486,0.012749164745761238,0.0018077055780859833,0.0050097974516464736,and look,4.247097170287823
-8.432270270058904,0.8151751439227377,0.015873984845007294,0.002194085960790449,0.005315127708532806,look through,4.16212917431229
-8.583014263157283,0.8862305695907549,0.02231186176483739,0.002990556975718867,0.005948618247872232,'Forbes,3.9954910802201624
-8.583014263157283,0.8862305695907549,0.02231186176483739,0.002990556975718867,0.005948618247872232,the 'forbes,3.9954910802201624
-8.673502244627386,0.9288635918613777,0.026388916087338385,0.003495261594361806,0.006352914670363875,list,3.8954711509450943
-8.673502244627386,0.9288635918613777,0.026388916087338385,0.003495261594361806,0.006352914670363875,'forbes list,3.8954711509450943
-8.70041439359228,0.9415399755383347,0.02763436765522463,0.0036494856473441688,0.006476902794247846,list the,3.86572550816521
-8.780722751021734,0.9793582230579299,0.03144522961759946,0.004121523765077092,0.006857699879821886,richest,3.7769658860956294
-8.780722751021734,0.9793582230579299,0.03144522961759946,0.004121523765077092,0.006857699879821886,the richest,3.7769658860956294
-8.83637914332448,1.0055588866745822,0.03417280883863366,0.004459509510222628,0.007131566857874316,richest people,3.7154563527576876
-8.897493542062538,1.0343201511735964,0.0372538829076529,0.004841429704078136,0.00744225540870703,people america,3.647918747776874
-8.99847513053162,1.0818214851409966,0.042554324870978905,0.005498784519739595,0.007980060431824322,there,3.536333661498305
-8.99847513053162,1.0818214851409966,0.042554324870978905,0.005498784519739595,0.007980060431824322,not there,3.536333661498305
-9.060478729667155,1.11097290174186,0.04594656537737328,0.005919706380148149,0.008326472040766811,there work,3.4678260293487537
-9.096863345516034,1.1280736865654877,0.04798882780885544,0.0061732013496279305,0.008535867229724667,work robert,3.4276272867130646
-9.120361901256505,1.139115665750513,0.049328834043704944,0.006339563287010009,0.00867360469655942,Orben,3.4016664710002997
-9.120361901256505,1.139115665750513,0.049328834043704944,0.006339563287010009,0.00867360469655942,robert orben,3.4016664710002997
-9.247026596081675,1.1986010398191462,0.056852664822150414,0.007274155075706048,0.009452088227632374,the time,3.2617447119809913
-9.228562642672378,1.1899336591932514,0.055723037695081246,0.007133780342474937,0.009334649407583849,catch,3.2821394535845854
-9.228562642672378,1.1899336591932514,0.055723037695081246,0.007133780342474937,0.009334649407583849,time catch,3.2821394535845854
-9.21399678076833,1.1830951698605732,0.05484004157650603,0.007024067201471439,0.009242988618942356,catch earth,3.298228902937036
-9.193527454002828,1.1734836832357065,0.05361111448514966,0.006871391668107019,0.009115618520989398,skyshow,3.3208399385671616
-9.193527454002828,1.1734836832357065,0.05361111448514966,0.006871391668107019,0.009115618520989398,earth skyshow,3.3208399385671616
-9.163202488395378,1.159241513632019,0.05181562255677852,0.0066483705287601995,0.008929946318820655,skyshow now,3.3543391046997835
-9.142427938711235,1.149482765367583,0.05060255033133498,0.006497720537361926,0.00880478274669476,now aurora,3.3772890513812612
-7.228570851070096,0.24684057559971073,-0.023884169980522167,-0.0027120619091213207,0.0015332516463609407,boom,5.493174188370796
-9.120361901256505,1.139115665750513,0.049328834043704944,0.006339563287010009,0.00867360469655942,aurora boom,3.4016664710002997
-9.103732468924045,1.1313016843124895,0.04837881037449908,0.00622161493041125,0.008575924748125206,slows,3.4200383062972985
-9.103732468924045,1.1313016843124895,0.04837881037449908,0.00622161493041125,0.008575924748125206,boom slows,3.4200383062972985
-9.082730498882169,1.1214317601233015,0.04719090422564544,0.0060741519320748165,0.008453979798317307,slows one,3.44324142115305
-7.770977735379778,0.5031015859799606,-0.008110106423941194,-0.0007680701950410719,0.0030071690993287055,nature,4.893310637874517
-7.770977735379778,0.5031015859799606,-0.008110106423941194,-0.0007680701950410719,0.0030071690993287055,one nature,4.893310637874517
-7.79066321977257,0.512398037511864,-0.007480073774817145,-0.0006903576734596942,0.003066758878834442,nature most,4.871541705952031
-7.797313176027003,0.5155383989924167,-0.007266228272209449,-0.0006639793141580775,0.003086997446743775,magnificent,4.864187973675916
-7.797313176027003,0.5155383989924167,-0.007266228272209449,-0.0006639793141580775,0.003086997446743775,most magnificent,4.864187973675916
-7.801438978169281,0.5174867402066705,-0.007133294065883124,-0.000647581252555071,0.003099581707931655,shows,4.859625539602075
-7.801438978169281,0.5174867402066705,-0.007133294065883124,-0.000647581252555071,0.003099581707931655,magnificent show+s,4.859625539602075
-7.796219613758608,0.5150219800174636,-0.0073014297870452535,-0.0006683215477997747,0.0030836654976517386,show+s the,4.865397268295619
-3.0285316692166333,-1.740202945248023,-0.09169543075412384,-0.011036341661790084,-0.004405908562084863,the southern,10.139392984525761
-7.700738225310344,0.4699284459934123,-0.010322237813909771,-0.0010408879663983536,0.002798380549388999,southern lights,4.970985249764923
-7.455521109126476,0.3540869685001615,-0.017633241187897636,-0.0019420834688537126,0.002113196071081378,display,5.242172616222545
-7.455521109126476,0.3540869685001615,-0.017633241187897636,-0.0019420834688537126,0.002113196071081378,could display,5.242172616222545
-7.333380748664718,0.2963726547156811,-0.021054868427230262,-0.002363615173231033,0.001795075210509786,display for,5.377255256157559
-7.265370886245955,0.2642325751801655,-0.022901629147749514,-0.002591067157826323,0.0016240502033014175,for large,5.452473322683789
-7.152814033849272,0.21103507009299838,-0.025870987932723896,-0.0029566909717743915,0.001350054570374618,large part+s,5.576962298692733
-4.153639374276397,-1.207722291099206,-0.07923700605880148,-0.009510369758072684,-0.003364426576246819,part+s southern,8.894669717081486
-6.70510170925852,-0.0006229911275261735,-0.036715675681955204,-0.004291093097992707,0.00035974148049210813,Australia,6.072162652930483
-6.70510170925852,-0.0006229911275261735,-0.036715675681955204,-0.004291093097992707,0.00035974148049210813,southern australia,6.072162652930483
-6.335032754179349,-0.1756287145875821,-0.044675745891749226,-0.005269651716747516,-0.0003567819256324427,tonight,6.4815091754127545
-6.335032754179349,-0.1756287145875821,-0.044675745891749226,-0.005269651716747516,-0.0003567819256324427,australia tonight,6.4815091754127545
-7.53064715574482,0.3895812328700097,-0.015458353418504829,-0.0016740671633689403,0.0023162484052994085,tonight with,5.1590881566106
-4.346548765134324,-1.1164299080631337,-0.0768116862219595,-0.009213161190987898,-0.003158969911050459,with severe,8.681254346288732
6.496545256235679,-6.248353828379089,-0.1412759366182729,-0.017109235048877576,-0.008280925400572346,severe solar,20.67732618259899
-2.784951206538379,-1.8554878805217214,-0.09406586066815889,-0.01132656253898018,-0.004601369680815686,storm event,10.408872603355594
-4.185821585348812,-1.1924922340155728,-0.0788389811189619,-0.009461597618930855,-0.003330768221219657,impacting,8.85906650496498
-4.185821585348812,-1.1924922340155728,-0.0788389811189619,-0.009461597618930855,-0.003330768221219657,event impacting,8.85906650496498
-9.21399678076833,1.1830951698605732,0.05484004157650603,0.007024067201471439,0.009242988618942356,impacting earth,3.298228902937036
-5.2112485516007965,-0.7072551450700999,-0.06463778136522745,-0.007720508388865174,-0.0021147214069931566,But,7.724656011785632
-8.094771942514079,0.6559673446619048,0.002859455410995332,0.0005857499616867545,0.0040526511186454815,but the,4.535267859021197
-8.186701100407248,0.6993477003992188,0.006229766768711134,0.001002028218151237,0.004377274700060559,the boom,4.433624212255541
-8.338775856716651,0.7710867210469128,0.012085984078287468,0.001725721665791529,0.004945177337728205,boom aurora,4.2654897098658715
-6.318911931601889,-0.18908283814159832,0.030524929148590813,0.13503736279582423,-0.05465420052589585,activity,6.501976510383519
-8.446500262633714,0.8218842900894612,0.016463828933612534,0.0022670349098472455,0.005372919596871627,aurora activity,4.1463980731189665
-8.61496398609183,0.9012853561910388,0.023732349381636833,0.0031663741463134713,0.0060892041602225305,activity not,3.960174981039146
-8.654724682624323,0.9200179484181765,0.025529014765699215,0.0033887932340644755,0.006267441650877658,not les+t,3.9162261364571944
-8.70041439359228,0.9415399755383347,0.02763436765522463,0.0036494856473441688,0.006476902794247846,forever,3.86572550816521
-8.70041439359228,0.9415399755383347,0.02763436765522463,0.0036494856473441688,0.006476902794247846,les+t forever,3.86572550816521
-8.285964424807414,0.7461772232968824,0.010010871849807298,0.0014692311844065713,0.004743385377482362,high,4.323876671066961
-8.285964424807414,0.7461772232968824,0.010010871849807298,0.0014692311844065713,0.004743385377482362,tonight high,4.323876671066961
-8.118960986054253,0.667382847332751,0.003734471601218037,0.0006938111355531962,0.00413677679996567,Perth,4.508522237633047
-8.118960986054253,0.667382847332751,0.003734471601218037,0.0006938111355531962,0.00413677679996567,high perth,4.508522237633047
-7.959303585747498,0.5920241621678883,-0.0018926522020663167,-9.353542903475787e-07,0.0035976624220494836,perth and,4.685059407645326
-7.829083933714435,0.5305412296113183,-0.006237411153170121,-0.0005370637398305145,0.0031844552724164775,Sydney,4.829055102262284
-7.829083933714435,0.5305412296113183,-0.006237411153170121,-0.0005370637398305145,0.0031844552724164775,and sydney,4.829055102262284
-7.53064715574482,0.3895812328700097,-0.015458353418504829,-0.0016740671633689403,0.0023162484052994085,sydney with,5.1590881566106
-7.627603654721491,0.43538390113362935,-0.012567862660660359,-0.0013177705208420164,0.0025871293865743304,impacting on…,5.051863244380658
-7.829083933714435,0.5305412296113183,-0.006237411153170121,-0.0005370637398305145,0.0031844552724164775,+7555,4.829055102262284
-7.829083933714435,0.5305412296113183,-0.006237411153170121,-0.0005370637398305145,0.0031844552724164775,on… +7555,4.829055102262284
-8.016648977654057,0.6190944460946379,8.891676677143245e-05,0.00024366779758570878,0.0037869999399613545,+7555 char+s,4.621649766577901
-6.983866526815129,0.1311742241937952,-0.030136246132165687,-0.0034816889272804566,0.000958617645081406,could make,5.763825201775101
-7.361150124567889,0.30949514626783303,-0.02028899180398043,-0.0022692750398402815,0.0018661403434058485,make aurora,5.346543014426315
-7.714391215210024,0.4763768730200315,-0.009896571595698948,-0.00098839641601266,0.002838503280814409,aurora visible,4.955886901105037
-4.791982531299076,-0.905642917149637,-0.07082553386052393,-0.008479369370783401,-0.002648172605241085,visible for,8.188476652118577
-8.094771942514079,0.6559673446619048,0.002859455410995332,0.0005857499616867545,0.0040526511186454815,for helf,4.535267859021197
-8.06969543604385,0.644132326018386,0.0019610104426007607,0.00047480629846994096,0.0039663855994012814,helf northern,4.562995055625408
-5.336119680851855,-0.6481725629976491,-0.06267880945352763,-0.0074801822352099315,-0.0019446942911674485,northern u.s,7.586516905828198
-4.185821585348812,-1.1924922340155728,-0.0788389811189619,-0.009461597618930855,-0.003330768221219657,sever+e geomagnetic,8.85906650496498
-7.296710314753467,0.2790432714199538,-0.02205567658292673,-0.0024868827519326647,0.0017023335702868536,watch issued,5.417812156168164
-7.792692876914949,0.513356522565116,-0.007414859754855452,-0.0006823134309226269,0.0030729301256002487,issued noaa,4.869297244975625
-8.043675002526344,0.6318510828620825,0.001037930987456026,0.00036083211800063547,0.003877873512603769,noaa tuesday,4.591766287283786
-8.285964424807414,0.7461772232968824,0.010010871849807298,0.0014692311844065713,0.004743385377482362,tuesday response,4.323876671066961
-8.473941587459016,0.8348213838031071,0.017611541070879463,0.0024089922524462137,0.005485514071083058,response recent,4.116062402642489
-8.487179789289799,0.8410620343968025,0.01817010906768536,0.002478086725618797,0.005540380231575085,recent coronal,4.101428113727852
-8.06969543604385,0.644132326018386,0.0019610104426007607,0.00047480629846994096,0.0039663855994012814,ejections from,4.562995055625408
-6.6641463357447,-0.019988693815967906,-0.03763791766871212,-0.004404505866058367,0.00027627588132775327,storm forecast,6.117463876386458
-7.580519615384795,0.4131420254224798,-0.013983591111915508,-0.0014922940291361344,0.002454309733223546,forecast hit,5.1039334556582885
-5.232376415406577,-0.6972583944036344,-0.06431027017016201,-0.007680332115822946,-0.0020863334664965667,hit earth,7.701283176246833
-6.6641463357447,-0.019988693815967906,-0.03763791766871212,-0.004404505866058367,0.00027627588132775327,earth magnetic,6.117463876386458
-8.289087854127676,0.7419328524939759,0.07240654183601118,0.11633598932101794,-0.039573951759985654,fall+d wednesday,4.322985674536881
-8.3277296133404,0.7442865269455283,0.1376827071063097,0.237975176124077,-0.08685851124978164,wednesday which,4.287171039118826
-8.287497180947025,0.7029429257249893,0.18895722761547046,0.342188950338794,-0.1283025373586233,which could,4.341313935400437
-8.086063882866748,0.5366597404845175,0.280335443720097,0.5487972240565784,-0.21271555678399753,could cause,4.594673950621939
-8.608382739323975,0.875815175071571,0.14928843311401174,0.23879716956640668,-0.0854303210431685,disruption,3.9772513083811534
-8.608382739323975,0.875815175071571,0.14928843311401174,0.23879716956640668,-0.0854303210431685,widespread disruption,3.9772513083811534
-8.76488857030582,0.9599064006597819,0.11976885596651023,0.16909977058180164,-0.057063123546837076,disruption infrastructure,3.799763253144659
-8.879412410139329,1.0182441712608452,0.10392604451193153,0.12922720920383216,-0.04070070172922802,technology,3.67126308168585
-8.879412410139329,1.0182441712608452,0.10392604451193153,0.12922720920383216,-0.04070070172922802,infrastructure technology,3.67126308168585
-8.945224836367537,1.0509561607537408,0.09692807406491045,0.11020541535792502,-0.032812260886415534,technology and,3.5977703595469697
-8.966504164535799,1.0614362228304557,0.09497247161796328,0.10460853148771726,-0.030475353141962154,and make,3.5740497082880682
-8.99146977473973,1.0736799725996187,0.09286069891340935,0.09836681593438247,-0.027858445429885484,make northern,3.5462423524950726
-7.064693632607757,0.1686749305121551,-0.004471934177763079,0.04012311755034405,-0.015542858593456962,lights visible,5.674773535534717
-9.106114220851557,1.1293221318519338,0.08551831844861378,0.07381291720935715,-0.017411171318128298,for much,3.4188017680124387
-9.132996567169897,1.1422585120910687,0.0843141721492021,0.06893947953985466,-0.015296969348192238,much th…,3.388967298405153
-9.148782222441442,1.149839079497755,0.08369196034572356,0.06621965418146311,-0.014108973585340478,+2416,3.371455052042035
-9.148782222441442,1.149839079497755,0.08369196034572356,0.06621965418146311,-0.014108973585340478,th… +2416,3.371455052042035
-9.166797489121587,1.1584771082746217,0.0830563935140076,0.06323923021690646,-0.012799623557516465,+2416 char+s,3.3514751277059323
-3.758836286741971,-1.3945651900006721,-0.08391783988995802,-0.010083839656864753,-0.0037584835397141206,visible across,9.331443077246531
-1.6443830062189715,-2.395323785214453,-0.10392506696540707,-0.01253335888212698,-0.00540469246746849,Iowa,11.67072185916523
-5.184502096701736,-0.7199104351096679,-0.06505012764660442,-0.007771089966591029,-0.0021504408860048415,across iowa,7.754244486843062
-6.983866526815129,0.1311742241937952,-0.030136246132165687,-0.0034816889272804566,0.000958617645081406,iowa geomagnetic,5.763825201775101
-4.010000487924245,-1.2756993255892186,-0.08098247779721872,-0.009724236137302167,-0.0035117519665712788,hit+s earth,9.05357792439524
-7.361150124567889,0.30949514626783303,-0.02028899180398043,-0.0022692750398402815,0.0018661403434058485,Colorful,5.346543014426315
-7.361150124567889,0.30949514626783303,-0.02028899180398043,-0.0022692750398402815,0.0018661403434058485,earth colorful,5.346543014426315
-4.747318468255309,-0.9267780113200565,-0.071451670075814,-0.008556137595341696,-0.002701844931448968,colorful northern,8.237887578329973
-8.228270571769649,0.7189605066759761,0.007794745770927924,0.0011953770227270937,0.004528559151204295,lights are,4.3876634642011485
-8.06969543604385,0.644132326018386,0.0019610104426007607,0.00047480629846994096,0.0039663855994012814,are visible,4.562995055625408
-6.412603667447878,-0.13894207700319416,-0.04307414493551351,-0.005072821195552309,-0.00021332134971234224,iowa tuesday,6.395703655825963
-7.071893619035383,0.1727859371464664,-0.027941683548418333,-0.0032115949693514046,0.0011597053269602631,night severe,5.6664628553489305
-6.385120571403944,-0.15193983476369732,-0.04364545485031125,-0.005143036374649919,-0.0002645363470241517,storms are,6.426104156099273
-6.887567039519165,0.08564821796698885,-0.03247084158169641,-0.0037689521766836034,0.0007454307455921419,are bringing,5.870338987814699
-7.53064715574482,0.3895812328700097,-0.015458353418504829,-0.0016740671633689403,0.0023162484052994085,bringing colorful,5.1590881566106
-7.897035202069215,0.5626262554438695,-0.003996412510400185,-0.000260563771099339,0.0033972540139853326,colorful aurora+s,4.753914316768245
-8.186701100407248,0.6993477003992188,0.006229766768711134,0.001002028218151237,0.004377274700060559,aurora+s much,4.433624212255541
-8.338775856716651,0.7710867210469128,0.012085984078287468,0.001725721665791529,0.004945177337728205,much iowa,4.2654897098658715
-8.625194942290312,0.906105796601643,0.024191560266480408,0.00322321797224155,0.006134715195925233,Video,3.9488662263398218
-8.57192088154152,0.8810028954408258,0.021823389068044666,0.0029301042092751504,0.005900341828097674,video abov+e,4.007753513760533
-8.487179789289799,0.8410620343968025,0.01817010906768536,0.002478086725618797,0.005540380231575085,abov+e dazzling,4.101428113727852
-8.355412376556545,0.7789328267020486,0.012749164745761238,0.0018077055780859833,0.0050097974516464736,dazzling aurora,4.247097170287823
-8.016648977654057,0.6190944460946379,8.891676677143245e-05,0.00024366779758570878,0.0037869999399613545,boreali+s visibl+e,4.621649766577901
-7.627603654721491,0.43538390113362935,-0.012567862660660359,-0.0013177705208420164,0.0025871293865743304,visibl+e iowa,5.051863244380658
-7.361150124567889,0.30949514626783303,-0.02028899180398043,-0.0022692750398402815,0.0018661403434058485,iowa after,5.346543014426315
-6.887567039519165,0.08564821796698885,-0.03247084158169641,-0.0037689521766836034,0.0007454307455921419,after 2024,5.870338987814699
-6.21661624512824,-0.23163601321239113,-0.04705703875758524,-0.005562248629623658,-0.0005694221387969002,2024 solar,6.612497703330628
-6.385120571403944,-0.15193983476369732,-0.04364545485031125,-0.005143036374649919,-0.0002645363470241517,storm space,6.426104156099273
-5.403957367962218,-0.6160761006271653,-0.0615905690909693,-0.007346660224182152,-0.001850005537849247,weather forecasters,7.511471640796544
-6.438691093787207,-0.1266045762401844,-0.04252786000702337,-0.005005678084428476,-0.00016430728878972373,forecasters issued,6.366847070090159
-6.497714024689483,-0.0986916366758277,-0.04127731125725172,-0.004851961763962858,-5.194883058664418e-05,alert,6.301559237528411
-6.497714024689483,-0.0986916366758277,-0.04127731125725172,-0.004851961763962858,-5.194883058664418e-05,issued alert,6.301559237528411
-8.446500262633714,0.8218842900894612,0.016463828933612534,0.0022670349098472455,0.005372919596871627,+3231,4.1463980731189665
-8.446500262633714,0.8218842900894612,0.016463828933612534,0.0022670349098472455,0.005372919596871627,alert +3231,4.1463980731189665
-8.525110726681396,0.8589415044672255,0.019788518594401464,0.002678307844301186,0.005699605412606045,+3231 chars,4.059497754754785
-9.34280802836877,1.2435398713702701,0.0629055182987711,0.00802665693917465,0.010084744723730416,Giant,3.1559575841557357
-9.332794885010044,1.2388437886495358,0.06225709472458919,0.007946016582594329,0.010016695898836959,giant solar,3.167015898300932
-9.322428935171589,1.233981760892557,0.06158976657984018,0.007863032006167071,0.009946732088499693,Outbursts,3.1784640584890242
-9.322428935171589,1.233981760892557,0.06158976657984018,0.007863032006167071,0.009946732088499693,solar outbursts,3.1784640584890242
-9.304309390570614,1.2254818432533259,0.06043279951865395,0.0077191755011761076,0.009825599169568836,Explode,3.1984758058339384
-9.304309390570614,1.2254818432533259,0.06043279951865395,0.0077191755011761076,0.009825599169568836,outbursts explod+e,3.1984758058339384
-9.28899074125639,1.2182947058395754,0.059463985419581325,0.007598729757227344,0.009724326746913266,Towards,3.215394663279457
-9.28899074125639,1.2182947058395754,0.059463985419581325,0.007598729757227344,0.009724326746913266,explod+e towards,3.215394663279457
-9.272870904403888,1.2107305810858382,0.058453568648977175,0.007473127305252786,0.009618861614424839,towards earth,3.233198885112815
-9.258051655398605,1.2037757824947568,0.0575327595405927,0.007358677481084215,0.009522888072047297,Prompting,3.249567047620763
-9.258051655398605,1.2037757824947568,0.0575327595405927,0.007358677481084215,0.009522888072047297,earth prompting,3.249567047620763
-9.235610195249892,1.1932420950219016,0.0561528365981047,0.0071871876088603105,0.009379309039336205,prompting aurora,3.274354861837704
-7.769434696866314,0.5023728737422681,-0.00815930265107892,-0.0007741381715245721,0.003002518355899408,Forecast,4.895016992805023
-9.218923829044869,1.1854084505514966,0.055137926777226245,0.00706107839633183,0.009273897571168642,aurora forecast,3.2927864445058836
-9.196155312461478,1.1747176987533532,0.05376811150196141,0.006890894876947749,0.009131877225685661,Across,3.31793708690966
-9.196155312461478,1.1747176987533532,0.05376811150196141,0.006890894876947749,0.009131877225685661,forecast across,3.31793708690966
-8.186701100407248,0.6993477003992201,0.006229766768711287,0.001002028218151249,0.004377274700060494,series,4.43362421225554
-9.163202488395378,1.159241513632019,0.05181562255677852,0.0066483705287601995,0.008929946318820655,across serie+s,3.3543391046997835
-6.004089981523086,-0.3321625529427741,-0.05114887006206889,-0.006064874169421785,-0.0009329599872144774,three,6.847591306562324
-8.130739069816375,0.6729410188504685,0.004163547052352667,0.0007468041495530403,0.004178068504839998,serie+s three,4.495499419866846
-8.094771942514079,0.6559673446619048,0.002859455410995332,0.0005857499616867545,0.0040526511186454815,three powerful,4.535267859021197
-8.037015302215694,0.6287076894185455,0.0008031618260654211,0.000331846620623303,0.0038553811895370507,flares,4.599130083316415
-8.037015302215694,0.6287076894185455,0.0008031618260654211,0.000331846620623303,0.0038553811895370507,powerful flares,4.599130083316415
-7.98854986158198,0.6058304853812111,-0.000887437212738651,0.00012314087719860617,0.003693640910988753,flares and,4.652720161715095
-7.959303585747497,0.5920241621678879,-0.0018926522020665387,-9.353542903718648e-07,0.0035976624220494906,and associated,4.685059407645327
-7.872265383668547,0.5509310038286244,-0.004819809863216645,-0.0003621643793054472,0.0033189847518943754,explosions,4.781304660531358
-7.872265383668547,0.5509310038286244,-0.004819809863216645,-0.0003621643793054472,0.0033189847518943754,associated explosion+s,4.781304660531358
-7.744671295161664,0.4906778902394242,-0.008945109739377545,-0.0008710570922655135,0.002928278295201009,explosion+s solar,4.9224014951289625
-7.682921452439336,0.46151320819663333,-0.010874637304520318,-0.0011090042289203222,0.002746349812452543,material,4.99068827560694
-7.682921452439336,0.46151320819663333,-0.010874637304520318,-0.0011090042289203222,0.002746349812452543,solar material,4.99068827560694
-7.580519615384795,0.4131420254224798,-0.013983591111915508,-0.0014922940291361344,0.002454309733223546,material out,5.1039334556582885
-7.53064715574482,0.3895812328700097,-0.015458353418504829,-0.0016740671633689403,0.0023162484052994085,out across,5.1590881566106
-7.93085101574655,0.5785917098031499,-0.0028600128503143696,-0.00012032626536035221,0.00350543248542602,the solar,4.716521377683057
-7.279873095075369,0.27108623882974614,-0.0225112299538424,-0.0025429881559083153,0.0016601649170206005,System,5.436433960801528
-7.279873095075369,0.27108623882974614,-0.0225112299538424,-0.0025429881559083153,0.0016601649170206005,solar system,5.436433960801528
-7.152784890969882,0.21102129552302795,-0.025871743137001267,-0.0029567839476811247,0.0013499850397721575,system have,5.576994531384356
-7.050596237910823,0.16271866734759,-0.02847808441646235,-0.0032776175655387235,0.001110493361679843,have set,5.690018672350789
-7.662357832139536,0.4518002721291876,-0.011507905387749234,-0.0011870874456468084,0.0026867544062019848,set earth,5.013429094789111
-6.809078140150983,0.04853949801071167,-0.03432465527841988,-0.003997009594789468,0.0005766846751648833,squarely,5.957154322637426
-6.809078140150983,0.04853949801071167,-0.03432465527841988,-0.003997009594789468,0.0005766846751648833,earth squarely,5.957154322637426
-7.435758802395927,0.34474940986789937,-0.01819629225079361,-0.0020114595750908067,0.002060735486362014,squarely the,5.264028701642826
-6.260943277901035,-0.21067030474879767,-0.046174455170635106,-0.005453810408659995,-0.000490702948880789,the path,6.563464374563606
-5.663602061700785,-0.49323483667019863,-0.05726022014993589,-0.006815224089534402,-0.001471555534465866,path sever+e,7.224243275567048
-5.087739006032692,-0.7656953182590582,-0.06652116914728874,-0.007951525396174119,-0.0022776717292515365,-level,7.861289747110516
-5.087739006032692,-0.7656953182590582,-0.06652116914728874,-0.007951525396174119,-0.0022776717292515365,sever+e -level,7.861289747110516
-4.185821585348812,-1.1924922340155728,-0.0788389811189619,-0.009461597618930855,-0.003330768221219657,-level geomagnetic,8.85906650496498
-7.580519615384795,0.4131420254224798,-0.013983591111915508,-0.0014922940291361344,0.002454309733223546,mode…,5.1039334556582885
-7.580519615384795,0.4131420254224798,-0.013983591111915508,-0.0014922940291361344,0.002454309733223546,according mode…,5.1039334556582885
-7.86382374827365,0.5469450947319627,-0.005098710215350313,-0.0003965763818133171,0.003292495024643065,+3006,4.790639438079116
-7.86382374827365,0.5469450947319627,-0.005098710215350313,-0.0003965763818133171,0.003292495024643065,mode… +3006,4.790639438079116
-8.043675002526344,0.6318510828620825,0.001037930987456026,0.00036083211800063547,0.003877873512603769,+3006 chars,4.591766287283786
-6.21661624512824,-0.23163601321239113,-0.04705703875758524,-0.005562248629623658,-0.0005694221387969002,sever+e solar,6.612497703330628
-5.371942052631357,-0.6312236278526355,-0.0621063008238529,-0.0074099396217064805,-0.00189490078784445,painting,7.546888463467878
-6.6641463357447,-0.019988693815967906,-0.03763791766871212,-0.004404505866058367,0.00027627588132775327,storm painting,6.117463876386458
-7.421325985953185,0.33792984607962184,-0.018605162127230353,-0.0020618357555455703,0.0020226678636915824,painting northern,5.27999071784519
-8.043675002526344,0.6318510828620825,0.001037930987456026,0.00036083211800063547,0.003877873512603769,lights across,4.591766287283786
-5.021337832579963,-0.7971146077806526,-0.06751224801040288,-0.008073077320647144,-0.00236321566360185,sky,7.9347470847353225
-5.5835956571444525,-0.5310858236146974,-0.05862336213246165,-0.006982535166215299,-0.0015909730138050212,the sky,7.312748740670789
-8.402718318658332,0.8012409950401549,0.01466043339885377,0.002044015440426837,0.00519638348426223,sky far,4.194798990688499
-5.167314088602758,-0.728043116918828,-0.06531378973586303,-0.0078034318976261865,-0.00217326787147197,south florida,7.773258876780357
-8.654724682624323,0.9200179484181765,0.025529014765699215,0.0033887932340644755,0.006267441650877658,florida nan,3.9162261364571944
-4.11770253453871,-1.2247292763473077,-0.07967842649832273,-0.009564457817943378,-0.0034017271408243997,brain,8.934426714751359
-9.383995902092654,1.2628517046626413,0.065612879203524,0.008363425142880307,0.010369584333411883,what brain,3.110472717318055
-9.375347019451402,1.258797159925573,0.06503893877061566,0.008292023225485884,0.010309103816191701,scans,3.1200236107444823
-9.375347019451402,1.258797159925573,0.06503893877061566,0.008292023225485884,0.010309103816191701,brain scans,3.1200236107444823
-9.366423036935881,1.254613271189848,0.0644497929735041,0.008218735014905687,0.01024707513031638,scans reveal,3.129878462747801
-9.355643927440545,1.249559124750366,0.06374226788324476,0.008130727885234017,0.010172655170969162,reveal about,3.1417821764276965
-7.091961498453199,0.18227183024718485,-0.02743300991865255,-0.003148981861862709,0.0012064102686063175,soccer,5.644267008157752
-9.346070793722792,1.2450699819409032,0.06311762051253551,0.008053036175428343,0.010107018144315812,about soccer,3.1523542959917363
-6.182899464015138,-0.2479874970155631,-0.07758578951021186,-0.011103565420699452,-0.02378943091999854,fans,6.649908306218466
-7.1339091714151825,0.20209947749133184,-0.026359438713719298,-0.0030168244086511134,0.0013051000866827894,soccer fan+s,5.59787154944838
-9.32418197978125,1.234804040141441,0.061702342148262215,0.007877030684862346,0.009958529801030139,passion,3.1765279799995447
-9.32418197978125,1.234804040141441,0.061702342148262215,0.007877030684862346,0.009958529801030139,fan+s passion,3.1765279799995447
-9.309860775068204,1.2280861645255494,0.0607859892473271,0.007763088673847776,0.009862555434735333,passion and,3.192344628103521
-9.30243608947595,1.2246029908418652,0.06031386938499912,0.007704388984201982,0.009813159221341496,rage,3.200544770304278
-9.30243608947595,1.2246029908418652,0.06031386938499912,0.007704388984201982,0.009813159221341496,and rag+e,3.200544770304278
-7.244125377411695,0.25419186060394994,-0.023470284215481925,-0.0026610955337036607,0.001571483345495884,Researchers,5.475970830602735
-9.292892854923108,1.2201255792317791,0.059709968910862735,0.007629309754249398,0.009750026088931876,rag+e researcher+s,3.2110848863211165
-9.268707404877668,1.2087767082625664,0.05819408805279723,0.007440874446117029,0.009591803269303761,scanning,3.237797514053559
-9.268707404877668,1.2087767082625664,0.05819408805279723,0.007440874446117029,0.009591803269303761,researcher+s scanning,3.237797514053559
-9.346070793722792,1.2450699819409032,0.06311762051253551,0.008053036175428343,0.010107018144315812,scanning soccer,3.1523542959917363
-7.614025365688253,0.4289698617246551,-0.012978507720887267,-0.0013683953639242801,0.002548575080106655,brains,5.066879391318109
-9.218923829044869,1.1854084505514966,0.055137926777226245,0.00706107839633183,0.009273897571168642,fan+s brains,3.2927864445058836
-9.20135044732227,1.1771572035574542,0.05407915364644446,0.006929535704139619,0.009164100166071477,brains found,3.3121983397323587
-7.8420435042770755,0.5366607621313699,-0.005814316147470314,-0.00048486636490547175,0.0032245772422319664,found that,4.814724211205462
-9.171741393783282,1.1632521699517413,0.052318199647831146,0.006710791538888573,0.008981867925083658,wins,3.3449062541850965
-9.171741393783282,1.1632521699517413,0.052318199647831146,0.006710791538888573,0.008981867925083658,that wins,3.3449062541850965
-9.157391241223047,1.156511864304092,0.05147491721359415,0.006606056478543695,0.008894769875402327,wins trigger,3.3607588039903313
-9.133136960940751,1.1451178723120652,0.05006441023819552,0.006430896722055705,0.008749330243197743,trigger bursts,3.3875531515263635
-9.100313918441756,1.129695229474348,0.04818455056118105,0.006197498659434588,0.008555968223441485,reward,3.423815098512746
-9.100313918441756,1.129695229474348,0.04818455056118105,0.006197498659434588,0.008555968223441485,bursts reward,3.423815098512746
-9.075458178549544,1.1180137750413324,0.04678262918372769,0.006023474848067249,0.008412117790454691,reward activity,3.4512760805237295
-9.040887344249926,1.1017631686314084,0.044862920058706623,0.005785224860558455,0.008215622115274534,activity while,3.489471930399925
-9.015991156300469,1.0900579629623517,0.043501652616997635,0.005616315124738463,0.008076625288021106,while losses,3.516979711557902
-8.984815956997416,1.0753979616344647,0.04182146042088895,0.005407870592988733,0.007905449524302773,dampen,3.5514263498581062
-8.984815956997416,1.0753979616344647,0.04182146042088895,0.005407870592988733,0.007905449524302773,losses dampen,3.5514263498581062
-8.951040481808768,1.0595119818428251,0.04003096915424399,0.005185788722583955,0.007723504492480986,control,3.5887475607664485
-8.951040481808768,1.0595119818428251,0.04003096915424399,0.005185788722583955,0.007723504492480986,dampen control,3.5887475607664485
-8.908755340186907,1.0396190505416463,0.03783181623079615,0.004913084089516476,0.007500690478703416,signals,3.6354737906062864
-8.908755340186907,1.0396190505416463,0.03783181623079615,0.004913084089516476,0.007500690478703416,control signal+s,3.6354737906062864
-8.829780634835116,1.0024529780194922,0.0338456024122412,0.0044189582402232655,0.007098654996985103,results,3.722748624046855
-8.829780634835116,1.0024529780194922,0.0338456024122412,0.0044189582402232655,0.007098654996985103,the results,3.722748624046855
-8.773272027494844,0.9758501866407363,0.031085568432056856,0.004076964761885956,0.006821669623294531,results show,3.785200416822074
-8.765701741502747,0.9722857263659106,0.030721436223639875,0.004031853758607502,0.006785210914718535,show how,3.7935671460019136
-8.70041439359228,0.9415399755383347,0.02763436765522463,0.0036494856473441688,0.006476902794247846,loyalty,3.86572550816521
-8.70041439359228,0.9415399755383347,0.02763436765522463,0.0036494856473441688,0.006476902794247846,how loyalty,3.86572550816521
-8.625194942290312,0.906105796601643,0.024191560266480408,0.00322321797224155,0.006134715195925233,loyalty and,3.9488662263398218
-8.583014263157283,0.8862305695907549,0.02231186176483739,0.002990556975718867,0.005948618247872232,rivalry,3.9954910802201624
-8.583014263157283,0.8862305695907549,0.02231186176483739,0.002990556975718867,0.005948618247872232,and rivalry,3.9954910802201624
-8.487179789289799,0.8410620343968025,0.01817010906768536,0.002478086725618797,0.005540380231575085,rivalry can,4.101428113727852
-8.432270270058904,0.8151751439227377,0.015873984845007294,0.002194085960790449,0.005315127708532806,override,4.16212917431229
-8.432270270058904,0.8151751439227377,0.015873984845007294,0.002194085960790449,0.005315127708532806,can override,4.16212917431229
-8.285964424807414,0.7461772232968824,0.010010871849807298,0.0014692311844065713,0.004743385377482362,logic,4.323876671066961
-8.285964424807414,0.7461772232968824,0.010010871849807298,0.0014692311844065713,0.004743385377482362,override logic,4.323876671066961
-8.14231438319309,0.6784033435279828,0.004587179095811952,0.0007991273488210868,0.004218861946944848,turning,4.482700873026836
-8.14231438319309,0.6784033435279828,0.004587179095811952,0.0007991273488210868,0.004218861946944848,logic turning,4.482700873026836
-7.928828663498409,0.577636927704793,-0.0029283788904383157,-0.00012876347327563445,0.0034989193181899185,competition,4.718757645723907
-7.928828663498409,0.577636927704793,-0.0029283788904383157,-0.00012876347327563445,0.0034989193181899185,turning competition,4.718757645723907
-7.421325985953185,0.33792984607962184,-0.018605162127230353,-0.0020618357555455703,0.0020226678636915824,competition into,5.27999071784519
-6.016980940702679,-0.32606475086333697,-0.05090704163415809,-0.006035174084502182,-0.0009115398333365138,emotional,6.833331374060027
-6.781585203013333,0.03554057516761322,-0.034963935480850465,-0.004075644605969792,0.0005186036344663669,into emotional,5.987564083629794
-4.185821585348812,-1.1924922340155728,-0.0788389811189619,-0.009461597618930855,-0.003330768221219657,emotional storm,8.85906650496498
-6.887567039519165,0.08564821796698885,-0.03247084158169641,-0.0037689521766836034,0.0007454307455921419,same,5.870338987814699
-6.887567039519165,0.08564821796698885,-0.03247084158169641,-0.0037689521766836034,0.0007454307455921419,the sam+e,5.870338987814699
-7.296710314753467,0.2790432714199538,-0.02205567658292673,-0.0024868827519326647,0.0017023335702868536,sam+e brain,5.417812156168164
-6.790751010088874,0.03987428727061948,-0.034751378895608157,-0.004049499515621866,0.0005379089279809448,circuits,5.977425828931257
-7.627603654721491,0.43538390113362935,-0.012567862660660359,-0.0013177705208420164,0.0025871293865743304,brain circuit+s,5.051863244380658
-8.043675002526344,0.6318510828620825,0.001037930987456026,0.00036083211800063547,0.003877873512603769,circuit+s researchers,4.591766287283786
-8.304075367882625,0.7547200257877618,0.01071740471192531,0.0015565541617925446,0.004812022295796227,studying,4.303853480771124
-8.304075367882625,0.7547200257877618,0.01071740471192531,0.0015565541617925446,0.004812022295796227,researchers studying,4.303853480771124
-8.446500262633714,0.8218842900894612,0.016463828933612534,0.0022670349098472455,0.005372919596871627,studying the,4.1463980731189665
-8.500113036163704,0.8471586422191781,0.01871892383209861,0.00254597903692127,0.00559433224805609,the brains,4.087131067224956
-8.61496398609183,0.9012853561910388,0.023732349381636833,0.0031663741463134713,0.0060892041602225305,brains soccer,3.960174981039146
-8.725937843076332,0.9535608324539615,0.02883000246245916,0.0037975620250276683,0.0065961455709105145,fan+s found,3.8375154077705504
-6.950725519661121,0.11550710219133276,-0.03094733621347158,-0.0035814981146770706,0.0008844662583242504,certain,5.8004812099168435
-8.809391287819267,0.9928550732078512,0.03284109765842695,0.004294478002285922,0.006997716657085328,that certain,3.74528199188313
-7.140562874668187,0.2052444439232377,-0.026187854782906916,-0.0029957009591956487,0.001320888019099277,certain area+s,5.590512378052495
-7.296710314753467,0.2790432714199538,-0.02205567658292673,-0.0024868827519326647,0.0017023335702868536,the brain,5.417812156168164
-8.965857190526833,1.066481285451,0.04081265901880604,0.0052827390050547325,0.007802878502701378,brain light,3.5723752203454993
-9.007329525470354,1.0859851607439233,0.043032137161240186,0.0055580628195008135,0.008028748793163442,light when,3.5265501398509116
-9.028637299042119,1.096003919753724,0.0441909257140717,0.005701838517383553,0.008146970817022805,when people,3.5030068904525873
-9.056639706556178,1.1091683078906351,0.04573334720550168,0.005893244386493808,0.008304647121200133,people watch,3.4720676015165073
-9.079111962509177,1.119731072480329,0.04698756082291525,0.00604891164570279,0.008433127048466677,matches,3.44723926991436
-9.079111962509177,1.119731072480329,0.04698756082291525,0.00604891164570279,0.008433127048466677,watch match+es,3.44723926991436
-9.107119493747888,1.1328932854638898,0.048571626723694555,0.00624555256767443,0.008595738677534511,featuring,3.4162963608056858
-9.107119493747888,1.1328932854638898,0.048571626723694555,0.00624555256767443,0.008595738677534511,match+es featuring,3.4162963608056858
-9.139357788170653,1.1480404451877861,0.05042442763015964,0.006475601575035508,0.008786423228374567,featuring their,3.3806807496181825
-9.157391241223047,1.156511864304092,0.05147491721359415,0.006606056478543695,0.008894769875402327,favorite,3.3607588039903313
-9.157391241223047,1.156511864304092,0.05147491721359415,0.006606056478543695,0.008894769875402327,their favorit+e,3.3607588039903313
-9.18280779984433,1.168449572285502,0.05297302328247093,0.006792127629325784,0.009049576522807499,favorit+e team,3.3326814751466234
-9.21399678076833,1.1830951698605732,0.05484004157650603,0.007024067201471439,0.009242988618942356,neural,3.298228902937036
-9.21399678076833,1.1830951698605732,0.05484004157650603,0.007024067201471439,0.009242988618942356,these neural,3.298228902937036
-9.23092876826939,1.191044446284586,0.05586714932795145,0.007151687490448045,0.00934962059843597,neural circuit+s,3.2795258667020324
-9.25148230673042,1.2006924405645045,0.057127014979987956,0.0073082505511649545,0.009480640231688481,circuit+s trigger,3.256823156382299
-9.268707404877668,1.2087767082625664,0.05819408805279723,0.007440874446117029,0.009591803269303761,trigger strong,3.237797514053559
-9.283043418696007,1.2155040936893746,0.059090122651745805,0.007552253947994624,0.00968528519394332,strong emotional,3.221963372942582
-9.309860775068204,1.2280861645255494,0.0607859892473271,0.007763088673847776,0.009862555434735333,+5748,3.192344628103521
-9.309860775068204,1.2280861645255494,0.0607859892473271,0.007763088673847776,0.009862555434735333,emotional +5748,3.192344628103521
-9.320665500306845,1.2331545940680406,0.06147663836112492,0.007848964804013201,0.009934878461610473,+5748 chars,3.1804116182580753
-7.412536055644498,0.333776505786505,-0.01885321433913347,-0.0020923968119357025,0.001999584401368602,taiwan evacuate+s,5.289711996143564
-2.3234647892684066,-2.0739093825505206,-0.09828692063041267,-0.01184328580219182,-0.004947228361362318,"8,300",10.919429341124097
-7.207700300384962,0.23697666490355918,-0.024436293721712958,-0.0027800477080420346,0.0014822875019738372,"evacuate+s 8,300",5.516257178030077
-8.043675002526344,0.6318510828620825,0.001037930987456026,0.00036083211800063547,0.003877873512603769,"8,300 and",4.591766287283786
-6.940381243161919,0.11061684096017332,-0.031198842751785874,-0.0036124457633361813,0.000861491556327993,shuts,5.811922664685341
-7.928828663498409,0.577636927704793,-0.0029283788904383157,-0.00012876347327563445,0.0034989193181899185,and shuts,4.718757645723907
-6.71587336796016,0.0044702800154658995,-0.03647130801880957,-0.004261040260645551,0.00038187722388237713,shuts school+s,6.0602480381870585
-2.3865954951332,-2.044029418014812,-0.09772923484256245,-0.011775021562685208,-0.004901697056525153,school+s before,10.849585756850951
-0.7418384476977433,-2.822508860776508,-0.11051736567158002,-0.013340110564749296,-0.005932785279693035,before tropical,12.66924278484827
0.42318703803756286,-3.3739285583822314,-0.11777862171498467,-0.014228751105650864,-0.006505504638906827,brushes,13.958158948435411
0.42318703803756286,-3.3739285583822314,-0.11777862171498467,-0.014228751105650864,-0.006505504638906827,storm brushes,13.958158948435411
-7.152784890969882,0.21102129552302795,-0.025871743137001267,-0.0029567839476811247,0.0013499850397721575,brushes island,5.576994531384356
-8.473941587459016,0.8348213838031071,0.017611541070879463,0.0024089922524462137,0.005485514071083058,island taiwan,4.116062402642489
-8.186701100407248,0.6993477003992188,0.006229766768711134,0.001002028218151237,0.004377274700060559,"evacuated 8,300",4.433624212255541
-5.002785951286773,-0.8058929533217571,-0.06778652850568108,-0.008106715037402288,-0.0023868649890486236,"8,300 people",7.9552704345080185
-4.494258420722343,-1.0465294748672864,-0.0748885152527182,-0.008977451432128344,-0.0029954364735366346,brushes the,8.517844206702154
-5.730175759966753,-0.4617396450403408,-0.05610556191218278,-0.006673486607264934,-0.0013701972242192162,southern part,7.150597847349569
-6.600444917438191,-0.05011095002250254,-0.039051098739622314,-0.004578272199668406,0.00014860762134273186,later,6.187925286319556
-6.600444917438191,-0.05011095002250254,-0.039051098739622314,-0.004578272199668406,0.00014860762134273186,island later,6.187925286319556
-6.781585203013333,0.03554057516761322,-0.034963935480850465,-0.004075644605969792,0.0005186036344663669,later wednesday,5.987564083629794
-8.537196694161937,0.8646379336339167,0.020309876157248122,0.002742815388613682,0.0057509792271651095,wednesday taipei,4.046137682388853
-6.45894447216284,-0.1170262986550008,-0.04210103560762067,-0.004953215274016098,-0.00012598267442765366,"than 8,300",6.344443873868148
-8.593880825393816,0.8913511356152333,0.02279270332156813,0.0030500686557798553,0.005996174348257813,from coastal,3.983479468109561
-8.043675002526344,0.6318510828620825,0.001037930987456026,0.00036083211800063547,0.003877873512603769,coastal and,4.591766287283786
-8.446500262633714,0.8218842900894612,0.016463828933612534,0.0022670349098472455,0.005372919596871627,and mountainous,4.1463980731189665
-8.248090955308372,0.7283111444103216,0.008550221010689682,0.0012887259963630503,0.004601714604015509,mountainous area+s,4.365749663832237
-8.560592577594416,0.8756642832584296,0.021327059483098987,0.002868682576655183,0.005851324399480783,Fung-…,4.020275730747688
-8.645069051628365,0.9154691442386595,0.025089713118608206,0.003334405378413065,0.006223817382753032,+2008,3.926898704242373
-8.645069051628365,0.9154691442386595,0.025089713118608206,0.003334405378413065,0.006223817382753032,fung-… +2008,3.926898704242373
-8.70041439359228,0.9415399755383347,0.02763436765522463,0.0036494856473441688,0.006476902794247846,+2008 chars,3.86572550816521
-8.664200556269979,0.9244818865712732,0.025962028092991904,0.00344240528404699,0.006310469067795121,thousands evacuated,3.9057523395496063
-8.525110726681396,0.8589415044672255,0.019788518594401464,0.002678307844301186,0.005699605412606045,evacuated taiwan,4.059497754754785
-8.387364309810454,0.7940008389883226,0.014035910757773606,0.0019667936269970147,0.005135357330599917,taiwan tropical,4.211773155962554
-6.9431512087288585,0.11192634776388433,-0.031131571763881455,-0.003604168206108196,0.0008676357906872573,fung-wong closes,5.808858897330717
-6.369037664389882,-0.1595461232149873,-0.043977802383098924,-0.005183880834468652,-0.00029430871913379945,closes the,6.443894351507376
-4.233471395717209,-1.1699423318302413,-0.0782448726671423,-0.009388795804618637,-0.0032804847534842847,due,8.806351529879713
-6.6641463357447,-0.019988693815967906,-0.03763791766871212,-0.004404505866058367,0.00027627588132775327,storm du+e,6.117463876386458
-7.296710314753467,0.2790432714199538,-0.02205567658292673,-0.0024868827519326647,0.0017023335702868536,du+e make,5.417812156168164
-8.016648977654057,0.6190944460946379,8.891676677143245e-05,0.00024366779758570878,0.0037869999399613545,land+fall wednesday,4.621649766577901
-1.9584815399968623,-2.2466580914939067,-0.10139650241727968,-0.012223893287003882,-0.005200178766221332,wednesday night,11.323223002120791
-8.355412376556545,0.7789328267020486,0.012749164745761238,0.0018077055780859833,0.0050097974516464736,night after,4.247097170287823
-8.446500262633714,0.8218842900894612,0.016463828933612534,0.0022670349098472455,0.005372919596871627,departing,4.1463980731189665
-8.446500262633714,0.8218842900894612,0.016463828933612534,0.0022670349098472455,0.005372919596871627,after departing,4.1463980731189665
-8.57192088154152,0.8810028954408258,0.021823389068044666,0.0029301042092751504,0.005900341828097674,departing the,4.007753513760533
-8.734157631567447,0.957431832469307,0.029218097017950972,0.0038456310221995967,0.006634896078761119,Taipei,3.8284305211422858
-8.842882685087389,1.0086199898658852,0.03449633124979981,0.004499605759298218,0.0071641237864190545,taiwan more,3.708269079733725
-8.90316123868857,1.0369869569751067,0.03754433499932469,0.004877440448698651,0.007471616900796568,"3,300",3.6416555868890996
-8.90316123868857,1.0369869569751067,0.03754433499932469,0.004877440448698651,0.007471616900796568,"than 3,300",3.6416555868890996
-8.93567610559492,1.0522844209622846,0.03922651918381602,0.0050860250668865355,0.0076419151221984345,"3,300 peopl+e",3.6057253600576233
-8.795277988706722,0.986210919076387,0.03215153183617929,0.0042090341803542285,0.006928511658626027,peopl+e taiwan,3.7608796204660413
-9.015991156300469,1.0900579629623517,0.043501652616997635,0.005616315124738463,0.008076625288021106,taiwan have,3.516979711557902
-6.865177165174463,0.07506276642154353,-0.03300406325557769,-0.0038345537537512802,0.0006968447161661458,been evacuated,5.895103962137464
-9.093380242276927,1.1264368159677454,0.04779162225772543,0.0061487205484079335,0.008515619856897166,evacuated from,3.431475432417104
-9.110475478923384,1.1344702622248348,0.04876301870851123,0.006269313930080549,0.008615411850018557,from their,3.412588724691764
-9.157391241223047,1.156511864304092,0.05147491721359415,0.006606056478543695,0.008894769875402327,homes tropical,3.3607588039903313
-9.279014170951903,1.2136133978028956,0.0588375504080277,0.007520857287064997,0.00965892204961786,island bringing,3.226413641944777
-9.29674598989696,1.2219334071980716,0.05995340162816627,0.007659573567207178,0.009775468242222212,bringing heavy,3.2068292336512148
-9.32418197978125,1.234804040141441,0.061702342148262215,0.007877030684862346,0.009958529801030139,and strong,3.1765279799995447
-9.367930094902055,1.2553198617772399,0.06454907004087497,0.008231084445189487,0.010257523756304784,Taiwans,3.1282141901831446
-9.367930094902055,1.2553198617772399,0.06454907004087497,0.008231084445189487,0.010257523756304784,according taiwan+s,3.1282141901831446
-9.37970495258751,1.260840178502546,0.06532776619946966,0.008327954589816495,0.010339533273349924,Ce…,3.1152111591359355
-9.37970495258751,1.260840178502546,0.06532776619946966,0.008327954589816495,0.010339533273349924,taiwan+s ce…,3.1152111591359355
-9.38682016939906,1.2641756253729237,0.06580093226289281,0.00838682128516408,0.010389412262812245,+2093,3.107353936051607
-9.38682016939906,1.2641756253729237,0.06580093226289281,0.00838682128516408,0.010389412262812245,ce… +2093,3.107353936051607
-9.39512377852966,1.2680678483309324,0.06635564689386515,0.008455837916871439,0.01044793285285862,+2093 char+s,3.0981845291909966
-7.897035202069215,0.5626262554438695,-0.003996412510400185,-0.000260563771099339,0.0033972540139853326,space forecasters,4.753914316768245
-7.361150124567889,0.30949514626783303,-0.02028899180398043,-0.0022692750398402815,0.0018661403434058485,forecasters say,5.346543014426315
-7.071893619035383,0.1727859371464664,-0.027941683548418333,-0.0032115949693514046,0.0011597053269602631,say severe,5.6664628553489305
-6.385120571403944,-0.15193983476369732,-0.04364545485031125,-0.005143036374649919,-0.0002645363470241517,storms could,6.426104156099273
-7.071893619035383,0.1727859371464664,-0.027941683548418333,-0.0032115949693514046,0.0011597053269602631,could hit,5.6664628553489305
-5.999680104043255,-0.33424856231855227,-0.05123141424780681,-0.006075011659295585,-0.0009402695340101474,earth and,6.852469500840285
-7.829083933714435,0.5305412296113183,-0.006237411153170121,-0.0005370637398305145,0.0031844552724164775,and trigger,4.829055102262284
-8.06969543604385,0.644132326018386,0.0019610104426007607,0.00047480629846994096,0.0039663855994012814,trigger aurora+s,4.562995055625408
-8.248090955308372,0.7283111444103216,0.008550221010689682,0.0012887259963630503,0.004601714604015509,aurora+s the,4.365749663832237
-8.387364309810454,0.7940008389883226,0.014035910757773606,0.0019667936269970147,0.005135357330599917,sun has,4.211773155962554
-8.446500262633714,0.8218842900894612,0.016463828933612534,0.0022670349098472455,0.005372919596871627,burped,4.1463980731189665
-8.446500262633714,0.8218842900894612,0.016463828933612534,0.0022670349098472455,0.005372919596871627,has burped,4.1463980731189665
-8.537196694161937,0.8646379336339167,0.020309876157248122,0.002742815388613682,0.0057509792271651095,burped out,4.046137682388853
-8.583014263157283,0.8862305695907549,0.02231186176483739,0.002990556975718867,0.005948618247872232,out bursts,3.9954910802201624
-8.682635079537773,0.9331655838726289,0.026809835596675297,0.0035473814762933785,0.006394792940347737,bursts energy,3.885376673775027
-8.742240169530103,0.9612380519674757,0.02960117240087605,0.003893080495525362,0.0066731671577248425,called,3.819497394604099
-8.742240169530103,0.9612380519674757,0.02960117240087605,0.003893080495525362,0.0066731671577248425,energy called,3.819497394604099
-8.795277988706722,0.986210919076387,0.03215153183617929,0.0042090341803542285,0.006928511658626027,called coronal,3.7608796204660413
-8.98942063884097,1.0775634749586653,0.042067947875181824,0.005438447170218439,0.007930534699588838,reach,3.5463383844404417
-8.98942063884097,1.0775634749586653,0.042067947875181824,0.005438447170218439,0.007930534699588838,could reach,3.5463383844404417
-7.361150124567889,0.30949514626783303,-0.02028899180398043,-0.0022692750398402815,0.0018661403434058485,reach earth,5.346543014426315
-9.040887344249926,1.1017631686314084,0.044862920058706623,0.005785224860558455,0.008215622115274534,earth tuesday,3.489471930399925
-9.136260926642894,1.1465855426594884,0.050245052873645,0.006453327621528325,0.008767939570040392,forecaster+s said,3.384101971431883
-7.162140222417207,0.21544313175778607,-0.025628954926675766,-0.002926893052479693,0.0013723422807205002,vibrant,5.566647330585481
-9.110475478923384,1.1344702622248348,0.04876301870851123,0.006269313930080549,0.008615411850018557,the vibrant,3.412588724691764
-6.285381287165202,-0.19911187321844714,-0.045683401179932956,-0.00539347342603875,-0.0004468579971763703,displays,6.536431827105943
-9.082730498882169,1.1214317601233015,0.04719090422564544,0.0060741519320748165,0.008453979798317307,vibrant display+s,3.44324142115305
-9.04884414318606,1.1055037346413972,0.045301696088834525,0.00583967529933772,0.008260484618320355,display+s could,3.4806806499713483
-8.94086051208764,1.0547232926763213,0.03949727182567041,0.00511960131293834,0.00766936471380732,across much,3.5999965029120062
-5.2802718760447895,-0.6746667654408096,-0.06769274893388282,-0.00716073316544719,0.008174123345212283,much the,7.648320252259184
-8.750189276352113,0.9649812954825567,0.029979345853600403,0.0039399248861049126,0.006710969696639188,YORK,3.810711804171223
-3.3256510399849404,-1.5995804886873914,-0.08865855090751601,-0.010664472946027093,-0.004154215003427042,new york,9.810683003336582
-8.70907044978232,0.945616900603258,0.028038265839295362,0.003699505108891221,0.006517160800825667,york space,3.8561582278982494
-8.043675002526344,0.6318510828620825,0.001037930987456026,0.00036083211800063547,0.003877873512603769,alert tuesday,4.591766287283786
-8.57192088154152,0.8810028954408258,0.021823389068044666,0.0029301042092751504,0.005900341828097674,tuesday for,4.007753513760533
-1.56501373075184,-2.4328900933048905,-0.1045436643727975,-0.01260906478995865,-0.005454562852757447,incoming,11.758531118475204
-7.627603654721491,0.43538390113362935,-0.012567862660660359,-0.0013177705208420164,0.0025871293865743304,for incoming,5.051863244380658
-7.071893619035383,0.1727859371464664,-0.027941683548418333,-0.0032115949693514046,0.0011597053269602631,incoming severe,5.6664628553489305
-6.385120571403944,-0.15193983476369732,-0.04364545485031125,-0.005143036374649919,-0.0002645363470241517,storms that,6.426104156099273
-7.421325985953185,0.33792984607962184,-0.018605162127230353,-0.0020618357555455703,0.0020226678636915824,produce,5.27999071784519
-7.421325985953185,0.33792984607962184,-0.018605162127230353,-0.0020618357555455703,0.0020226678636915824,could produce,5.27999071784519
-7.792692876914949,0.513356522565116,-0.007414859754855452,-0.0006823134309226269,0.0030729301256002487,produce colorful,4.869297244975625
-8.446500262633714,0.8218842900894612,0.016463828933612534,0.0022670349098472455,0.005372919596871627,temporarily,4.1463980731189665
-8.446500262633714,0.8218842900894612,0.016463828933612534,0.0022670349098472455,0.005372919596871627,and temporarily,4.1463980731189665
-8.593880825393816,0.8913511356152333,0.02279270332156813,0.0030500686557798553,0.005996174348257813,temporarily disrupt,3.983479468109561
-6.847970414784957,0.06692765094037245,-0.03341144570186074,-0.0038846711576808364,0.0006597514209971764,communications,5.914136052692381
-8.673502244627386,0.9288635918613777,0.026388916087338385,0.003495261594361806,0.006352914670363875,disrupt communications,3.8954711509450943
-8.885930729182084,1.0288792700263782,0.03666384032532702,0.004768279058912878,0.007382647400883544,past few,3.660696499657337
-8.908755340186907,1.0396190505416463,0.03783181623079615,0.004913084089516476,0.007500690478703416,day…,3.6354737906062864
-8.908755340186907,1.0396190505416463,0.03783181623079615,0.004913084089516476,0.007500690478703416,few day…,3.6354737906062864
-8.94086051208764,1.0547232926763213,0.03949727182567041,0.00511960131293834,0.00766936471380732,+3020,3.5999965029120062
-8.94086051208764,1.0547232926763213,0.03949727182567041,0.00511960131293834,0.00766936471380732,day… +3020,3.5999965029120062
-8.970680012606138,1.0687496509019228,0.041068363385155876,0.005314455104787452,0.007828863050288836,+3020 char+s,3.5670461021166773
-7.071893619035383,0.1727859371464664,-0.027941683548418333,-0.0032115949693514046,0.0011597053269602631,brings dazzling,5.6664628553489305
-8.207818865380005,0.7093115013457318,0.0070215258296640465,0.0010998436256783786,0.004453769496389657,lights u.s,4.410275506016466
-8.432270270058904,0.8151751439227377,0.015873984845007294,0.002194085960790449,0.005315127708532806,skies surge,4.16212917431229
-7.050596237910823,0.16271866734759,-0.02847808441646235,-0.0032776175655387235,0.001110493361679843,energized,5.690018672350789
-8.54902083455344,0.8702107074487773,0.020822637280872164,0.00280626307162659,0.005801544376907095,surge energized,4.033067150925621
-7.245262053228301,0.2547290643558364,-0.023439957991928675,-0.0026573610421820612,0.0015742855907012847,energized solar,5.474713665678327
-7.3454594174370555,0.302080516126503,-0.020722594222102375,-0.0023226867931248783,0.0018258966982271719,particles,5.363896522673859
-7.3454594174370555,0.302080516126503,-0.020722594222102375,-0.0023226867931248783,0.0018258966982271719,solar particles,5.363896522673859
-7.491239152702691,0.37096287640280723,-0.016606083696478494,-0.0018155121587736757,0.002209011835282557,hurling,5.202670602284056
-7.491239152702691,0.37096287640280723,-0.016606083696478494,-0.0018155121587736757,0.002209011835282557,particles hurling,5.202670602284056
-7.592541526034378,0.4188211677900795,-0.013624303036631029,-0.001448005373358925,0.0024879906972673452,hurling towards,5.09063836282212
-7.682921452439336,0.46151320819663333,-0.010874637304520318,-0.0011090042289203222,0.002746349812452543,towards the,4.99068827560694
-7.724612960993106,0.48120459658837644,-0.009576530068747799,-0.0009489285306969178,0.00286868662991387,the earth,4.944583085460504
-7.811103028977335,0.5220503696618031,-0.006821136737617299,-0.0006090742499256924,0.0031291419084318317,lighting,4.848938772319131
-7.811103028977335,0.5220503696618031,-0.006821136737617299,-0.0006090742499256924,0.0031291419084318317,earth lighting,4.848938772319131
-7.682921452439336,0.46151320819663333,-0.010874637304520318,-0.0011090042289203222,0.002746349812452543,lighting the,4.99068827560694
-5.023509631094106,-0.7960869624364011,-0.06748006483062793,-0.008069130332185807,-0.002360440020454236,the skies,7.932344495014841
-8.009727575891674,0.6158273302289667,-0.000152551283839078,0.00021385834943589074,0.003763898249221107,skies far,4.629303022341931
-8.14231438319309,0.6784033435279828,0.004587179095811952,0.0007991273488210868,0.004218861946944848,florida with,4.482700873026836
-8.170403233705738,0.6916576510066306,0.005623273018430519,0.0009271066757857039,0.004318739284646296,with dazzling,4.451644002362834
-8.218125743472099,0.7141742976427867,0.007410402330318755,0.0011478893280312923,0.004491372927076544,dazzling display+s,4.39887987146117
-8.267312251839886,0.7373786598647236,0.009288696523158502,0.0013799820678727214,0.004673302468379638,display+s which,4.344498447373531
-8.29508588249446,0.7504798060612925,0.010366054023576904,0.001513128578744848,0.004777881035626822,meteorologists,4.313792097236604
-8.29508588249446,0.7504798060612925,0.010366054023576904,0.001513128578744848,0.004777881035626822,which meteorologists,4.313792097236604
-8.359500862108044,0.7808609742331158,0.012912851321866287,0.0018279418338044626,0.005025756711108557,meteorologists say,4.2425771641971215
-8.387364309810454,0.7940008389883226,0.014035910757773495,0.0019667936269969905,0.005135357330599803,say powerful,4.211773155962554
-8.421363141888477,0.8100324424370606,0.015424302396936762,0.002138474793069495,0.005271102247889599,enough,4.174186982746409
-8.421363141888477,0.8100324424370606,0.015424302396936762,0.002138474793069495,0.005271102247889599,powerful enough,4.174186982746409
-8.45694613279494,0.8268090946067255,0.016899118868207774,0.002320872527657534,0.005415600673231758,knock,4.134850370665691
-8.45694613279494,0.8268090946067255,0.016899118868207774,0.002320872527657534,0.005415600673231758,enough knock,4.134850370665691
-8.043675002526344,0.6318510828620825,0.001037930987456026,0.00036083211800063547,0.003877873512603769,knock out,4.591766287283786
-8.49690766482964,0.8456476873971699,0.01858261731244268,0.0025291165469206595,0.005580928379778081,out few,4.090674430364011
-9.336170793795175,1.240427113792432,0.06247528928324052,0.007973151335976257,0.010039586954263512,radios,3.1632875897323203
-9.336170793795175,1.240427113792432,0.06247528928324052,0.007973151335976257,0.010039586954263512,few radio+s,3.1632875897323203
-8.432270270058904,0.8151751439227377,0.015873984845007294,0.002194085960790449,0.005315127708532806,radio+s surg+e,4.16212917431229
-8.54902083455344,0.8702107074487773,0.020822637280872164,0.00280626307162659,0.005801544376907095,surg+e energized,4.033067150925621
-9.559973245777492,1.345262845743217,0.0779653906497534,0.0099014158444181,0.01168400392926178,+2307,2.91618040073459
-9.559973245777492,1.345262845743217,0.0779653906497534,0.0099014158444181,0.01168400392926178,few +2307,2.91618040073459
-9.564127478510496,1.3472061307406697,0.0782735581691776,0.009939816266545878,0.011717110108733664,+2307 chars,2.9115947710851957
-8.63522783684793,0.910832720596862,0.02464395370342605,0.003279220856767618,0.00617958064277333,river hit,3.937776486839166
-8.593880825393816,0.8913511356152333,0.02279270332156813,0.0030500686557798553,0.005996174348257813,hit california,3.983479468109561
-8.46038609530353,0.8284308589064298,0.017042894792876018,0.0023386556387175756,0.005429704198076386,california with,4.1310475776448605
-8.387364309810454,0.7940008389883226,0.014035910757773606,0.0019667936269970147,0.005135357330599917,with heavy,4.211773155962554
-7.296710314753467,0.2790432714199538,-0.02205567658292673,-0.0024868827519326647,0.0017023335702868536,timeline,5.417812156168164
-7.296710314753467,0.2790432714199538,-0.02205567658292673,-0.0024868827519326647,0.0017023335702868536,her+e timeline,5.417812156168164
-5.793739386767405,-0.43166918346004524,-0.05498535565937663,-0.006535964451914325,-0.001271683827724958,timeline the,7.08028256798607
-3.3626246521497194,-1.582081577972632,-0.08826886453316479,-0.010616751009796716,-0.004121815194231673,fast-moving,9.769778349462115
-6.5329792021896695,-0.08201462831280049,-0.04052030629251879,-0.004758902478622165,1.617154585360943e-05,storm fast-moving,6.2625511182941676
0.9302208159929481,-3.6139114918092954,-0.12056967274159064,-0.014570379396980939,-0.0067229898440958604,fast-moving storm,14.519111439905497
-2.784951206538379,-1.8554878805217214,-0.09406586066815889,-0.01132656253898018,-0.004601369680815686,driven,10.408872603355594
-2.784951206538379,-1.8554878805217214,-0.09406586066815889,-0.01132656253898018,-0.004601369680815686,storm driven,10.408872603355594
-0.6273328408834047,-2.876705802011296,-0.11128898821137737,-0.013434538026506074,-0.005994102584680986,atmospheric,12.795925049790517
-5.087739006032692,-0.7656953182590582,-0.06652116914728874,-0.007951525396174119,-0.0022776717292515365,driven atmospheric,7.861289747110516
-6.461355771544494,-0.11588594882958958,-0.042050060515071236,-0.004946949565194951,-0.00012140392309669193,river sweep,6.341776628030035
-6.6641463357447,-0.019988693815967906,-0.03763791766871212,-0.004404505866058367,0.00027627588132775327,sweep dow+n,6.117463876386458
-7.245262053228301,0.2547290643558364,-0.023439957991928675,-0.0026573610421820612,0.0015742855907012847,quick,5.474713665678327
-7.245262053228301,0.2547290643558364,-0.023439957991928675,-0.0026573610421820612,0.0015742855907012847,bringing quick,5.474713665678327
-7.1331772335396355,0.2017535154465322,-0.026378291931759244,-0.0030191453786043865,0.00130336559633905,burst,5.598681092659403
-7.1331772335396355,0.2017535154465322,-0.026378291931759244,-0.0030191453786043865,0.00130336559633905,quick burst,5.598681092659403
-6.936831633358537,0.10893875111450857,-0.03128496611084543,-0.0036230429851473317,0.0008536263443538212,burst heavy,5.815848772912048
-5.854516868964571,-0.4029174527213546,-0.053897618165821476,-0.006402415267517296,-0.0011758570257110277,and snow,7.013049693860621
-6.5329792021896695,-0.08201462831280049,-0.04052030629251879,-0.004758902478622165,1.617154585360943e-05,... fast-moving,6.2625511182941676
-8.664200556269979,0.9244818865712732,0.025962028092991904,0.00344240528404699,0.006310469067795121,coast wednesday,3.9057523395496063
-8.795277988706722,0.986210919076387,0.03215153183617929,0.0042090341803542285,0.006928511658626027,night through,3.7608796204660413
-8.849293540369757,1.0116373645994077,0.03481624430028629,0.004539256188946055,0.007196332779130491,Friday,3.7011842833293023
-8.849293540369757,1.0116373645994077,0.03481624430028629,0.004539256188946055,0.007196332779130491,through friday,3.7011842833293023
-8.673502244627386,0.9288635918613777,0.026388916087338385,0.003495261594361806,0.006352914670363875,friday bringing,3.8954711509450943
-9.166072190532063,1.16058941988703,0.051984265562073806,0.006669315874979901,0.008947364622537994,Sierra,3.351168957776741
-9.166072190532063,1.16058941988703,0.051984265562073806,0.006669315874979901,0.008947364622537994,the sierra,3.351168957776741
-9.18551949981715,1.169723068313757,0.05313408470305411,0.006812134180654711,0.00906624034866094,Nevad…,3.3296859597280015
-9.18551949981715,1.169723068313757,0.05313408470305411,0.006812134180654711,0.00906624034866094,sierra nevad…,3.3296859597280015
-9.206466527795357,1.1795594852308875,0.05438633250386099,0.006967698046667269,0.009195937540250549,+5931,3.3065469640562526
-9.206466527795357,1.1795594852308875,0.05438633250386099,0.006967698046667269,0.009195937540250549,nevad… +5931,3.3065469640562526
-9.221360109834034,1.1865522648107836,0.055285522676606455,0.007079417174694094,0.009289217397523857,+5931 chars,3.290095324141064
-8.795277988706722,0.986210919076387,0.03215153183617929,0.0042090341803542285,0.006928511658626027,strong northern,3.7608796204660413
-8.664200556269979,0.9244818865712732,0.025962028092991904,0.00344240528404699,0.006310469067795121,lights forecast,3.9057523395496063
-8.525110726681396,0.8589415044672255,0.019788518594401464,0.002678307844301186,0.005699605412606045,forecast state+s,4.059497754754785
-8.432270270058904,0.8151751439227377,0.015873984845007294,0.002194085960790449,0.005315127708532806,Might,4.16212917431229
-8.432270270058904,0.8151751439227377,0.015873984845007294,0.002194085960790449,0.005315127708532806,state+s might,4.16212917431229
-8.338775856716651,0.7710867210469128,0.012085984078287468,0.001725721665791529,0.004945177337728205,View,4.2654897098658715
-8.338775856716651,0.7710867210469128,0.012085984078287468,0.001725721665791529,0.004945177337728205,might view,4.2654897098658715
-8.248090955308372,0.7283111444103216,0.008550221010689682,0.0012887259963630503,0.004601714604015509,view aurora,4.365749663832237
-5.746022417239394,-0.45424289755131086,-0.055827930695260305,-0.0066394044685997595,-0.0013457981788566747,aurora borealis,7.133067945841525
-7.829083933714435,0.5305412296113183,-0.006237411153170121,-0.0005370637398305145,0.0031844552724164775,borealis tonight,4.829055102262284
-7.071893619035383,0.1727859371464664,-0.027941683548418333,-0.0032115949693514046,0.0011597053269602631,moderate,5.6664628553489305
-7.071893619035383,0.1727859371464664,-0.027941683548418333,-0.0032115949693514046,0.0011597053269602631,and moderat+e,5.6664628553489305
-7.296710314753467,0.2790432714199538,-0.02205567658292673,-0.0024868827519326647,0.0017023335702868536,moderat+e solar,5.417812156168164
-6.781585203013333,0.03554057516761322,-0.034963935480850465,-0.004075644605969792,0.0005186036344663669,radiation,5.987564083629794
-6.781585203013333,0.03554057516761322,-0.034963935480850465,-0.004075644605969792,0.0005186036344663669,solar radiation,5.987564083629794
-4.185821585348812,-1.1924922340155728,-0.0788389811189619,-0.009461597618930855,-0.003330768221219657,radiation storm,8.85906650496498
-6.21661624512824,-0.23163601321239113,-0.04705703875758524,-0.005562248629623658,-0.0005694221387969002,storm have,6.612497703330628
-6.887567039519165,0.08564821796698885,-0.03247084158169641,-0.0037689521766836034,0.0007454307455921419,have led,5.870338987814699
-7.580519615384795,0.4131420254224798,-0.013983591111915508,-0.0014922940291361344,0.002454309733223546,led aurora,5.1039334556582885
-7.86382374827365,0.5469450947319627,-0.005098710215350313,-0.0003965763818133171,0.003292495024643065,view,4.790639438079116
-7.86382374827365,0.5469450947319627,-0.005098710215350313,-0.0003965763818133171,0.003292495024643065,aurora view,4.790639438079116
-8.016648977654057,0.6190944460946379,8.891676677143245e-05,0.00024366779758570878,0.0037869999399613545,view forecast,4.621649766577901
-8.016648977654057,0.6190944460946379,8.891676677143245e-05,0.00024366779758570878,0.0037869999399613545,forecast for,4.621649766577901
-8.304075367882625,0.7547200257877618,0.01071740471192531,0.0015565541617925446,0.004812022295796227,for wednesday,4.303853480771124
-8.773272027494844,0.9758501866407363,0.031085568432056856,0.004076964761885956,0.006821669623294531,night the,3.785200416822074
-8.855613913083436,1.0146120518045825,0.035132620448687035,0.004578469730392101,0.007228200630758264,boreali+s could,3.6941995263241787
-9.040887344249926,1.1017631686314084,0.044862920058706623,0.005785224860558455,0.008215622115274534,northern united,3.489471930399925
-9.093380242276927,1.1264368159677454,0.04779162225772543,0.0061487205484079335,0.008515619856897166,state+s wednesday,3.431475432417104
-9.145471763475108,1.1509126849036608,0.05077943651516892,0.006519686428063028,0.008823019626427387,night and,3.373926450837537
-9.166072190532063,1.16058941988703,0.051984265562073806,0.006669315874979901,0.008947364622537994,and far,3.351168957776741
-9.20135044732227,1.1771572035574542,0.05407915364644446,0.006929535704139619,0.009164100166071477,Nebraska,3.3121983397323587
-9.20135044732227,1.1771572035574542,0.05407915364644446,0.006929535704139619,0.009164100166071477,south nebraska,3.3121983397323587
-9.23092876826939,1.191044446284586,0.05586714932795145,0.007151687490448045,0.00934962059843597,nebraska space,3.2795258667020324
-9.287020988911214,1.217370472303787,0.05934002225933015,0.007583319349552484,0.009711379166901339,forecasters with,3.2175702114868012
-9.320665500306845,1.2331545940680406,0.06147663836112492,0.007848964804013201,0.009934878461610473,Oceanic,3.1804116182580753
-9.320665500306845,1.2331545940680406,0.06147663836112492,0.007848964804013201,0.009934878461610473,national oceanic,3.1804116182580753
-9.145471763475108,1.1509126849036608,0.05077943651516892,0.006519686428063028,0.008823019626427387,oceanic and,3.373926450837537
-9.341162815412492,1.2427683115421146,0.06279872037512808,0.008013374704140366,0.010073532266859062,and atmospheric,3.157774510216247
-9.360313512609657,1.2517486836933662,0.06404822555736463,0.008168784173611934,0.010204827180467137,Administration,3.1366253749464224
-9.360313512609657,1.2517486836933662,0.06404822555736463,0.008168784173611934,0.010204827180467137,atmospheric administration,3.1366253749464224
-9.388221578886114,1.2648325440792552,0.06589436117482282,0.008398445210943758,0.010399265297000145,+1354,3.105806394335843
-9.388221578886114,1.2648325440792552,0.06589436117482282,0.008398445210943758,0.010399265297000145,administration +1354,3.105806394335843
-9.396483656782904,1.2687052433808403,0.06644675231450596,0.008467173555853412,0.01045754883889844,+1354 char+s,3.0966828740529815
-8.537196694161937,0.8646379336339167,0.020309876157248122,0.002742815388613682,0.0057509792271651095,viewing,4.046137682388853
-8.537196694161937,0.8646379336339167,0.020309876157248122,0.002742815388613682,0.0057509792271651095,lights viewing,4.046137682388853
-5.927702834577437,-0.3682966085489183,-0.05256565296468192,-0.006238862870016029,-0.0010582882464495345,opportunity,6.932090820859796
-8.432270270058904,0.8151751439227377,0.015873984845007294,0.002194085960790449,0.005315127708532806,viewing opportunity,4.16212917431229
-8.228270571769649,0.7189605066759761,0.007794745770927924,0.0011953770227270937,0.004528559151204295,arrives,4.3876634642011485
-8.228270571769649,0.7189605066759761,0.007794745770927924,0.0011953770227270937,0.004528559151204295,opportunity arrives,4.3876634642011485
-8.043675002526344,0.6318510828620825,0.001037930987456026,0.00036083211800063547,0.003877873512603769,arrives for,4.591766287283786
-7.928828663498409,0.577636927704793,-0.0029283788904383157,-0.00012876347327563445,0.0034989193181899185,for new,4.718757645723907
-4.463379538202368,-1.0611421190039048,-0.07529545419200401,-0.009027329871403983,-0.003030085033525748,York,8.552005230852515
-7.477694758167973,0.3645635756958825,-0.01699703739831899,-0.0018636889673117009,0.0021725254360989016,york severe,5.217649846099678
-2.784951206538379,-1.8554878805217214,-0.09406586066815889,-0.01132656253898018,-0.004601369680815686,classified,10.408872603355594
-2.784951206538379,-1.8554878805217214,-0.09406586066815889,-0.01132656253898018,-0.004601369680815686,storm classified,10.408872603355594
-5.443161648126013,-0.5975274207548784,-0.06095373291705136,-0.007268517718067328,-0.0017945158623995632,classified level,7.468102144143195
-5.854516868964571,-0.4029174527213546,-0.053897618165821476,-0.006402415267517296,-0.0011758570257110277,level could,7.013049693860621
-0.8607127332716029,-2.7662441639053013,-0.1097017381716703,-0.013240298122593365,-0.00586785625271347,could bring,12.537727297352836
-6.847970414784957,0.06692765094037245,-0.03341144570186074,-0.0038846711576808364,0.0006597514209971764,bring the,5.914136052692381
-5.9192382800116965,-0.3723007394018589,-0.05272096439434211,-0.006257934612179661,-0.001072009956599374,spectacular,6.941454350719256
-6.567205893314068,-0.06582908436854229,-0.03977842907396306,-0.004667696304989687,8.300778963545637e-05,the spectacular,6.2246918757854175
-6.912489139285072,0.09743061618393067,-0.031873114210616955,-0.0036954104192414928,0.0007999411987224033,spectacular northern,5.842773280396489
-6.595125806829638,-0.05262623789024712,-0.03916794926914398,-0.004592639208898165,0.00013806361800196114,lights new,6.193808888420062
-7.435758802395927,0.34474940986789937,-0.01819629225079361,-0.0020114595750908067,0.002060735486362014,york city,5.264028701642826
-7.504575824595919,0.3772639176565886,-0.016219376271255997,-0.0017678566721142644,0.00224512284326615,city wednesday,5.187921140048615
-7.704037341145943,0.4714866608312893,-0.010219568208509708,-0.0010282273568459595,0.0028080557351757365,giving,4.96733687053588
-7.704037341145943,0.4714866608312893,-0.010219568208509708,-0.0010282273568459595,0.0028080557351757365,night giving,4.96733687053588
-7.773835851595187,0.504451348892363,-0.008018909784908414,-0.0007568217057418941,0.003015791228137544,residents,4.890150018765203
-7.773835851595187,0.504451348892363,-0.008018909784908414,-0.0007568217057418941,0.003015791228137544,giving resident+s,4.890150018765203
-6.847970414784957,0.06692765094037245,-0.03341144570186074,-0.0038846711576808364,0.0006597514209971764,resident+s the,5.914136052692381
-7.91705473198363,0.5720782041965276,-0.0033253748916444587,-0.0001777564078000813,0.00346111086632459,metropolitan,4.731777008885172
-7.91705473198363,0.5720782041965276,-0.0033253748916444587,-0.0001777564078000813,0.00346111086632459,the metropolita+n,4.731777008885172
-7.908974703686801,0.5682633743583478,-0.003596812130019375,-0.00021125302512083402,0.0034352729150583274,metropolita+n area,4.740711767130728
-7.8982316817855525,0.5631911676831391,-0.003956447651848272,-0.0002556321980202291,0.0034010553539419956,area rar+e,4.752591261914472
-7.455435866151943,0.3540466922891894,-0.017635677854637613,-0.0019423837105372885,0.002112968947132903,rar+e opportunity,5.242266890286059
-8.795277988706722,0.986210919076387,0.03215153183617929,0.0042090341803542285,0.006928511658626027,witness,3.7608796204660413
-8.795277988706722,0.986210919076387,0.03215153183617929,0.0042090341803542285,0.006928511658626027,opportunity witness,3.7608796204660413
-8.673502244627386,0.9288635918613777,0.026388916087338385,0.003495261594361806,0.006352914670363875,witness the,3.8954711509450943
-8.537196694161937,0.8646379336339167,0.020309876157248122,0.002742815388613682,0.0057509792271651095,borealis without,4.046137682388853
-8.432270270058904,0.8151751439227377,0.015873984845007294,0.002194085960790449,0.005315127708532806,traveling,4.16212917431229
-8.432270270058904,0.8151751439227377,0.015873984845007294,0.002194085960790449,0.005315127708532806,without traveling,4.16212917431229
-8.207818865380005,0.7093115013457318,0.0070215258296640465,0.0010998436256783786,0.004453769496389657,polar,4.410275506016466
-8.207818865380005,0.7093115013457318,0.0070215258296640465,0.0010998436256783786,0.004453769496389657,traveling polar,4.410275506016466
-8.06969543604385,0.644132326018386,0.0019610104426007607,0.00047480629846994096,0.0039663855994012814,polar region+s,4.562995055625408
-7.792692876914949,0.513356522565116,-0.007414859754855452,-0.0006823134309226269,0.0030729301256002487,NAS…,4.869297244975625
-7.477694758167973,0.3645635756958825,-0.01699703739831899,-0.0018636889673117009,0.0021725254360989016,nas… severe,5.217649846099678
-9.16030895023606,1.157882381078342,0.05164584434636377,0.006627284628257931,0.008912415179315441,witness…,3.3575355967122005
-9.16030895023606,1.157882381078342,0.05164584434636377,0.006627284628257931,0.008912415179315441,opportunity witness…,3.3575355967122005
-9.188209821798097,1.1709864972799924,0.05329411256453778,0.006832012738678287,0.009082801198027577,+4526,3.3267140719327313
-9.188209821798097,1.1709864972799924,0.05329411256453778,0.006832012738678287,0.009082801198027577,witness… +4526,3.3267140719327313
-9.203918242561713,1.1783629374973181,0.0542332206313071,0.00694867602410594,0.009180066527870063,+4526 char+s,3.3093618706304384
-8.809391287819267,0.9928550732078512,0.03284109765842695,0.004294478002285922,0.006997716657085328,vivid,3.74528199188313
-8.809391287819267,0.9928550732078512,0.03284109765842695,0.004294478002285922,0.006997716657085328,saw vivid,3.74528199188313
-8.765701741502747,0.9722857263659106,0.030721436223639875,0.004031853758607502,0.006785210914718535,vivid northern,3.7935671460019136
-8.593880825393816,0.8913511356152333,0.02279270332156813,0.0030500686557798553,0.005996174348257813,lights far,3.983479468109561
-8.267312251839886,0.7373786598647243,0.009288696523158654,0.0013799820678727318,0.004673302468379586,florida and,4.34449844737353
-8.06969543604385,0.644132326018386,0.0019610104426007607,0.00047480629846994096,0.0039663855994012814,more could,4.562995055625408
-7.792692876914949,0.513356522565116,-0.007414859754855452,-0.0006823134309226269,0.0030729301256002487,could coming,4.869297244975625
-7.477694758167973,0.3645635756958825,-0.01699703739831899,-0.0018636889673117009,0.0021725254360989016,coming strong,5.217649846099678
-3.0926548681029864,-1.709854120802575,-0.09105392012309854,-0.010957793112010939,-0.004352859837373501,storms brought,10.068451901022943
-7.227468340110483,0.24631950879148423,-0.023913428443457965,-0.002715664748564846,0.0015305498648160512,brought colorful,5.494393571369673
-8.742240169530103,0.9612380519674757,0.02960117240087605,0.003893080495525362,0.0066731671577248425,lights the,3.819497394604099
-8.417681469450553,0.8082964949976694,0.015272985340184952,0.0021197624099626375,0.005256294326667717,skies above,4.1782570831969315
-8.500113036163704,0.8471586422191781,0.01871892383209861,0.00254597903692127,0.00559433224805609,above many,4.087131067224956
-8.560592577594416,0.8756642832584296,0.021327059483098987,0.002868682576655183,0.005851324399480783,many state+s,4.020275730747688
-8.645069051628365,0.9154691442386595,0.025089713118608206,0.003334405378413065,0.006223817382753032,state+s tuesday,3.926898704242373
-8.285964424807414,0.7461772232968824,0.010010871849807298,0.0014692311844065713,0.004743385377482362,forecasters are,4.323876671066961
-6.679000617410086,-0.012964797356296298,-0.037304677342708155,-0.004363526790007788,0.0003064215039589946,expecting,6.101033348943527
-8.207818865380005,0.7093115013457318,0.0070215258296640465,0.0010998436256783786,0.004453769496389657,are expecting,4.410275506016466
-7.959303585747498,0.5920241621678883,-0.0018926522020663167,-9.353542903475787e-07,0.0035976624220494836,expecting more,4.685059407645326
-7.6721533272054065,0.4564270764124094,-0.01120681862961298,-0.0011499635050530406,0.002715082014899218,more wednesday,5.002596471135705
-7.227468340110483,0.24631950879148423,-0.023913428443457965,-0.002715664748564846,0.0015305498648160512,brought the,5.494393571369673
-8.14231438319309,0.6784033435279828,0.004587179095811952,0.0007991273488210868,0.004218861946944848,lights much,4.482700873026836
-8.654724682624323,0.9200179484181765,0.025529014765699215,0.0033887932340644755,0.006267441650877658,night painting,3.9162261364571944
-8.734157631567447,0.957431832469307,0.029218097017950972,0.0038456310221995967,0.006634896078761119,painting the,3.8284305211422858
-8.816289194156663,0.9961022460452744,0.03317982737800172,0.00433645241400462,0.007031737434696516,sky vibrant,3.737658693210592
-8.867991664202805,1.020437356147013,0.03575504139752403,0.004655620584160691,0.007290939126539844,hues,3.680520782276677
-8.867991664202805,1.020437356147013,0.03575504139752403,0.004655620584160691,0.007290939126539844,vibrant hues,3.680520782276677
-8.914277441843245,1.0422171851831683,0.03811638115973226,0.004948367354098669,0.007529481287419246,green,3.6293715948363943
-8.914277441843245,1.0422171851831683,0.03811638115973226,0.004948367354098669,0.007529481287419246,hues green,3.6293715948363943
-8.945981539551854,1.0571322760139357,0.03976540669039373,0.00515285399919866,0.007696559738992586,green and,3.5943377133776657
-8.965857190526833,1.066481285451,0.04081265901880604,0.0052827390050547325,0.007802878502701378,pink,3.5723752203454993
-8.965857190526833,1.066481285451,0.04081265901880604,0.0052827390050547325,0.007802878502701378,and pink,3.5723752203454993
-9.093380242276927,1.1264368159677454,0.04779162225772543,0.0061487205484079335,0.008515619856897166,spotted,3.431475432417104
-9.093380242276927,1.1264368159677454,0.04779162225772543,0.0061487205484079335,0.008515619856897166,borealis spotted,3.431475432417104
-9.136260926642894,1.1465855426594884,0.050245052873645,0.006453327621528325,0.008767939570040392,spotted large,3.384101971431883
-9.154449019871064,1.155129802246213,0.051302827198978884,0.0065846843547998305,0.008877009055443965,swath,3.3640091040683777
-9.154449019871064,1.155129802246213,0.051302827198978884,0.0065846843547998305,0.008877009055443965,large swath,3.3640091040683777
-9.180074434699677,1.1671658737657928,0.052810916337788116,0.00677199160597711,0.00903280855857521,swath state+s,3.3357009356756278
-9.211505555536096,1.181925487607315,0.05468973272880137,0.007005392368589505,0.00922739758776859,+4456,3.3009807470360704
-9.211505555536096,1.181925487607315,0.05468973272880137,0.007005392368589505,0.00922739758776859,state+s +4456,3.3009807470360704
-9.226179299444413,1.1888147667275226,0.05557806880834698,0.007115766994630592,0.009319592405762364,+4456 chars,3.2847720687945605
-1.2852612975258033,-2.5653000907252137,-0.10666185924231272,-0.012868289474860625,-0.0056248378959720905,cannibal,12.06803214215254
-1.2852612975258033,-2.5653000907252137,-0.10666185924231272,-0.012868289474860625,-0.0056248378959720905,powerful cannibal,12.06803214215254
-4.185821585348812,-1.1924922340155728,-0.0788389811189619,-0.009461597618930855,-0.003330768221219657,cannibal storm,8.85906650496498
-2.784951206538379,-1.8554878805217214,-0.09406586066815889,-0.01132656253898018,-0.004601369680815686,storm heading,10.408872603355594
-7.152784890969882,0.21102129552302795,-0.025871743137001267,-0.0029567839476811247,0.0013499850397721575,heading for,5.576994531384356
-7.421325985953185,0.33792984607962184,-0.018605162127230353,-0.0020618357555455703,0.0020226678636915824,for earth,5.27999071784519
-7.714391215210024,0.4763768730200315,-0.009896571595698948,-0.00098839641601266,0.002838503280814409,earth could,4.955886901105037
-4.494203162486791,-1.046555624357306,-0.07488924582528424,-0.008977540979622152,-0.0029954986993914125,GPS,8.517905338349717
-8.285964424807414,0.7461772232968824,0.010010871849807298,0.0014692311844065713,0.004743385377482362,havoc gps,4.323876671066961
-8.285964424807414,0.7461772232968824,0.010010871849807298,0.0014692311844065713,0.004743385377482362,gps and,4.323876671066961
-8.207818865380005,0.7093115013457318,0.0070215258296640465,0.0010998436256783786,0.004453769496389657,and communications,4.410275506016466
-7.714391215210024,0.4763768730200315,-0.009896571595698948,-0.00098839641601266,0.002838503280814409,communications powerful,4.955886901105037
-2.784951206538379,-1.8554878805217214,-0.09406586066815889,-0.01132656253898018,-0.004601369680815686,cannibal solar,10.408872603355594
-7.361150124567889,0.30949514626783303,-0.02028899180398043,-0.0022692750398402815,0.0018661403434058485,heading toward,5.346543014426315
-7.7418335150143065,0.45908508600731635,0.1444706902830551,0.28976157802466807,-0.11030248219017494,and may,4.9387640736824
-7.6228132908532835,0.35686654693672315,0.2225170504883323,0.45623931889062763,-0.1773714640921493,may cause,5.090207775257655
-7.992137291628946,0.5784124661058998,0.14816558749536063,0.28152797399268875,-0.10584521156896237,problems,4.661481281569271
-7.992137291628946,0.5784124661058998,0.14816558749536063,0.28152797399268875,-0.10584521156896237,cause problem+s,4.661481281569271
-8.255816393578016,0.7187846326341356,0.10712377274890762,0.18425888145975278,-0.06621552207500128,problem+s with,4.363025229635903
-8.285964424807414,0.7461772232968824,0.010010871849807298,0.0014692311844065713,0.004743385377482362,with gps,4.323876671066961
-7.714391215210024,0.4763768730200315,-0.009896571595698948,-0.00098839641601266,0.002838503280814409,gps power,4.955886901105037
-8.207818865380005,0.7093115013457318,0.0070215258296640465,0.0010998436256783786,0.004453769496389657,and communication,4.410275506016466
-6.9358185874940315,0.10730588662831053,0.00030244068543619496,0.05444243189167393,-0.021511967263072394,systems,5.817522334203798
-6.9358185874940315,0.10730588662831053,0.00030244068543619496,0.05444243189167393,-0.021511967263072394,communication systems,5.817522334203798
-7.299140593633885,0.2705772023475186,0.06799345386717488,0.16508798766039304,-0.06316208624854536,nasa has,5.4194049410324245
-7.260072877127254,0.24963884511205237,0.07797154575503461,0.1860640253390093,-0.07150864815370331,delayed,5.463692704776994
-7.260072877127254,0.24963884511205237,0.07797154575503461,0.1860640253390093,-0.07150864815370331,has delayed,5.463692704776994
-8.730013901999268,0.9251919788808025,0.17461107504018353,0.277813900739869,-0.09995543200427734,rocket,3.84623522887448
-8.730013901999268,0.9251919788808025,0.17461107504018353,0.277813900739869,-0.09995543200427734,delayed rock+et,3.84623522887448
-8.679082067203085,0.8797469655861085,0.21644760850619155,0.3656343937546302,-0.1351501046538601,launch,3.9117859549504823
-8.679082067203085,0.8797469655861085,0.21644760850619155,0.3656343937546302,-0.1351501046538601,rock+et launch,3.9117859549504823
-8.523192298773022,0.7484785364313562,0.28840471200009865,0.5300476195894231,-0.202461175539116,launch because,4.1089679194807145
-8.74590190924543,0.906278460974647,0.22733672054617088,0.38163170633868915,-0.14105790028673326,because strong,3.8400587938823083
-8.848696502159042,0.974284487408869,0.19465028315963134,0.30646046091195345,-0.11040210232594247,strong solar,3.717996203881032
-8.909378545530847,1.011815682494913,0.17624522401462195,0.2645571822456911,-0.09338697218996006,solar activity,3.6470592674718096
-8.95241837797579,1.0496709734866296,0.12094602833073222,0.15452870885958656,-0.04996847169873111,say people,3.5918623630009625
-8.939606250460475,1.04764071334358,0.10059800812337837,0.11756007142239329,-0.0357074725062279,people part+s,3.6042739337546625
-8.901578985520377,1.0336914052415003,0.0715598972248667,0.06716539856335285,-0.016508166891672876,might,3.6445591993524324
-8.901578985520377,1.0336914052415003,0.0715598972248667,0.06716539856335285,-0.016508166891672876,the might,3.6445591993524324
-8.84545358473428,1.0076944900411187,0.06528965138668315,0.06051625144711431,-0.014366540198750216,might see,3.7063988964209162
-8.818512206067012,0.9948413965126857,0.06581016784873762,0.06377321649603822,-0.015821814493861393,bright,3.736249844166336
-8.818512206067012,0.9948413965126857,0.06581016784873762,0.06377321649603822,-0.015821814493861393,see bright,3.736249844166336
-8.76704107079088,0.97023986555834,0.06708300402083485,0.07043785062223566,-0.01876641948450359,bright northern,3.793299812990127
-8.672276749964158,0.9247596987086228,0.07043488590266898,0.08434703677874102,-0.024801247601855588,northern nasa,3.8984168095152274
-8.474716958030388,0.8288474023521273,0.08211101415413564,0.12128827154140061,-0.04039610714692433,delayed its,4.118037495558915
-8.414052365892887,0.7989742613764121,0.08711335193645274,0.13512640341654752,-0.04614261149066398,planned,4.185659171210834
-8.414052365892887,0.7989742613764121,0.08711335193645274,0.13512640341654752,-0.04614261149066398,its planned,4.185659171210834
-8.2650193990185,0.7243369205231007,0.10254903673519876,0.17489901111615794,-0.06250723589042213,planned space,4.352323313884107
-8.113397568368011,0.6458465289084843,0.12309392244460098,0.22460702025829155,-0.08279787821843826,mission,4.5229848011876905
-8.113397568368011,0.6458465289084843,0.12309392244460098,0.22460702025829155,-0.08279787821843826,space mission,4.5229848011876905
-7.7694452611658535,0.4524164106231803,0.1856367020905828,0.3707453279876069,-0.1423693119446586,mission because,4.916732361038721
-7.668498365666555,0.44882460709378025,0.05648692634782437,0.12429218456180009,-0.045757407973892696,because powerful,5.0092787947770505
-7.361150124567889,0.30949514626783303,-0.02028899180398043,-0.0022692750398402815,0.0018661403434058485,disturb,5.346543014426315
-7.361150124567889,0.30949514626783303,-0.02028899180398043,-0.0022692750398402815,0.0018661403434058485,could disturb,5.346543014426315
-7.754513288962295,0.49532601792614317,-0.008633632877620485,-0.0008326415147645863,0.0029576951175699553,disturb gps,4.911517740692276
-7.928828663498409,0.577636927704793,-0.0029283788904383157,-0.00012876347327563445,0.0034989193181899185,gps communication,4.718757645723907
-8.417681469450553,0.8082964949976694,0.015272985340184952,0.0021197624099626375,0.005256294326667717,systems and,4.1782570831969315
-7.668498365666555,0.44882460709378025,0.05648692634782437,0.12429218456180009,-0.045757407973892696,and power,5.0092787947770505
-8.673502244627386,0.9288635918613777,0.026388916087338385,0.003495261594361806,0.006352914670363875,Origin,3.8954711509450943
-8.673502244627386,0.9288635918613777,0.026388916087338385,0.003495261594361806,0.006352914670363875,blue origin,3.8954711509450943
-8.742240169530103,0.9612380519674757,0.02960117240087605,0.003893080495525362,0.0066731671577248425,origin the,3.819497394604099
-8.816289194156663,0.9961022460452744,0.03317982737800172,0.00433645241400462,0.007031737434696516,space company,3.737658693210592
-8.867991664202805,1.020437356147013,0.03575504139752403,0.004655620584160691,0.007290939126539844,owned,3.680520782276677
-8.867991664202805,1.020437356147013,0.03575504139752403,0.004655620584160691,0.007290939126539844,company owned,3.680520782276677
-8.919729090693295,1.0447820914103594,0.038398082890379645,0.004983296791050366,0.0075579943375457,Amazon,3.6233472888498337
-8.919729090693295,1.0447820914103594,0.038398082890379645,0.004983296791050366,0.0075579943375457,owned amazon,3.6233472888498337
-8.970680012606138,1.0687496509019228,0.041068363385155876,0.005314455104787452,0.007828863050288836,+2710,3.5670461021166773
-8.970680012606138,1.0687496509019228,0.041068363385155876,0.005314455104787452,0.007828863050288836,amazon +2710,3.5670461021166773
-8.99847513053162,1.0818214851409966,0.042554324870978905,0.005498784519739595,0.007980060431824322,+2710 char+s,3.536333661498305
-9.203918242561713,1.1783629374973181,0.0542332206313071,0.00694867602410594,0.009180066527870063,record rain,3.3093618706304384
-9.180074434699677,1.1671658737657928,0.052810916337788116,0.00677199160597711,0.00903280855857521,and floods,3.3357009356756278
-9.151481937869104,1.1537360306194908,0.051129560095105386,0.006563166501620633,0.008859131344255507,floods taiwan,3.3672868820280777
-9.071768565462266,1.1162795933996734,0.04657608691488756,0.005997838774211547,0.008390949875506154,"8,300 shuts",3.4553524959667055
-9.015991156300469,1.0900579629623517,0.043501652616997635,0.005616315124738463,0.008076625288021106,Soldiers,3.516979711557902
-9.015991156300469,1.0900579629623517,0.043501652616997635,0.005616315124738463,0.008076625288021106,school+s soldiers,3.516979711557902
-8.975446691565807,1.070991544188785,0.04132170585246299,0.005345879208749276,0.007854617278653874,rescue,3.561779050214418
-8.975446691565807,1.070991544188785,0.04132170585246299,0.005345879208749276,0.007854617278653874,soldiers rescue,3.561779050214418
-8.94086051208764,1.0547232926763213,0.03949727182567041,0.00511960131293834,0.00766936471380732,rescue people,3.5999965029120062
-8.885930729182084,1.0288792700263782,0.03666384032532702,0.004768279058912878,0.007382647400883544,neck-deep,3.660696499657337
-8.885930729182084,1.0288792700263782,0.03666384032532702,0.004768279058912878,0.007382647400883544,people neck-deep,3.660696499657337
-8.82308479959367,0.9993011491889134,0.033514635031240886,0.004377942466608206,0.007065380997442675,neck-deep floodwaters,3.7301485034834934
-8.70907044978232,0.945616900603258,0.028038265839295362,0.003699505108891221,0.006517160800825667,floodwaters heavy,3.8561582278982494
-8.654724682624323,0.9200179484181765,0.025529014765699215,0.0033887932340644755,0.006267441650877658,heavy rains,3.9162261364571944
-8.593880825393816,0.8913511356152333,0.02279270332156813,0.0030500686557798553,0.005996174348257813,lash,3.983479468109561
-8.593880825393816,0.8913511356152333,0.02279270332156813,0.0030500686557798553,0.005996174348257813,rains lash,3.983479468109561
-9.151481937869104,1.1537360306194908,0.051129560095105386,0.006563166501620633,0.008859131344255507,lash taiwan,3.3672868820280777
-8.432270270058904,0.8151751439227377,0.015873984845007294,0.002194085960790449,0.005315127708532806,taiwan where,4.16212917431229
-8.338775856716651,0.7710867210469128,0.012085984078287468,0.001725721665791529,0.004945177337728205,where thousands,4.2654897098658715
-8.14231438319309,0.6784033435279828,0.004587179095811952,0.0007991273488210868,0.004218861946944848,thousands have,4.482700873026836
-8.473941587459016,0.8348213838031071,0.017611541070879463,0.0024089922524462137,0.005485514071083058,people ahead,4.116062402642489
-8.742240169530103,0.9612380519674757,0.02960117240087605,0.003893080495525362,0.0066731671577248425,much-weakened,3.819497394604099
-8.742240169530103,0.9612380519674757,0.02960117240087605,0.003893080495525362,0.0066731671577248425,arrival much-weakened,3.819497394604099
-8.842882685087389,1.0086199898658852,0.03449633124979981,0.004499605759298218,0.0071641237864190545,much-weakened typhoon,3.708269079733725
-8.945981539551854,1.0571322760139357,0.03976540669039373,0.00515285399919866,0.007696559738992586,fung-wong that,3.5943377133776657
-8.970680012606138,1.0687496509019228,0.041068363385155876,0.005314455104787452,0.007828863050288836,that brought,3.5670461021166773
-9.007329525470354,1.0859851607439233,0.043032137161240186,0.0055580628195008135,0.008028748793163442,brought record,3.5265501398509116
-6.938599585992278,0.10977455725816654,-0.03124208218605813,-0.003617766257807335,0.0008575425885311311,downpours,5.813893297568009
-9.036846713556578,1.0998635540159774,0.044640793638050125,0.005757660917665865,0.00819292199783402,record downpours,3.4939363623415765
-9.075458178549544,1.1180137750413324,0.04678262918372769,0.006023474848067249,0.008412117790454691,downpours and,3.4512760805237295
-9.089864089448453,1.1247843726770912,0.04759291365299104,0.006124053754483497,0.008495224157627622,and unleashed,3.435360109756598
-9.123598382714555,1.140636341011805,0.04951471239075146,0.0063626422533544155,0.00869273254688157,unleashed floods,3.3980909258727623
-9.16030895023606,1.157882381078342,0.05164584434636377,0.006627284628257931,0.008912415179315441,that rose,3.3575355967122005
-9.17454153276018,1.164567314594441,0.052483517000254484,0.006731325102998939,0.008998955470634343,neck-high,3.3418129923260538
-9.17454153276018,1.164567314594441,0.052483517000254484,0.006731325102998939,0.008998955470634343,rose neck-high,3.3418129923260538
-9.208995550947998,1.1807469636603223,0.05453849975994832,0.006986603069218691,0.009211714224945313,places,3.3037533459274813
-9.208995550947998,1.1807469636603223,0.05453849975994832,0.006986603069218691,0.009211714224945313,neck-high place+s,3.3037533459274813
-9.23092876826939,1.191044446284586,0.05586714932795145,0.007151687490448045,0.00934962059843597,Businesses,3.2795258667020324
-9.264488085213411,1.2067965657604804,0.057931749556410464,0.0074082674117179285,0.009564457563422866,sch…,3.2424578298036137
-9.264488085213411,1.2067965657604804,0.057931749556410464,0.0074082674117179285,0.009564457563422866,and sch…,3.2424578298036137
-9.27697981368254,1.212658763897061,0.058710246129722185,0.007505032765290883,0.009645637974248012,+2389,3.2286605834443596
-9.27697981368254,1.212658763897061,0.058710246129722185,0.007505032765290883,0.009645637974248012,sch… +2389,3.2286605834443596
-9.28899074125639,1.2182947058395754,0.059463985419581325,0.007598729757227344,0.009724326746913266,+2389 char+s,3.215394663279457
-8.956038595811178,1.0618630036115546,0.0402940034529361,0.005218410939534509,0.007750203163146754,why hurricane,3.583224655164165
-8.90316123868857,1.0369869569751067,0.03754433499932469,0.004877440448698651,0.007471616900796568,hurricane flooding,3.6416555868890996
-8.829780634835116,1.0024529780194922,0.0338456024122412,0.0044189582402232655,0.007098654996985103,flooding about,3.722748624046855
-8.734157631567447,0.957431832469307,0.029218097017950972,0.0038456310221995967,0.006634896078761119,get more,3.8284305211422858
-8.691604165820143,0.9373902748523486,0.027224937632711194,0.0035987835235823315,0.006436117831369943,more dangerous,3.8754632622768623
-8.560592577594416,0.8756642832584296,0.021327059483098987,0.002868682576655183,0.005851324399480783,dangerous florida,4.020275730747688
-8.560592577594416,0.8756642832584296,0.021327059483098987,0.002868682576655183,0.005851324399480783,florida florida,4.020275730747688
-8.304075367882625,0.7547200257877618,0.01071740471192531,0.0015565541617925446,0.004812022295796227,coral,4.303853480771124
-8.304075367882625,0.7547200257877618,0.01071740471192531,0.0015565541617925446,0.004812022295796227,florida coral,4.303853480771124
-6.385120571403945,-0.151939834763696,-0.04364545485031115,-0.005143036374650051,-0.0002645363470240112,reefs,6.426104156099272
-8.186701100407248,0.6993477003992188,0.006229766768711134,0.001002028218151237,0.004377274700060559,coral reef+s,4.433624212255541
-8.043675002526344,0.6318510828620825,0.001037930987456026,0.00036083211800063547,0.003877873512603769,provide,4.591766287283786
-8.043675002526344,0.6318510828620825,0.001037930987456026,0.00036083211800063547,0.003877873512603769,reef+s provide,4.591766287283786
-7.792692876914949,0.513356522565116,-0.007414859754855452,-0.0006823134309226269,0.0030729301256002487,protection,4.869297244975625
-7.792692876914949,0.513356522565116,-0.007414859754855452,-0.0006823134309226269,0.0030729301256002487,provide protection,4.869297244975625
-7.227468340110483,0.24631950879148423,-0.023913428443457965,-0.002715664748564846,0.0015305498648160512,protection from,5.494393571369673
-4.185821585348812,-1.1924922340155728,-0.0788389811189619,-0.009461597618930855,-0.003330768221219657,hurricane storm,8.85906650496498
-6.21661624512824,-0.23163601321239113,-0.04705703875758524,-0.005562248629623658,-0.0005694221387969002,surges—and,6.612497703330628
-6.21661624512824,-0.23163601321239113,-0.04705703875758524,-0.005562248629623658,-0.0005694221387969002,storm surges—and,6.612497703330628
-7.361150124567889,0.30949514626783303,-0.02028899180398043,-0.0022692750398402815,0.0018661403434058485,surges—and experte+s,5.346543014426315
-7.754513288962295,0.49532601792614317,-0.008633632877620485,-0.0008326415147645863,0.0029576951175699553,estimate,4.911517740692276
-7.754513288962295,0.49532601792614317,-0.008633632877620485,-0.0008326415147645863,0.0029576951175699553,experte+s estimate,4.911517740692276
-8.043675002526344,0.6318510828620825,0.001037930987456026,0.00036083211800063547,0.003877873512603769,estimate that,4.591766287283786
-8.164879785188976,0.6890513719522318,0.005418620261939705,0.0009018266002088771,0.00429899911269266,losing,4.457751054588845
-8.164879785188976,0.6890513719522318,0.005418620261939705,0.0009018266002088771,0.00429899911269266,that losing,4.457751054588845
-8.304075367882625,0.7547200257877618,0.01071740471192531,0.0015565541617925446,0.004812022295796227,losing key,4.303853480771124
-8.371601890437951,0.7865677276745899,0.01339897637384535,0.0018880427477311439,0.005073175997210811,species,4.229198993709713
-8.371601890437951,0.7865677276745899,0.01339897637384535,0.0018880427477311439,0.005073175997210811,key species,4.229198993709713
-8.525110726681396,0.8589415044672255,0.019788518594401464,0.002678307844301186,0.005699605412606045,species those,4.059497754754785
-8.186701100407248,0.6993477003992188,0.006229766768711134,0.001002028218151237,0.004377274700060559,those reef+s,4.433624212255541
-8.61496398609183,0.9012853561910388,0.023732349381636833,0.0031663741463134713,0.0060892041602225305,reef+s could,3.960174981039146
-8.54902083455344,0.8702107074487773,0.020822637280872164,0.00280626307162659,0.005801544376907095,imperil,4.033067150925621
-8.54902083455344,0.8702107074487773,0.020822637280872164,0.00280626307162659,0.005801544376907095,could imperil,4.033067150925621
-8.446500262633714,0.8218842900894612,0.016463828933612534,0.0022670349098472455,0.005372919596871627,imperil thousands,4.1463980731189665
-8.228270571769649,0.7189605066759761,0.007794745770927924,0.0011953770227270937,0.004528559151204295,thousands live+s,4.3876634642011485
-8.06969543604385,0.644132326018386,0.0019610104426007607,0.00047480629846994096,0.0039663855994012814,Coral,4.562995055625408
-7.897035202069215,0.5626262554438695,-0.003996412510400185,-0.000260563771099339,0.0033972540139853326,decline,4.753914316768245
-7.897035202069215,0.5626262554438695,-0.003996412510400185,-0.000260563771099339,0.0033972540139853326,coral decline,4.753914316768245
-7.580519615384795,0.4131420254224798,-0.013983591111915508,-0.0014922940291361344,0.002454309733223546,decline has,5.1039334556582885
-7.152784890969882,0.21102129552302795,-0.025871743137001267,-0.0029567839476811247,0.0013499850397721575,has impact,5.576994531384356
-5.793739386767405,-0.43166918346004524,-0.05498535565937663,-0.006535964451914325,-0.001271683827724958,impact how,7.08028256798607
-4.185821585348812,-1.1924922340155728,-0.0788389811189619,-0.009461597618930855,-0.003330768221219657,how storm,8.85906650496498
-4.346548765134324,-1.1164299080631337,-0.0768116862219595,-0.009213161190987898,-0.003158969911050459,propagate,8.681254346288732
-7.071893619035383,0.1727859371464664,-0.027941683548418333,-0.0032115949693514046,0.0011597053269602631,surges propagate,5.6664628553489305
-5.793739386767405,-0.43166918346004524,-0.05498535565937663,-0.006535964451914325,-0.001271683827724958,propagate how,7.08028256798607
-7.86382374827365,0.5469450947319627,-0.005098710215350313,-0.0003965763818133171,0.003292495024643065,how waves,4.790639438079116
-7.071893619035383,0.1727859371464664,-0.027941683548418333,-0.0032115949693514046,0.0011597053269602631,waves propagate,5.6664628553489305
-8.285964424807414,0.7461772232968824,0.010010871849807298,0.0014692311844065713,0.004743385377482362,propagate where,4.323876671066961
-7.86382374827365,0.5469450947319627,-0.005098710215350313,-0.0003965763818133171,0.003292495024643065,where waves,4.790639438079116
-8.473941587459016,0.8348213838031071,0.017611541070879463,0.0024089922524462137,0.005485514071083058,break,4.116062402642489
-8.473941587459016,0.8348213838031071,0.017611541070879463,0.0024089922524462137,0.005485514071083058,waves break,4.116062402642489
-8.54902083455344,0.8702107074487773,0.020822637280872164,0.00280626307162659,0.005801544376907095,break and,4.033067150925621
-8.593880825393816,0.8913511356152333,0.02279270332156813,0.0030500686557798553,0.005996174348257813,and los+e,3.983479468109561
-8.664200556269979,0.9244818865712732,0.025962028092991904,0.00344240528404699,0.006310469067795121,lot,3.9057523395496063
-8.664200556269979,0.9244818865712732,0.025962028092991904,0.00344240528404699,0.006310469067795121,los+e lot,3.9057523395496063
-8.725937843076332,0.9535608324539615,0.02883000246245916,0.0037975620250276683,0.0065961455709105145,lot the,3.8375154077705504
-8.758008623433497,0.9686632975898872,0.030352730640280656,0.003986178145730315,0.006748314222181626,the energy,3.802069689541356
-8.809391287819267,0.9928550732078512,0.03284109765842695,0.004294478002285922,0.006997716657085328,energy before,3.74528199188313
-8.885930729182084,1.0288792700263782,0.03666384032532702,0.004768279058912878,0.007382647400883544,they ca+n,3.660696499657337
-8.908755340186907,1.0396190505416463,0.03783181623079615,0.004913084089516476,0.007500690478703416,ca+n hit,3.6354737906062864
-8.984815956997416,1.0753979616344647,0.04182146042088895,0.005407870592988733,0.007905449524302773,explained,3.5514263498581062
-8.984815956997416,1.0753979616344647,0.04182146042088895,0.005407870592988733,0.007905449524302773,coast explained,3.5514263498581062
-9.028637299042119,1.096003919753724,0.0441909257140717,0.005701838517383553,0.008146970817022805,Thomas,3.5030068904525873
-9.028637299042119,1.096003919753724,0.0441909257140717,0.005701838517383553,0.008146970817022805,explained thomas,3.5030068904525873
-9.056639706556178,1.1091683078906351,0.04573334720550168,0.005893244386493808,0.008304647121200133,Wahl,3.4720676015165073
-9.056639706556178,1.1091683078906351,0.04573334720550168,0.005893244386493808,0.008304647121200133,thomas wahl,3.4720676015165073
-9.079111962509177,1.119731072480329,0.04698756082291525,0.00604891164570279,0.008433127048466677,associate,3.44723926991436
-9.079111962509177,1.119731072480329,0.04698756082291525,0.00604891164570279,0.008433127048466677,wahl associate,3.44723926991436
-9.11380089998524,1.1360328389454142,0.048953005063016405,0.006292901331388521,0.008634946069397098,professo…,3.4089148721930567
-9.11380089998524,1.1360328389454142,0.048953005063016405,0.006292901331388521,0.008634946069397098,associate professo…,3.4089148721930567
-9.148489639903458,1.1523303818329633,0.05095510144080828,0.006541501132294021,0.008841135342560136,+1396,3.370592530694408
-9.148489639903458,1.1523303818329633,0.05095510144080828,0.006541501132294021,0.008841135342560136,professo… +1396,3.370592530694408
-9.166072190532063,1.16058941988703,0.051984265562073806,0.006669315874979901,0.008947364622537994,+1396 char+s,3.351168957776741
-8.435781927632076,0.8001943936480531,-0.21614475022535667,-0.040293873369092445,-0.1754970145064592,Links,4.164903159312544
-8.331672120840185,0.7447186784105391,-0.2499726153135699,-0.04617006255066325,-0.19821756396429174,11/13/2025,4.2826695172437255
-8.331672120840185,0.7447186784105391,-0.2499726153135699,-0.04617006255066325,-0.19821756396429174,links 11/13/2025,4.2826695172437255
-8.005678117291946,0.561107569368605,-0.3685494596852813,-0.0668279643883944,-0.27856607382891285,11/13/2025 our,4.655634784684767
-7.748245175161811,0.40613984645962287,-0.4675599731798378,-0.08405447260877157,-0.3454162329691444,industrious,4.9544136705386475
-7.748245175161811,0.40613984645962287,-0.4675599731798378,-0.08405447260877157,-0.3454162329691444,our industrious,4.9544136705386475
-7.984688273699006,0.5724870013116083,-0.29157888753992506,-0.052887043450312636,-0.22031261316585088,daily,4.669895257478162
-7.984688273699006,0.5724870013116083,-0.29157888753992506,-0.052887043450312636,-0.22031261316585088,industrious daily,4.669895257478162
-8.028813418662416,0.6067161314434655,-0.2285554895690699,-0.04156536224464815,-0.17369256677594905,links,4.6154957480097
-8.028813418662416,0.6067161314434655,-0.2285554895690699,-0.04156536224464815,-0.17369256677594905,daily links,4.6154957480097
-8.017485899599226,0.6095423090619632,-0.1786230115278955,-0.032463947374709104,-0.13525608353724006,Epstein,4.62462553434142
-8.017485899599226,0.6095423090619632,-0.1786230115278955,-0.032463947374709104,-0.13525608353724006,links epstein,4.62462553434142
-7.9491506376079135,0.582383919661785,-0.13679380360618743,-0.024694045043755074,-0.10139454481064267,epstein email+s,4.6980937386169455
-7.808533249859909,0.5182666755486465,-0.11165794307437188,-0.01981670741967205,-0.07866296695547631,China,4.852673182525697
-7.808533249859909,0.5182666755486465,-0.11165794307437188,-0.01981670741967205,-0.07866296695547631,email+s china,4.852673182525697
-7.6354334399929895,0.436972572225963,-0.10606475407672411,-0.01846106140781729,-0.07050858001130783,truce,5.0439219219077875
-7.6354334399929895,0.436972572225963,-0.10606475407672411,-0.01846106140781729,-0.07050858001130783,china truce,5.0439219219077875
-7.399404530938486,0.32576659243700146,-0.10252778866712348,-0.017392193219420822,-0.0629291428148151,falling,5.304842691503809
-7.399404530938486,0.32576659243700146,-0.10252778866712348,-0.017392193219420822,-0.0629291428148151,truce falling,5.304842691503809
-6.905697944935181,0.09264784789440172,-0.10125760774506701,-0.01637733771591374,-0.05298223068600778,apart,5.85082075090334
-6.905697944935181,0.09264784789440172,-0.10125760774506701,-0.01637733771591374,-0.05298223068600778,falling apart,5.85082075090334
-6.063100079706849,-0.30573546886290215,-0.10506478136582766,-0.015977716823768553,-0.04339071446704005,apart solar,6.782841775169984
-6.074669000156668,-0.3000486677767271,-0.10080240581743845,-0.015213911342467556,-0.040261385948940805,storm northern,6.769960586470728
-7.694656918032859,0.4665266326833821,-0.07647106842817276,-0.013161377404349943,-0.048819074974049484,and latest,4.97780690619778
-7.912220995678793,0.5694802425328795,-0.07129818402876643,-0.012644194505560445,-0.049714441493424105,Ukraine,4.737123589625778
-7.912220995678793,0.5694802425328795,-0.07129818402876643,-0.012644194505560445,-0.049714441493424105,latest ukraine,4.737123589625778
-8.10010332661476,0.6583899652206018,-0.06612107987487488,-0.012096559806701275,-0.05026724437526629,corruption,4.529276735019831
-8.10010332661476,0.6583899652206018,-0.06612107987487488,-0.012096559806701275,-0.05026724437526629,ukraine corruption,4.529276735019831
-8.293760416725952,0.7500330472234431,-0.05990597239320805,-0.011402887477618421,-0.050516598703049954,scandal,4.315042949150287
-8.293760416725952,0.7500330472234431,-0.05990597239320805,-0.011402887477618421,-0.050516598703049954,corruption scandal,4.315042949150287
-8.416498949392247,0.8081146269477402,-0.05539910868726694,-0.010877790682522372,-0.05044494081840317,Woodpeckers,4.179264666096904
-8.547464259881666,0.8700858821520256,-0.050006942382618796,-0.010228125301748978,-0.050114276163035466,Use,4.034388169853628
-8.547464259881666,0.8700858821520256,-0.050006942382618796,-0.010228125301748978,-0.050114276163035466,woodpecker+s us+e,4.034388169853628
-8.584918733393593,0.8878078028190994,-0.04834028568857783,-0.010023042633135713,-0.04996314968971688,Tennis,3.9929559822107117
-8.584918733393593,0.8878078028190994,-0.04834028568857783,-0.010023042633135713,-0.04996314968971688,us+e tennis,3.9929559822107117
-8.64459488681496,0.9160426437753078,-0.04555937668638872,-0.009676720534857807,-0.04966375922280381,Player,3.926943016900944
-8.64459488681496,0.9160426437753078,-0.04555937668638872,-0.009676720534857807,-0.04966375922280381,tennis player,3.926943016900944
-8.697952796599912,0.9412861789992379,-0.0429342792702201,-0.009345344454541675,-0.049330167544672704,Grunting,3.867920304862415
-8.697952796599912,0.9412861789992379,-0.0429342792702201,-0.009345344454541675,-0.049330167544672704,player grunting,3.867920304862415
-8.7589483145537,0.9701401835825552,-0.03976167536065334,-0.008939488925795148,-0.04886564648178378,Trick,3.8004506939457388
-8.7589483145537,0.9701401835825552,-0.03976167536065334,-0.008939488925795148,-0.04886564648178378,grunting trick,3.8004506939457388
-8.812932321273632,0.9956741657321042,-0.036790511773337156,-0.008554463802419693,-0.04837414579565527,Drill,3.740738496212235
-8.812932321273632,0.9956741657321042,-0.036790511773337156,-0.008554463802419693,-0.04837414579565527,trick drill,3.740738496212235
-8.845665728383485,1.0111550083361809,-0.0349098969186527,-0.008308454671050616,-0.04803668766596089,Trees,3.7045326969507197
-8.845665728383485,1.0111550083361809,-0.0349098969186527,-0.008308454671050616,-0.04803668766596089,drill trees,3.7045326969507197
-8.87614938373086,1.025570455646793,-0.033102420246137375,-0.008070420815131821,-0.0476941479770383,StudyFinds,3.6708160159935526
-8.87614938373086,1.025570455646793,-0.033102420246137375,-0.008070420815131821,-0.0476941479770383,trees studyfinds,3.6708160159935526
-8.931331211435657,1.0516614584060602,-0.02968653387470751,-0.007616551183037744,-0.047000852823421604,Social,3.6097837203128296
-8.931331211435657,1.0516614584060602,-0.02968653387470751,-0.007616551183037744,-0.047000852823421604,studyfinds social,3.6097837203128296
-8.960461623072996,1.0654324850968728,-0.02780520454847748,-0.007364461523041472,-0.04659480841812728,identification,3.577566024832321
-8.960461623072996,1.0654324850968728,-0.02780520454847748,-0.007364461523041472,-0.04659480841812728,social identification,3.577566024832321
-9.01662226637661,1.0919762419203431,-0.02401777149816517,-0.006852724324698962,-0.045728913045444734,identification with,3.5154560452138597
-9.040324337435784,1.1031763415358087,-0.022353359520235067,-0.006626148246043853,-0.04532906847039957,with team,3.489244286974441
-9.056402987905534,1.1107731770842395,-0.021201209417915798,-0.006468732563228096,-0.04504572594488515,boosts,3.4714635907892135
-9.056402987905534,1.1107731770842395,-0.021201209417915798,-0.006468732563228096,-0.04504572594488515,team boosts,3.4714635907892135
-9.077824123806007,1.120892995996105,-0.019636615686170054,-0.006254239159213598,-0.04465264727577731,boosts fan+s,3.4477754521636914
-9.092405519402078,1.1277807179573955,-0.01855187813257702,-0.006105053146065331,-0.04437467006477512,fan+s social,3.4316513079143265
-9.111893810047686,1.1369851350897926,-0.017076677138651956,-0.0059015583231692755,-0.04398968487680581,well-being,3.4101016457404114
-9.111893810047686,1.1369851350897926,-0.017076677138651956,-0.0059015583231692755,-0.04398968487680581,social well-being,3.4101016457404114
-9.140539114007368,1.1505119158278407,-0.01485433477218391,-0.0055937242726193485,-0.04339513251207504,EurekAlert,3.378427580216808
-9.140539114007368,1.1505119158278407,-0.01485433477218391,-0.0055937242726193485,-0.04339513251207504,well-being eurekalert,3.378427580216808
-9.173922953918405,1.1662721554689448,-0.01218095872002227,-0.005221475407023666,-0.04265775067603153,Can,3.3415158983871933
-9.173922953918405,1.1662721554689448,-0.01218095872002227,-0.005221475407023666,-0.04265775067603153,eurekalert ca+n,3.3415158983871933
-9.18289684939052,1.1705078380620093,-0.011446639582713407,-0.005118870935802542,-0.04245114157299924,Visiting,3.331594066939895
-9.18289684939052,1.1705078380620093,-0.011446639582713407,-0.005118870935802542,-0.04245114157299924,ca+n visiting,3.331594066939895
-9.208472508151964,1.1825775158972471,-0.009316494927106775,-0.004820398077848703,-0.04184227419167612,Art,3.3033177320893703
-9.208472508151964,1.1825775158972471,-0.009316494927106775,-0.004820398077848703,-0.04184227419167612,visiting art,3.3033177320893703
-9.21657997859064,1.1864029378116272,-0.00862953483269159,-0.0047238844793142274,-0.04164297168373393,Gallery,3.2943544537846567
-9.21657997859064,1.1864029378116272,-0.00862953483269159,-0.0047238844793142274,-0.04164297168373393,art gallery,3.2943544537846567
-9.232218463656707,1.1937808447986455,-0.0072882740809545946,-0.004535093931035719,-0.04124982050905108,Lower,3.2770656372244567
-9.232218463656707,1.1937808447986455,-0.0072882740809545946,-0.004535093931035719,-0.04124982050905108,gallery lower,3.2770656372244567
-9.243472451861832,1.1990894434155699,-0.006309710508641389,-0.004397067729320022,-0.04095969734343574,Your,3.264624380374319
-9.243472451861832,1.1990894434155699,-0.006309710508641389,-0.004397067729320022,-0.04095969734343574,lower your,3.264624380374319
-9.252558668006202,1.2033749828701141,-0.005511391421193987,-0.004284289190512739,-0.04072100348006706,Stress,3.254579821712237
-9.252558668006202,1.2033749828701141,-0.005511391421193987,-0.004284289190512739,-0.04072100348006706,your streß,3.254579821712237
-9.264858154362543,1.2091753305807347,-0.004418884407757923,-0.004129699734225009,-0.04039147985955137,Level…,3.240983421993263
-9.264858154362543,1.2091753305807347,-0.004418884407757923,-0.004129699734225009,-0.04039147985955137,streß level…,3.240983421993263
-9.27834923924718,1.2155366149180764,-0.00320465035435695,-0.00395755275424311,-0.04002143249089548,+8031,3.226070240343765
-9.27834923924718,1.2155366149180764,-0.00320465035435695,-0.00395755275424311,-0.04002143249089548,level… +8031,3.226070240343765
-9.288096219852594,1.2201318057694244,-0.0023169342762062173,-0.0038314803733081873,-0.03974841145058371,+8031 chars,3.2152961417165793
-6.21661624512824,-0.23163601321239113,-0.04705703875758524,-0.005562248629623658,-0.0005694221387969002,wanes,6.612497703330628
-6.21661624512824,-0.23163601321239113,-0.04705703875758524,-0.005562248629623658,-0.0005694221387969002,storm wanes,6.612497703330628
-6.983866526815129,0.1311742241937952,-0.030136246132165687,-0.0034816889272804566,0.000958617645081406,wanes after,5.763825201775101
-7.421325985953185,0.33792984607962184,-0.018605162127230353,-0.0020618357555455703,0.0020226678636915824,after dazzling,5.27999071784519
-8.248090955308372,0.7283111444103216,0.008550221010689682,0.0012887259963630503,0.004601714604015509,streak,4.365749663832237
-8.248090955308372,0.7283111444103216,0.008550221010689682,0.0012887259963630503,0.004601714604015509,lights streak,4.365749663832237
-8.371601890437951,0.7865677276745899,0.01339897637384535,0.0018880427477311439,0.005073175997210811,streak across,4.229198993709713
-8.57192088154152,0.8810028954408258,0.021823389068044666,0.0029301042092751504,0.005900341828097674,sky for,4.007753513760533
-8.61496398609183,0.9012853561910388,0.023732349381636833,0.0031663741463134713,0.0060892041602225305,back-to-back,3.960174981039146
-8.61496398609183,0.9012853561910388,0.023732349381636833,0.0031663741463134713,0.0060892041602225305,for back-to-back,3.960174981039146
-8.734157631567447,0.957431832469307,0.029218097017950972,0.0038456310221995967,0.006634896078761119,nights,3.8284305211422858
-8.734157631567447,0.957431832469307,0.029218097017950972,0.0038456310221995967,0.006634896078761119,back-to-back nights,3.8284305211422858
-8.78805706046357,0.9828113229549289,0.03180051880557995,0.0041655429684341,0.0068933109125155715,nights million+s,3.7688600720033465
-8.371601890437951,0.7865677276745899,0.01339897637384535,0.0018880427477311439,0.005073175997210811,million+s across,4.229198993709713
-8.960977102987597,1.0641859179848927,0.04055455271919828,0.005250725970636402,0.007776659837443469,Europe,3.577767645943955
-8.960977102987597,1.0641859179848927,0.04055455271919828,0.005250725970636402,0.007776659837443469,and europe,3.577767645943955
-8.993973370324287,1.0797044954024815,0.042312224194485035,0.005468750352684338,0.0079554038769491,witnessed,3.5413078491922203
-8.993973370324287,1.0797044954024815,0.042312224194485035,0.005468750352684338,0.0079554038769491,europe witnessed,3.5413078491922203
-9.036846713556578,1.0998635540159774,0.044640793638050125,0.005757660917665865,0.00819292199783402,witnessed rar+e,3.4939363623415765
-9.060478729667155,1.11097290174186,0.04594656537737328,0.005919706380148149,0.008326472040766811,rar+e colorful,3.4678260293487537
-9.093380242276927,1.1264368159677454,0.04779162225772543,0.0061487205484079335,0.008515619856897166,colorful display+s,3.431475432417104
-9.133136960940751,1.1451178723120652,0.05006441023819552,0.006430896722055705,0.008749330243197743,display+s the,3.3875531515263635
-9.198762889640452,1.1759421643798176,0.05392412088326838,0.006910275768370278,0.009148037416870097,lights tuesday,3.3150566504329904
-8.94086051208764,1.0547232926763213,0.03949727182567041,0.00511960131293834,0.00766936471380732,tuesday and,3.5999965029120062
-9.228562642672378,1.1899336591932514,0.055723037695081246,0.007133780342474937,0.009334649407583849,and wednesday,3.2821394535845854
-9.264488085213411,1.2067965657604804,0.057931749556410464,0.0074082674117179285,0.009564457563422866,after three,3.2424578298036137
-9.27697981368254,1.212658763897061,0.058710246129722185,0.007505032765290883,0.009645637974248012,three bursts,3.2286605834443596
-9.29674598989696,1.2219334071980716,0.05995340162816627,0.007659573567207178,0.009775468242222212,bursts plasma,3.2068292336512148
-9.309860775068204,1.2280861645255494,0.0607859892473271,0.007763088673847776,0.009862555434735333,plasma from,3.192344628103521
-9.33109228316538,1.2380452365863372,0.06214721220201204,0.007932351832910382,0.01000517082167474,Skygazers,3.168896237788865
-9.33109228316538,1.2380452365863372,0.06214721220201204,0.007932351832910382,0.01000517082167474,... skygazers,3.168896237788865
-9.347688518977892,1.2458286141079384,0.0632229329717653,0.008066134187811118,0.010118079917129753,skygazers across,3.150567742829981
-9.378259837130834,1.2601627121055765,0.06523190730118152,0.008316029189374146,0.01032943258275,Hemisphere,3.1168069909845335
-9.378259837130834,1.2601627121055765,0.06523190730118152,0.008316029189374146,0.01032943258275,northern hemisphere,3.1168069909845335
-9.393757122932707,1.267427267390399,0.06626416133285205,0.008444455110383662,0.010438278067356147,hemisphere were,3.099693672357917
-9.400523186610657,1.270598576447227,0.06671781532318695,0.00850090088459488,0.01048616675184548,treated,3.0922222188616297
-9.400523186610657,1.270598576447227,0.06671781532318695,0.00850090088459488,0.01048616675184548,were treated,3.0922222188616297
-9.417363961057147,1.2784909855128543,0.0678549172761621,0.008642398667447681,0.010606345170146664,treated spectacular,3.073626167421902
-9.43202035336289,1.2853585059769552,0.0688538824850073,0.008766723858264902,0.010712093755662844,spectacular sight,3.0574426945288575
-9.439053398191021,1.2886535705695774,0.06933637881819078,0.00882677806744808,0.010763226838250435,sight this,3.049677037760063
-9.453667143173385,1.2954994452421749,0.0703455152159954,0.00895239272231649,0.010870291277314724,week vibrant,3.033541392174947
-9.145471763475108,1.1509126849036608,0.05077943651516892,0.006519686428063028,0.008823019626427387,vibrant northern,3.373926450837537
-9.478619928447433,1.3071860183814827,0.07208943974246933,0.009169509781075414,0.011055697099034437,illuminated,3.0059911638485906
-9.478619928447433,1.3071860183814827,0.07208943974246933,0.009169509781075414,0.011055697099034437,lights illuminated,3.0059911638485906
-9.133136960940751,1.1451178723120652,0.05006441023819552,0.006430896722055705,0.008749330243197743,illuminated the,3.3875531515263635
-9.49396276160511,1.3143700783494188,0.07317502769675442,0.0093046888276692,0.011171358025264352,the night,2.989051989016504
-9.499475885355977,1.3169511926564073,0.07356762191852088,0.009353579852953571,0.011213232527296585,night sky,2.98296539793066
-9.503082417543878,1.3186395914220645,0.0738251704609305,0.009385654533186292,0.011240716396339265,sky following,2.9789837611493364
-9.511867529275257,1.3227520280782128,0.0744549422947116,0.009464089741384974,0.011307966482864178,consecutive,2.969285075773339
-9.511867529275257,1.3227520280782128,0.0744549422947116,0.009464089741384974,0.011307966482864178,following consecutive,2.969285075773339
-9.521996231397091,1.3274928580341172,0.07518530910196082,0.00955506149436826,0.011386038718156941,consecutive solar,2.958103326600717
-9.526900741334916,1.3297882397040603,0.07554062665414098,0.009599321588352678,0.011424051386115564,eruptions,2.952689007839167
-9.526900741334916,1.3297882397040603,0.07554062665414098,0.009599321588352678,0.011424051386115564,solar eruption+s,2.952689007839167
-9.534850829787217,1.3335086903761735,0.07611890691683999,0.009671359311536792,0.011485960761676815,eruption+s that,2.943912667288114
-9.53872500288059,1.335321572238669,0.07640175551711077,0.009706596364871282,0.01151626160621268,that sparked,2.9396359128118483
-9.036846713556578,1.0998635540159774,0.044640793638050125,0.005757660917665865,0.00819292199783402,sparked rar+e,3.4939363623415765
-9.55287149770281,1.341940508977882,0.0774404460474415,0.009836006563734434,0.011627645113398432,+3434,2.9240197415661067
-9.55287149770281,1.341940508977882,0.0774404460474415,0.009836006563734434,0.011627645113398432,rar+e +3434,2.9240197415661067
-9.55715972609205,1.34394666380463,0.0777571396676313,0.009875466775020937,0.011661640442797522,+3434 chars,2.91928611798768
-6.056396129509081,-0.38222134261905305,0.2896255476900978,-0.45121362110486335,-0.095912709676785,Evacuation,6.822170999736274
-5.076256654631028,-1.0061368461185842,0.48308068313795427,-0.7682073344357118,-0.16911208634398922,evacuation warnings,7.975198401748876
-5.81042108042377,-0.474232795664586,0.23285742150736488,-0.37936718479849457,-0.08038645088894181,place,7.083791307786921
-8.779404557698717,0.9334003938471402,0.2788123427717128,-0.31227795369021527,-0.05996943624338664,warnings place,3.798144279287362
-8.82353061024454,0.9741295641323711,0.2172992336725208,-0.2279224710473779,-0.04167939769966423,place heavy,3.7407593845276152
-8.827395877985825,0.9916707945497663,0.14211692768079476,-0.13095242686075728,-0.021117501081459322,slam,3.729663207343992
-8.827395877985825,0.9916707945497663,0.14211692768079476,-0.13095242686075728,-0.021117501081459322,could slam,3.729663207343992
-8.804035756010487,0.981337448952317,0.13694574451886837,-0.12600422103690911,-0.02016311569981958,slam california,3.7551907696006825
-8.705142602864287,0.9304945170254479,0.15913453253206122,-0.1609402556493099,-0.02787834890413133,california burn,3.866354501955758
-8.838173202905043,0.9526542746163966,0.30238187910701453,-0.3396080773330463,-0.06567982718988016,area+s evacuation,3.736819482608201
-6.8320750383917765,0.025414923173748605,0.20053941110093593,-0.3043589276144289,-0.062786007922495,warnings are,5.946572611255353
-7.008241620557138,0.10771432035211381,0.20651300543438433,-0.30606032953723067,-0.0628787015868798,are place,5.752143460667302
-6.96833128143139,0.11458424604977546,0.09458552709329769,-0.16092059865464609,-0.031946420613874614,place for,5.785132772783873
-6.413574099750279,-0.14124011763873678,0.02936330468468093,-0.0955029376290151,-0.01900884084026005,for part+s,6.395908523195939
-3.6021015742481897,-1.4687428251510752,-0.08567833744123743,-0.010299481375036758,-0.003905840008750759,california incoming,9.504840812934436
0.9302208159929481,-3.6139114918092954,-0.12056967274159064,-0.014570379396980939,-0.0067229898440958604,incoming storm,14.519111439905497
-4.9847476910314175,-0.8144282985700073,-0.06805213212815607,-0.008139287922087804,-0.0024097558645435366,bring potential,7.975225598501347
-5.793739386767405,-0.43166918346004524,-0.05498535565937663,-0.006535964451914325,-0.001271683827724958,potential mudslides,7.08028256798607
-6.303746273047001,-0.1904258953608644,-0.04531225784029513,-0.005347868314679715,-0.00041369728336862824,mudslides and,6.516117111265579
-6.461355771544494,-0.11588594882958958,-0.042050060515071236,-0.004946949565194951,-0.00012140392309669193,and debris,6.341776628030035
-6.664514668518719,-0.020043796571032058,-0.017847836196900897,-0.02891245424559137,-0.004794875262688878,flows,6.117181752557609
-6.664514668518719,-0.020043796571032058,-0.017847836196900897,-0.02891245424559137,-0.004794875262688878,debris flows,6.117181752557609
-7.133745239985665,0.19735852892836014,0.06124825452170539,-0.11257393440485894,-0.0214982598764512,flows burn,5.600167135289818
-8.673502244627386,0.9288635918613777,0.026388916087338385,0.003495261594361806,0.006352914670363875,area+s according,3.8954711509450943
-8.780722751021734,0.9793582230579299,0.03144522961759946,0.004121523765077092,0.006857699879821886,county,3.7769658860956294
-8.780722751021734,0.9793582230579299,0.03144522961759946,0.004121523765077092,0.006857699879821886,according county,3.7769658860956294
-8.829780634835116,1.0024529780194922,0.0338456024122412,0.0044189582402232655,0.007098654996985103,county officials,3.722748624046855
-8.908755340186907,1.0396190505416463,0.03783181623079615,0.004913084089516476,0.007500690478703416,Anyone,3.6354737906062864
-8.975446691565807,1.070991544188785,0.04132170585246299,0.005345879208749276,0.007854617278653874,+2200,3.561779050214418
-8.975446691565807,1.070991544188785,0.04132170585246299,0.005345879208749276,0.007854617278653874,anyon+e +2200,3.561779050214418
-9.002926872776557,1.083914894175511,0.04279428457120785,0.005528553949012225,0.008004507662649242,+2200 chars,3.531414767243245
-7.928353773072696,0.47695008038626874,0.36818794202781724,-0.4881476228251654,-0.10106142680753522,issue warning,4.76273685552146
-8.124379632049784,0.6440679702606225,0.19832675886132767,-0.24609747995070316,-0.047718722086545595,warning after,4.5138583431143635
-8.115323001744862,0.6547679859825557,0.1283802084513237,-0.1559366686092871,-0.02857564071105242,creatures,4.517375470592689
-8.115323001744862,0.6547679859825557,0.1283802084513237,-0.1559366686092871,-0.02857564071105242,after creatures,4.517375470592689
-7.997998644900052,0.6089272224373892,0.0379644810096553,-0.047583002746577945,-0.00616954802619869,creatures escape,4.642908308119287
-7.829083933714435,0.5305412296113183,-0.006237411153170121,-0.0005370637398305145,0.0031844552724164775,containment,4.829055102262284
-7.829083933714435,0.5305412296113183,-0.006237411153170121,-0.0005370637398305145,0.0031844552724164775,escape containment,4.829055102262284
-7.227468340110483,0.24631950879148423,-0.023913428443457965,-0.002715664748564846,0.0015305498648160512,containment during,5.494393571369673
-6.5329792021896695,-0.08201462831280049,-0.04052030629251879,-0.004758902478622165,1.617154585360943e-05,during massiv+e,6.2625511182941676
-4.185821585348812,-1.1924922340155728,-0.0788389811189619,-0.009461597618930855,-0.003330768221219657,massiv+e storm,8.85906650496498
-6.385120571403944,-0.15193983476369732,-0.04364545485031125,-0.005143036374649919,-0.0002645363470241517,'Major,6.426104156099273
-6.385120571403944,-0.15193983476369732,-0.04364545485031125,-0.005143036374649919,-0.0002645363470241517,storm 'major,6.426104156099273
-7.152784890969882,0.21102129552302795,-0.025871743137001267,-0.0029567839476811247,0.0013499850397721575,genetic,5.576994531384356
-7.152784890969882,0.21102129552302795,-0.025871743137001267,-0.0029567839476811247,0.0013499850397721575,'major genetic,5.576994531384356
-7.627603654721491,0.43538390113362935,-0.012567862660660359,-0.0013177705208420164,0.0025871293865743304,changes,5.051863244380658
-7.627603654721491,0.43538390113362935,-0.012567862660660359,-0.0013177705208420164,0.0025871293865743304,genetic chang+es,5.051863244380658
-7.98854986158198,0.6058304853812111,-0.000887437212738651,0.00012314087719860617,0.003693640910988753,Their,4.652720161715095
-7.98854986158198,0.6058304853812111,-0.000887437212738651,0.00012314087719860617,0.003693640910988753,chang+es their,4.652720161715095
-8.14231438319309,0.6784033435279828,0.004587179095811952,0.0007991273488210868,0.004218861946944848,offspring,4.482700873026836
-8.14231438319309,0.6784033435279828,0.004587179095811952,0.0007991273488210868,0.004218861946944848,their off+spring,4.482700873026836
-8.338775856716651,0.7710867210469128,0.012085984078287468,0.001725721665791529,0.004945177337728205,inherit,4.2654897098658715
-8.338775856716651,0.7710867210469128,0.012085984078287468,0.001725721665791529,0.004945177337728205,off+spring inherit,4.2654897098658715
-8.487179789289799,0.8410620343968025,0.01817010906768536,0.002478086725618797,0.005540380231575085,mix,4.101428113727852
-8.487179789289799,0.8410620343968025,0.01817010906768536,0.002478086725618797,0.005540380231575085,inherit mix,4.101428113727852
-8.57192088154152,0.8810028954408258,0.021823389068044666,0.0029301042092751504,0.005900341828097674,traits,4.007753513760533
-8.57192088154152,0.8810028954408258,0.021823389068044666,0.0029301042092751504,0.005900341828097674,mix trait+s,4.007753513760533
-8.795277988706722,0.986210919076387,0.03215153183617929,0.0042090341803542285,0.006928511658626027,devastating impact,3.7608796204660413
-8.861845934071283,1.0175450578780016,0.03544553004226057,0.00461725505499622,0.007259733941948433,impact storm,3.6873124523120797
-8.890758689261167,1.0309172409515832,0.04219407314266785,0.014392238685090241,0.003724930589106142,Amy,3.6554712061577166
-8.890758689261167,1.0309172409515832,0.04219407314266785,0.014392238685090241,0.003724930589106142,storm amy,3.6554712061577166
-8.917109134078512,1.0427557176993871,0.05282881453104969,0.031461243533034214,-0.00263351837262091,amy still,3.6266093319281203
-8.93698186862278,1.0514620698060062,0.06192595675221589,0.04632858658331541,-0.00820136190047199,still being,3.6049394513250586
-8.281146779468875,0.7426537011842458,0.03456441997934859,0.046675094198235845,-0.012674379873875364,felt,4.329784619158344
-8.95450343597545,1.0588940425271434,0.0710917537731064,0.06156866938326129,-0.013937341807678888,being fel+t,3.5859399836843457
-8.97434718027391,1.0668444180996457,0.08357189208844655,0.08275644334299125,-0.021959255626351308,scientists,3.5646259214004914
-8.97434718027391,1.0668444180996457,0.08357189208844655,0.08275644334299125,-0.021959255626351308,fel+t scientist+s,3.5646259214004914
-8.99507392240512,1.0739686554284764,0.10163529024374619,0.11434275565239535,-0.034016925263277896,scientist+s have,3.5428774076867664
-9.00185271871438,1.0755995087230052,0.11038435661299624,0.13003777922507365,-0.04005013960470639,have warned,3.536068733572378
-9.009747483015346,1.0752143864245374,0.12943715029698527,0.16510690958753246,-0.053624178064385165,warned yet,3.5291326399154266
-9.010432310429362,1.0733970477600199,0.13785003524758166,0.18097476221277192,-0.059805860336946653,yet another,3.5293064651356594
-9.006325181211068,1.0658896858842635,0.15665308690944746,0.2172666992041947,-0.07403005276874833,consequence,3.536264551566672
-9.006325181211068,1.0658896858842635,0.15665308690944746,0.2172666992041947,-0.07403005276874833,another consequence,3.536264551566672
-8.979123607737005,1.0388689631824288,0.1929391462884693,0.29042467571887154,-0.10303121338155799,consequence this,3.5724756540147804
-8.954441655933149,1.0170856776586998,0.2131464720083177,0.33290636411906255,-0.12005400333910399,this massiv+e,3.6041394088138903
-8.876493527604527,0.9503568749173847,0.2587919927875765,0.4335443543975126,-0.16087356913263276,massiv+e cyclone,3.7032195490844813
-5.074163499013137,-0.8569696750908302,0.19118213196605666,0.5001239287167195,-0.2027747277039553,caused,7.913072712095437
-8.609196927019475,0.7184159878023038,0.3539334791670416,0.6682893340968655,-0.2587257351947996,cyclone caused,4.044198026950966
-8.908695949243963,0.9624502532971202,0.26432076078782274,0.44172652767324827,-0.16390894578476037,Phys.org,3.6689489488658302
-9.028348646956843,1.0493776682890188,0.22101814017247345,0.34104552954902567,-0.12267398052002412,phys.org reported,3.5235370005342657
-9.098566005376716,1.0962045938688993,0.19549884703613662,0.28316198147276095,-0.09915217813478375,reported that,3.439992464272905
-9.128125368164163,1.1149251637838367,0.1851384314873767,0.25981105491282963,-0.08969014563492936,farmed,3.4052476797544045
-9.128125368164163,1.1149251637838367,0.1851384314873767,0.25981105491282963,-0.08969014563492936,that farmed,3.4052476797544045
-9.162794325614637,1.1361473809595908,0.17348922047467796,0.23356536303060904,-0.07906656790395752,salmon,3.364811884727076
-9.162794325614637,1.1361473809595908,0.17348922047467796,0.23356536303060904,-0.07906656790395752,farmed salmon,3.364811884727076
-9.192040047750144,1.1534616996568332,0.1641992701713756,0.21257781828334776,-0.07057512967136928,escaped,3.3309538960347393
-9.192040047750144,1.1534616996568332,0.1641992701713756,0.21257781828334776,-0.07057512967136928,salmon escaped,3.3309538960347393
-9.220820845615943,1.1700119121266974,0.15562368380593594,0.19309333878582827,-0.06268992095739664,escaped into,3.297844237197148
-9.236906867231212,1.1790662080653593,0.1510992572186276,0.1827443198084628,-0.05849911155256417,open,3.279423001290585
-9.236906867231212,1.1790662080653593,0.1510992572186276,0.1827443198084628,-0.05849911155256417,into open,3.279423001290585
-9.25181893979097,1.1873430267362137,0.14708626322656243,0.17350987041862223,-0.05475702255863417,water,3.2623963750372873
-9.25181893979097,1.1873430267362137,0.14708626322656243,0.17350987041862223,-0.05475702255863417,open water,3.2623963750372873
-9.276239389355853,1.2006725323166794,0.14090315705150724,0.15914786208339882,-0.04892999836283122,+2488,3.234609943003284
-9.276239389355853,1.2006725323166794,0.14090315705150724,0.15914786208339882,-0.04892999836283122,water +2488,3.234609943003284
-9.291090690468774,1.208652928729082,0.13738337395972866,0.15087882369884098,-0.045569769041401594,+2488 chars,3.217765921832568
-7.983376292817159,0.49794483100852993,0.3775439263442181,-0.49849022453947955,-0.10324044247412884,weather warning+s,4.7040342920273135
-7.290184227800186,0.25748792856025293,0.15002801840809332,-0.22080247627826763,-0.044104833300233355,force,5.433162990515555
-8.197224241917864,0.687384156672532,0.16268232152687623,-0.19577143991611373,-0.036797652812524465,warning+s force,4.429441098024381
-7.25812944654772,0.2536941311334533,0.08438438321033563,-0.13740078045672466,-0.026497533627603456,force storm,5.46367241436056
-7.194336027651236,0.22749048916389825,0.046486481283342915,-0.09172327808834195,-0.017027187199734797,Claudia,5.532491505600172
-7.194336027651236,0.22749048916389825,0.046486481283342915,-0.09172327808834195,-0.017027187199734797,storm claudia,5.532491505600172
-7.86382374827365,0.5469450947319627,-0.005098710215350313,-0.0003965763818133171,0.003292495024643065,claudia brings,4.790639438079116
-4.808151306772264,-0.8979918746229694,-0.07059737031076832,-0.008451394167663375,-0.0026286003424780676,brings heavy,8.170589492878767
-5.793739386767405,-0.43166918346004524,-0.05498535565937663,-0.006535964451914325,-0.001271683827724958,rain the,7.08028256798607
-6.781585203013333,0.03554057516761322,-0.034963935480850465,-0.004075644605969792,0.0005186036344663669,has brought,5.987564083629794
-7.421325985953185,0.33792984607962184,-0.018605162127230353,-0.0020618357555455703,0.0020226678636915824,brought flooding,5.27999071784519
-7.959303585747498,0.5920241621678883,-0.0018926522020663167,-9.353542903475787e-07,0.0035976624220494836,and downpours,4.685059407645326
-8.228270571769649,0.7189605066759761,0.007794745770927924,0.0011953770227270937,0.004528559151204295,downpours with,4.3876634642011485
-8.321671085888585,0.763019364850845,0.01140891427113877,0.0016420270842273932,0.004879268800736462,with some,4.284400111812989
-8.487179789289799,0.8410620343968025,0.01817010906768536,0.002478086725618797,0.005540380231575085,area+s expecting,4.101428113727852
-8.674609996902642,0.9291488491328792,0.03460319785551308,-0.006551759597257128,0.004280713170397904,expecting month,3.894359173672817
-8.7205784960175,0.949782997849391,0.05869475675768425,-0.03342971774293047,-0.0011282039975064554,month worth,3.8440164990267545
-7.227468340110483,0.24631950879148423,-0.023913428443457965,-0.002715664748564846,0.0015305498648160512,worth rain,5.494393571369673
-8.79333519099202,0.9787224017121301,0.1190939270350644,-0.1041577163567566,-0.01561697399134197,rain day,3.765957267870604
-8.804035756010487,0.981337448952317,0.13694574451886837,-0.12600422103690911,-0.02016311569981958,Ruth,3.7551907696006825
-8.81067224295328,0.9813486323075091,0.15630169838927366,-0.15016925923783292,-0.02522758420507464,Comerford,3.7492133276643798
-8.81067224295328,0.9813486323075091,0.15630169838927366,-0.15016925923783292,-0.02522758420507464,ruth comerford,3.7492133276643798
-8.808191654528388,0.9706056614091885,0.2021686218254481,-0.2093401681304215,-0.03777502476055488,comerford and,3.756111293547023
-8.798798076925234,0.9602289535199535,0.2247615082636607,-0.23942776475241162,-0.044228724645997475,BBC,3.7690698977564043
-8.798798076925234,0.9602289535199535,0.2247615082636607,-0.23942776475241162,-0.044228724645997475,and bbc,3.7690698977564043
-8.781822011543564,0.9440948806215945,0.251318914441213,-0.2755548629158791,-0.0520385699747859,bbc weather,3.791349573225647
-8.686621204684048,0.862228064923636,0.3393352419509709,-0.4010050518118416,-0.07963722149965968,Amber,3.91252721012793
-8.686621204684048,0.862228064923636,0.3393352419509709,-0.4010050518118416,-0.07963722149965968,weather amber,3.91252721012793
-8.45885012937845,0.6689281807659462,0.4640086668682455,-0.5947568034674149,-0.12366143096290633,amber warnings,4.201231800946203
-8.79013036369631,0.9235449949904562,0.3159552192551574,-0.36154263024525973,-0.07063356256717926,warnings from,3.79271200931883
-8.911206066193792,1.0047083055230994,0.25678393187081333,-0.27327117002035334,-0.05106040474853814,Met,3.648483894200158
-8.911206066193792,1.0047083055230994,0.25678393187081333,-0.27327117002035334,-0.05106040474853814,the met,3.648483894200158
-8.948255605021313,1.0279134151190354,0.23942941452026023,-0.2476187604779979,-0.04540981136945921,Office,3.605047911937204
-8.948255605021313,1.0279134151190354,0.23942941452026023,-0.2476187604779979,-0.04540981136945921,met office,3.605047911937204
-8.812495006882248,0.978129645705305,0.17775007967471856,-0.17751204524492759,-0.03100089133869524,office for,3.748971150297212
-9.031856948696014,1.0775644400000044,0.2031485802540387,-0.19396207556024525,-0.033625640770612,persistent,3.5081984221938356
-9.031856948696014,1.0775644400000044,0.2031485802540387,-0.19396207556024525,-0.033625640770612,for persistent,3.5081984221938356
-8.808191654528388,0.9706056614091885,0.2021686218254481,-0.2093401681304215,-0.03777502476055488,persistent and,3.756111293547023
-9.10607914295419,1.1188772630462156,0.17542790811995823,-0.15249382904176678,-0.02452795474054612,and heavy,3.4234037738560654
-9.152636815429977,1.1437200078894738,0.16051735869616068,-0.12974460630271561,-0.0195271410958641,rain are,3.3706758412580893
-9.176340623799979,1.1561079927156486,0.15367506369011408,-0.11912667432660451,-0.017187299336610538,are force,3.3439428296549587
-9.2419336412192,1.189646998750634,0.1373009689553642,-0.09298205623220007,-0.011398517606412297,claudia continues,3.2702877240738473
-9.272935728315584,1.2051892068205594,0.1308074175726886,-0.0821773951259416,-0.008989096077174682,continues move,3.2356093076008605
-9.320293701566824,1.2286334403677375,0.12231275128961379,-0.06741851823748486,-0.005672881164989773,Kingdom,3.1827647008499254
-9.320293701566824,1.2286334403677375,0.12231275128961379,-0.06741851823748486,-0.005672881164989773,united kingdom,3.1827647008499254
-9.34202214711026,1.2392894282449598,0.11895495015466785,-0.061300686647504224,-0.004287029141117988,wider,3.158562649691216
-9.352251354440753,1.2442870739749259,0.11748530290265523,-0.058553909696939195,-0.003662156625794767,yellow,3.14717717805606
-9.352251354440753,1.2442870739749259,0.11748530290265523,-0.058553909696939195,-0.003662156625794767,wider yellow,3.14717717805606
-9.363702704652278,1.249868530697363,0.1159218268146358,-0.055576558651989495,-0.002982744699268096,yellow sever+e,3.1344372131693774
-9.374672968853233,1.2552030897958464,0.11450309745987809,-0.05281829829401143,-0.0023512181586094042,sever+e we…,3.1222378888705737
-9.382234511110768,1.2588733732506638,0.11356924187195681,-0.0509692678214782,-0.0019266385220496549,we… +4410,3.1138321116739176
-9.391025473086692,1.26313385549582,0.11252780917571766,-0.048871856909504297,-0.0014437430743227467,+4410 chars,3.1040625132692146
-3.9088362986315897,-1.323575882618008,-0.08218221522519023,-0.009871221136233569,-0.003612751765643198,station,9.165496561674802
-8.016648977654057,0.6190944460946379,8.891676677143245e-05,0.00024366779758570878,0.0037869999399613545,alaska station,4.621649766577901
-7.754513288962295,0.49532601792614317,-0.008633632877620485,-0.0008326415147645863,0.0029576951175699553,station that,4.911517740692276
-7.53064715574482,0.3895812328700097,-0.015458353418504829,-0.0016740671633689403,0.0023162484052994085,covered,5.1590881566106
-7.53064715574482,0.3895812328700097,-0.015458353418504829,-0.0016740671633689403,0.0023162484052994085,that covered,5.1590881566106
-6.983866526815129,0.1311742241937952,-0.030136246132165687,-0.0034816889272804566,0.000958617645081406,covered devastating,5.763825201775101
-3.955233945721952,-1.301617854996287,-0.08163494693463555,-0.009804174387039725,-0.003566706704478118,cuts,9.114166492909984
-6.21661624512824,-0.23163601321239113,-0.04705703875758524,-0.005562248629623658,-0.0005694221387969002,storm cuts,6.612497703330628
-6.887567039519165,0.08564821796698885,-0.03247084158169641,-0.0037689521766836034,0.0007454307455921419,jobs,5.870338987814699
-6.887567039519165,0.08564821796698885,-0.03247084158169641,-0.0037689521766836034,0.0007454307455921419,cuts jobs,5.870338987814699
-3.2016048369226144,-1.6582895197790277,-0.08994660438544304,-0.010822203708869172,-0.0042611417751851795,public,9.947917994345936
-7.421325985953185,0.33792984607962184,-0.018605162127230353,-0.0020618357555455703,0.0020226678636915824,jobs public,5.27999071784519
-5.451316730297543,-0.5936690419884765,-0.06082052127511491,-0.007252171550074227,-0.0017829014092834005,public and,7.459080646924798
-5.6122651981868925,-0.5175221633803351,-0.058137920578522295,-0.006922954683555246,-0.0015484761792968352,radio,7.281033585915413
-5.6122651981868925,-0.5175221633803351,-0.058137920578522295,-0.006922954683555246,-0.0015484761792968352,and radio,7.281033585915413
-5.7048844339464395,-0.4737045711135175,-0.05654643126715593,-0.00672760622787816,-0.0014089198203404395,radio station,7.178575679758134
-6.120332088566493,-0.27717790237267037,-0.048938908493038016,-0.00579343405912063,-0.0007369067797145237,station western,6.7190053115640955
-6.432870438732532,-0.12935731632050773,-0.04265008669414462,-0.005020701096689405,-0.00017527737627439678,serves,6.373285575265062
-6.432870438732532,-0.12935731632050773,-0.04265008669414462,-0.005020701096689405,-0.00017527737627439678,alaska serves,6.373285575265062
-6.5527002372877785,-0.07268865560813342,-0.04009371386605798,-0.004706458121761998,5.4594228158142376e-05,serves dozens,6.240737027344321
-6.703238395676309,-0.0015040444113965101,-0.036757870218278935,-0.004296282196230798,0.0003559201782486702,dozens village+s,6.074223680347225
-6.822171360806383,0.0547299983554872,-0.03401838759310408,-0.003959335216724273,0.0006045303153379977,village+s damaged,5.942672041458314
-6.950697693983703,0.11549394765013155,-0.030948013808213548,-0.0035815814931315247,0.0008844043494110158,damaged typhoon,5.800511986930884
-7.148188945940568,0.20884898722592604,-0.02599075536849383,-0.0029714358810686873,0.0013390287370668753,but with,5.582077754182496
-7.191737110671729,0.2294319362659536,-0.024856131210550733,-0.002831741861158912,0.001443562396917399,with federal,5.533912658343612
-7.25740534895981,0.26046805793101147,-0.023115288037517626,-0.0026173791675021037,0.0016042941751129363,federal funding,5.461283184600163
-7.31864975855641,0.28941130713420504,-0.02145833919432944,-0.0024133114085002298,0.0017576701739921777,eliminated,5.393547448502936
-7.31864975855641,0.28941130713420504,-0.02145833919432944,-0.0024133114085002298,0.0017576701739921777,funding eliminated,5.393547448502936
-7.403286616515502,0.329405991505765,-0.01911345440831718,-0.0021244586144639416,0.0019753759329480605,KYUK,5.299941494399262
-7.403286616515502,0.329405991505765,-0.01911345440831718,-0.0021244586144639416,0.0019753759329480605,eliminated kyuk,5.299941494399262
-9.123598382714555,1.140636341011805,0.04951471239075146,0.0063626422533544155,0.00869273254688157,kyuk makes,3.3980909258727623
-9.142427938711235,1.149482765367583,0.05060255033133498,0.006497720537361926,0.00880478274669476,makes severe,3.3772890513812612
-9.163202488395378,1.159241513632019,0.05181562255677852,0.0066483705287601995,0.008929946318820655,severe cuts,3.3543391046997835
-7.5624105693193515,0.4045871323719643,-0.01452200247431435,-0.0015586596743996034,0.0024038707458925185,cuts its,5.1239604304845825
-7.584426785748677,0.41498778126212565,-0.01386698424577898,-0.0014779203399572565,0.002465238912780051,staff,5.099612490728724
-7.584426785748677,0.41498778126212565,-0.01386698424577898,-0.0014779203399572565,0.002465238912780051,its staff,5.099612490728724
-7.616385054357198,0.43008452846978207,-0.012907283140643037,-0.0013596148654438618,0.0025552604710014325,staff and,5.064269821624815
-7.637016124319804,0.4398300336625618,-0.01228206323056115,-0.0012825355036719718,0.0026139761564727935,and news,5.041454087916831
-7.662086733976972,0.4516722205822634,-0.01151622349263403,-0.001188113049524358,0.002685971980605509,department,5.013728896787258
-7.662086733976972,0.4516722205822634,-0.01151622349263403,-0.001188113049524358,0.002685971980605509,news department,5.013728896787258
-9.260211676196917,1.2047895553611507,0.05766649680973879,0.007375299232564952,0.009536818970594321,KWIGILLINGOK,3.247181235376935
-9.28899074125639,1.2182947058395754,0.059463985419581325,0.007598729757227344,0.009724326746913266,kwigillingok alaska,3.215394663279457
-9.30243608947595,1.2246029908418652,0.06031386938499912,0.007704388984201982,0.009813159221341496,alaska when,3.200544770304278
-9.318891571319636,1.2323224907321253,0.06136295267396079,0.007834828482155684,0.009922968444569719,remnants,3.1823707741147427
-9.318891571319636,1.2323224907321253,0.06136295267396079,0.007834828482155684,0.009922968444569719,the remnants,3.1823707741147427
-9.339508265101795,1.241992360158976,0.062691419045613,0.008000030040262266,0.010062268764897457,remnants typhoon,3.1596017537682415
-9.363384679821815,1.253188691495041,0.06424990813622793,0.008193871090058561,0.010226042543836092,halong hit,3.1332337924759517
-9.369429168345322,1.2560226980095914,0.06464790815564099,0.008243379425409468,0.010267927729222585,hit this,3.1265587398562014
-9.28899074125639,1.2182947058395754,0.059463985419581325,0.007598729757227344,0.009724326746913266,this alaska,3.215394663279457
-9.396483656782904,1.2687052433808403,0.06644675231450596,0.008467173555853412,0.01045754883889844,village,3.0966828740529815
-9.396483656782904,1.2687052433808403,0.06644675231450596,0.008467173555853412,0.01045754883889844,native village,3.0966828740529815
-9.407125312243291,1.2736928257105171,0.06716223742164547,0.00855620111107252,0.010533112547037662,village les+t,3.084931892430344
-9.413570060598364,1.2767131040411817,0.0675977533402574,0.008610396131713405,0.010579147970376745,les+t month,3.0778154421958828
-9.422340049912368,1.2808227473098224,0.0681930993826773,0.008684485018222774,0.010642126713083986,Ryan,3.06813155419513
-9.422340049912368,1.2808227473098224,0.0681930993826773,0.008684485018222774,0.010642126713083986,month ryan,3.06813155419513
-9.428431740724061,1.2836770988248642,0.06860847387145332,0.00873618032686505,0.010686100540153145,David,3.0614051667478117
-9.428431740724061,1.2836770988248642,0.06860847387145332,0.00873618032686505,0.010686100540153145,ryan david,3.0614051667478117
-9.443638719278557,1.290801707290013,0.06965205414173474,0.008866070779112686,0.010796700971816182,david home,3.0446141392164536
-9.449258313962096,1.2934342294106185,0.07004012810369235,0.008914377240204467,0.01083787403609291,home with,3.0384093112833055
-9.37092032804878,1.2567218132225377,0.06474631073038019,0.008255620378078319,0.010278287388150165,with his,3.124912033533846
-9.459073219913881,1.2980316560731757,0.07072109510098547,0.008999148024592755,0.010910180016463128,his four,3.0275724457889446
-9.464366486004812,1.300510872651321,0.07109003516470093,0.009045078915816072,0.010949385541510152,children,3.021728123705962
-9.464366486004812,1.300510872651321,0.07109003516470093,0.009045078915816072,0.010949385541510152,four children,3.021728123705962
-9.474629981166773,1.305317566908067,0.07180879986584775,0.009134567118059647,0.01102582789199396,They,3.010396340061603
-9.479607453035394,1.3076484523485286,0.07215900491987799,0.009178171581746308,0.011063103050024985,they fel+t,3.004900874845484
-9.48448662169455,1.3099331693576428,0.07250333194534735,0.009221046058351267,0.01109977175287842,fel+t the,2.9995140024743843
-9.488321343420147,1.311728720251936,0.07277467634086092,0.009254834299780431,0.011128681671785101,house,2.9952802989314216
-9.488321343420147,1.311728720251936,0.07277467634086092,0.009254834299780431,0.011128681671785101,the house,2.9952802989314216
-9.49396276160511,1.3143700783494188,0.07317502769675442,0.0093046888276692,0.011171358025264352,shake,2.989051989016504
-9.49396276160511,1.3143700783494188,0.07317502769675442,0.0093046888276692,0.011171358025264352,house shak+e,2.989051989016504
-9.48448662169455,1.3099331693576428,0.07250333194534735,0.009221046058351267,0.01109977175287842,shak+e the,2.9995140024743843
-9.511003486491404,1.3223475771961366,0.07439285003892702,0.009456356154088371,0.011301333129491893,then,2.9702389625211536
-9.511003486491404,1.3223475771961366,0.07439285003892702,0.009456356154088371,0.011301333129491893,wind the+n,2.9702389625211536
-9.517828879517921,1.3255423647893132,0.07488424948128962,0.009517561607530483,0.011353846650222363,flood…,2.962703911626331
-9.517828879517921,1.3255423647893132,0.07488424948128962,0.009517561607530483,0.011353846650222363,the+n flood…,2.962703911626331
-9.52446141324382,1.3286466167418345,0.0753637684082308,0.009577291007918822,0.01140512814383102,+7513,2.955381888710273
-9.52446141324382,1.3286466167418345,0.0753637684082308,0.009577291007918822,0.01140512814383102,flood… +7513,2.955381888710273
-9.529314667254194,1.330917939259382,0.07571590877129304,0.009621156328041761,0.011442810978321286,+7513 char+s,2.950024185023953
-6.21661624512824,-0.23163601321239113,-0.04705703875758524,-0.005562248629623658,-0.0005694221387969002,storm devastated,6.612497703330628
-7.361150124567889,0.30949514626783303,-0.02028899180398043,-0.0022692750398402815,0.0018661403434058485,devastated alaska,5.346543014426315
-8.285964424807414,0.7461772232968824,0.010010871849807298,0.0014692311844065713,0.004743385377482362,now their,4.323876671066961
-8.387364309810454,0.7940008389883226,0.014035910757773606,0.0019667936269970147,0.005135357330599917,their public,4.211773155962554
-8.487179789289799,0.8410620343968025,0.01817010906768536,0.002478086725618797,0.005540380231575085,public media,4.101428113727852
-8.560592577594416,0.8756642832584296,0.021327059483098987,0.002868682576655183,0.005851324399480783,lost,4.020275730747688
-8.560592577594416,0.8756642832584296,0.021327059483098987,0.002868682576655183,0.005851324399480783,media lost,4.020275730747688
-8.61496398609183,0.9012853561910388,0.023732349381636833,0.0031663741463134713,0.0060892041602225305,lost funding,3.960174981039146
-8.387364309810454,0.7940008389883226,0.014035910757773606,0.0019667936269970147,0.005135357330599917,funding public,4.211773155962554
-8.402718318658332,0.8012409950401549,0.01466043339885377,0.002044015440426837,0.00519638348426223,kyuk face+s,4.194798990688499
-8.425021670382527,0.8117574562793426,0.015574903852617589,0.002157099002624138,0.00528584340957362,face+s sever+e,4.170142477432231
-8.45000343228641,0.8235359122350097,0.016609591540419896,0.002285062852114137,0.005387208881185103,sever+e cuts,4.1425253796831445
-6.293246301334029,-0.19539199386298645,-0.045524678565557974,-0.005373970205145033,-0.0004326788818661796,British,6.5277318139659375
-5.888340162851376,-0.38691711378372506,-0.053285089589664957,-0.006327205127499411,-0.001121821772456821,british woman,6.975634048215258
-7.071893619035383,0.1727859371464664,-0.027941683548418333,-0.0032115949693514046,0.0011597053269602631,woman killed,5.6664628553489305
-6.21661624512824,-0.23163601321239113,-0.04705703875758524,-0.005562248629623658,-0.0005694221387969002,killed after,6.612497703330628
-6.6641463357447,-0.019988693815967906,-0.03763791766871212,-0.004404505866058367,0.00027627588132775327,Portuguese,6.117463876386458
-6.6641463357447,-0.019988693815967906,-0.03763791766871212,-0.004404505866058367,0.00027627588132775327,storm portugues+e,6.117463876386458
-4.90650718172159,-0.8514505260825311,-0.06919198110998857,-0.008279068015121377,-0.002507877762314418,campsite,8.06178081610482
-7.53064715574482,0.3895812328700097,-0.015458353418504829,-0.0016740671633689403,0.0023162484052994085,portugues+e campsite,5.1590881566106
-7.897035202069215,0.5626262554438695,-0.003996412510400185,-0.000260563771099339,0.0033972540139853326,Five,4.753914316768245
-7.897035202069215,0.5626262554438695,-0.003996412510400185,-0.000260563771099339,0.0033972540139853326,campsite five,4.753914316768245
-7.897035202069215,0.5626262554438695,-0.003996412510400185,-0.000260563771099339,0.0033972540139853326,five other+s,4.753914316768245
-6.020421473701764,-0.32443728360087576,-0.05084236361292056,-0.006027230562397394,-0.0009058095372873002,other+s were,6.829525471639458
-7.361150124567889,0.30949514626783303,-0.02028899180398043,-0.0022692750398402815,0.0018661403434058485,were injured,5.346543014426315
-6.6641463357447,-0.019988693815967906,-0.03763791766871212,-0.004404505866058367,0.00027627588132775327,injured when,6.117463876386458
-5.672098757683141,-0.48921511436510556,-0.05711389539749238,-0.00679726311486092,-0.0014587212367883889,Albufeira,7.214844006391614
-6.781585203013333,0.03554057516761322,-0.034963935480850465,-0.004075644605969792,0.0005186036344663669,hit albufeira,5.987564083629794
-6.437314661722459,-0.1272555261155559,-0.042556781052175995,-0.005009232816635276,-0.0001669031973883725,Camping,6.368369607078861
-6.437314661722459,-0.1272555261155559,-0.042556781052175995,-0.005009232816635276,-0.0001669031973883725,albufeira camping,6.368369607078861
-6.789543371610177,0.039303301953823144,-0.034779416830687734,-0.0040529482960669,0.000535362045109504,Park,5.978761591167075
-6.789543371610177,0.039303301953823144,-0.034779416830687734,-0.0040529482960669,0.000535362045109504,camping park,5.978761591167075
-6.1435014853362215,-0.2662187065933961,-0.048490397350072365,-0.005738338650095006,-0.0006970345525124499,park the,6.693375696155467
-7.143267294545739,0.20652271985585013,-0.0261180116782411,-0.0029871025702115145,0.001327315652333216,the south,5.587521221131108
-6.208192483539429,-0.23562032046673487,-0.04722359162730076,-0.005582711072375263,-0.0005842651088677564,Portugal,6.621815859067669
-8.355412376556545,0.7789328267020486,0.012749164745761238,0.0018077055780859833,0.0050097974516464736,south portugal,4.247097170287823
-8.473941587459016,0.8348213838031071,0.017611541070879463,0.0024089922524462137,0.005485514071083058,85-year-old,4.116062402642489
-8.285964424807414,0.7461772232968824,0.010010871849807298,0.0014692311844065713,0.004743385377482362,85-year-old british,4.323876671066961
-7.959303585747498,0.5920241621678883,-0.0018926522020663167,-9.353542903475787e-07,0.0035976624220494836,woman has,4.685059407645326
-7.627603654721491,0.43538390113362935,-0.012567862660660359,-0.0013177705208420164,0.0025871293865743304,died after,5.051863244380658
-7.071893619035383,0.1727859371464664,-0.027941683548418333,-0.0032115949693514046,0.0011597053269602631,extreme,5.6664628553489305
-7.071893619035383,0.1727859371464664,-0.027941683548418333,-0.0032115949693514046,0.0011597053269602631,after extrem+e,5.6664628553489305
-6.022046552864507,-0.3236685770711727,-0.05081179415493388,-0.006023476115188059,-0.0009031009631628312,extrem+e wind,6.827727816647268
-4.185821585348812,-1.1924922340155728,-0.0788389811189619,-0.009461597618930855,-0.003330768221219657,wind storm,8.85906650496498
-6.21661624512824,-0.23163601321239113,-0.04705703875758524,-0.005562248629623658,-0.0005694221387969002,storm struck,6.612497703330628
-7.227468340110483,0.24631950879148423,-0.023913428443457965,-0.002715664748564846,0.0015305498648160512,struck campsite,5.494393571369673
-7.829083933714435,0.5305412296113183,-0.006237411153170121,-0.0005370637398305145,0.0031844552724164775,campsite portugal,4.829055102262284
-8.14231438319309,0.6784033435279828,0.004587179095811952,0.0007991273488210868,0.004218861946944848,Two,4.482700873026836
-8.228270571769649,0.7189605066759761,0.007794745770927924,0.0011953770227270937,0.004528559151204295,two other+s,4.3876634642011485
-8.432270270058904,0.8151751439227377,0.015873984845007294,0.002194085960790449,0.005315127708532806,seriously,4.16212917431229
-8.432270270058904,0.8151751439227377,0.015873984845007294,0.002194085960790449,0.005315127708532806,were seriously,4.16212917431229
-8.560592577594416,0.8756642832584296,0.021327059483098987,0.002868682576655183,0.005851324399480783,seriously injured,4.020275730747688
-8.645069051628365,0.9154691442386595,0.025089713118608206,0.003334405378413065,0.006223817382753032,injured and,3.926898704242373
-8.682635079537773,0.9331655838726289,0.026809835596675297,0.0035473814762933785,0.006394792940347737,and three,3.885376673775027
-8.734157631567447,0.957431832469307,0.029218097017950972,0.0038456310221995967,0.006634896078761119,slightly,3.8284305211422858
-8.734157631567447,0.957431832469307,0.029218097017950972,0.0038456310221995967,0.006634896078761119,three slightly,3.8284305211422858
-8.560592577594416,0.8756642832584296,0.021327059483098987,0.002868682576655183,0.005851324399480783,slightly injured,4.020275730747688
-8.874053097310616,1.0232898882580428,0.03606122087704844,0.004693574498773039,0.007321822418521426,injured albufeira,3.6738223113436232
-9.064279457372571,1.1127594475956388,0.04615807858794055,0.005945957451059686,0.008348129260713941,+249,3.463626788899153
-9.064279457372571,1.1127594475956388,0.04615807858794055,0.005945957451059686,0.008348129260713941,south +249,3.463626788899153
-9.082730498882169,1.1214317601233015,0.04719090422564544,0.0060741519320748165,0.008453979798317307,+249 chars,3.44324142115305
-6.21661624512824,-0.23163601321239113,-0.04705703875758524,-0.005562248629623658,-0.0005694221387969002,Freak,6.612497703330628
5.7351659402796695,-5.888023546511426,-0.13925961979968254,-0.01686131703273029,-0.008134435823875992,freak storm,19.834991913512827
-7.077452170745326,0.17465808761939483,-0.046213778623823906,-0.001251094442729985,0.04702624289854485,houses,5.6606006112138605
-7.077452170745326,0.17465808761939483,-0.046213778623823906,-0.001251094442729985,0.04702624289854485,damages house+s,5.6606006112138605
-3.8510277575140766,-1.3512644777865503,-0.09241198323888185,-0.008989958532316338,0.01962443163217272,Sendayan,9.229572515668869
-7.678849189397083,0.4594244731712682,-0.020793178474384305,-6.084036205527936e-05,0.027462805466477565,house+s sendayan,4.995242547649443
-4.9847476910314175,-0.8144282985700073,-0.06805213212815607,-0.008139287922087804,-0.0024097558645435366,SEREMBAN,7.975225598501347
-7.421325985953185,0.33792984607962184,-0.018605162127230353,-0.0020618357555455703,0.0020226678636915824,sendayan seremban,5.27999071784519
-2.784951206538379,-1.8554878805217214,-0.09406586066815889,-0.01132656253898018,-0.004601369680815686,freak,10.408872603355594
-2.784951206538379,-1.8554878805217214,-0.09406586066815889,-0.01132656253898018,-0.004601369680815686,seremban freak,10.408872603355594
-2.784951206538379,-1.8554878805217214,-0.09406586066815889,-0.01132656253898018,-0.004601369680815686,storm wreaked,10.408872603355594
-4.494258420722343,-1.0465294748672864,-0.0748885152527182,-0.008977451432128344,-0.0029954364735366346,wreaked havoc,8.517844206702154
-3.903950831196301,-1.3258879721491463,-0.08223954984858867,-0.009878245157114548,-0.003617573088075313,Taman,9.170901394540499
-5.443161648126013,-0.5975274207548784,-0.06095373291705136,-0.007268517718067328,-0.0017945158623995632,havoc taman,7.468102144143195
-4.197524756857239,-1.1869537865483988,-0.07869359466987495,-0.009443782299296336,-0.0033184679949670756,Nusari,8.846119282392799
-4.197524756857239,-1.1869537865483988,-0.07869359466987495,-0.009443782299296336,-0.0033184679949670756,taman nusari,8.846119282392799
-4.39452405944073,-1.093726462117108,-0.07619349906303809,-0.00913739784765891,-0.003106462646296483,Bayu,8.628179536892928
-4.39452405944073,-1.093726462117108,-0.07619349906303809,-0.00913739784765891,-0.003106462646296483,nusari bayu,8.628179536892928
-5.953855457322766,-0.3560582541191475,-0.05878901842148769,-0.005479455087092517,0.015599575247127292,bayu sendayan,6.903204011086548
-6.781585203013333,0.03554057516761322,-0.034963935480850465,-0.004075644605969792,0.0005186036344663669,damaging,5.987564083629794
-6.781585203013333,0.03554057516761322,-0.034963935480850465,-0.004075644605969792,0.0005186036344663669,sendayan damaging,5.987564083629794
-6.850131630974163,0.06794945061281288,-0.03336039124320499,-0.0038783903965710466,0.0006643988106464285,damaging several,5.911745565727079
-6.794995100957681,0.041880937807649676,-0.034652764511633335,-0.00403736946837474,0.0005468676311501108,several homes,5.972731465500594
-7.421325985953185,0.33792984607962184,-0.018605162127230353,-0.0020618357555455703,0.0020226678636915824,story seremban,5.27999071784519
-8.691604165820143,0.9373902748523486,0.027224937632711194,0.0035987835235823315,0.006436117831369943,Muhammad,3.8754632622768623
-8.765701741502747,0.9722857263659106,0.030721436223639875,0.004031853758607502,0.006785210914718535,Sallehin,3.7935671460019136
-8.765701741502747,0.9722857263659106,0.030721436223639875,0.004031853758607502,0.006785210914718535,muhammad sallehin,3.7935671460019136
-8.691604165820143,0.9373902748523486,0.027224937632711194,0.0035987835235823315,0.006436117831369943,Mohd,3.8754632622768623
-8.691604165820143,0.9373902748523486,0.027224937632711194,0.0035987835235823315,0.006436117831369943,sallehin mohd,3.8754632622768623
-8.645069051628365,0.9154691442386595,0.025089713118608206,0.003334405378413065,0.006223817382753032,Din,3.926898704242373
-8.645069051628365,0.9154691442386595,0.025089713118608206,0.003334405378413065,0.006223817382753032,mohd din,3.926898704242373
-8.54902083455344,0.8702107074487773,0.020822637280872164,0.00280626307162659,0.005801544376907095,din who,4.033067150925621
-8.500113036163704,0.8471586422191781,0.01871892383209861,0.00254597903692127,0.00559433224805609,who has,4.087131067224956
-8.446500262633714,0.8218842900894612,0.016463828933612534,0.0022670349098472455,0.005372919596871627,lived,4.1463980731189665
-8.446500262633714,0.8218842900894612,0.016463828933612534,0.0022670349098472455,0.005372919596871627,has lived,4.1463980731189665
-8.304075367882625,0.7547200257877618,0.01071740471192531,0.0015565541617925446,0.004812022295796227,lived taman,4.303853480771124
-7.792692876914949,0.513356522565116,-0.007414859754855452,-0.0006823134309226269,0.0030729301256002487,bayu since,4.869297244975625
-7.53064715574482,0.3895812328700097,-0.015458353418504829,-0.0016740671633689403,0.0023162484052994085,2011,5.1590881566106
-7.53064715574482,0.3895812328700097,-0.015458353418504829,-0.0016740671633689403,0.0023162484052994085,since 2011,5.1590881566106
-7.152784890969882,0.21102129552302795,-0.025871743137001267,-0.0029567839476811247,0.0013499850397721575,described,5.576994531384356
-7.152784890969882,0.21102129552302795,-0.025871743137001267,-0.0029567839476811247,0.0013499850397721575,2011 described,5.576994531384356
-5.793739386767405,-0.43166918346004524,-0.05498535565937663,-0.006535964451914325,-0.001271683827724958,described the,7.08028256798607
-6.983866526815129,0.1311742241937952,-0.030136246132165687,-0.0034816889272804566,0.000958617645081406,+1281,5.763825201775101
-6.983866526815129,0.1311742241937952,-0.030136246132165687,-0.0034816889272804566,0.000958617645081406,storm +1281,5.763825201775101
-7.421325985953185,0.33792984607962184,-0.018605162127230353,-0.0020618357555455703,0.0020226678636915824,+1281 char+s,5.27999071784519
-8.473941587459016,0.8348213838031071,0.017611541070879463,0.0024089922524462137,0.005485514071083058,LIST,4.116062402642489
-8.387364309810454,0.7940008389883226,0.014035910757773606,0.0019667936269970147,0.005135357330599917,Road,4.211773155962554
-8.387364309810454,0.7940008389883226,0.014035910757773606,0.0019667936269970147,0.005135357330599917,list road,4.211773155962554
-6.600444917438191,-0.05011095002250254,-0.039051098739622314,-0.004578272199668406,0.00014860762134273186,closures,6.187925286319556
-6.600444917438191,-0.05011095002250254,-0.039051098739622314,-0.004578272199668406,0.00014860762134273186,road closures,6.187925286319556
-8.118960986054253,0.667382847332751,0.003734471601218037,0.0006938111355531962,0.00413677679996567,closures across,4.508522237633047
-5.912709319232771,-0.3753892532248919,-0.05284053399010983,-0.006272617191159477,-0.0010825715849903331,across san,6.948676722188281
1.435177015998649,-3.8529094315973236,-0.1231554732791462,-0.014886938102397402,-0.00692309033302373,Diego,15.077765093402073
2.4911519945981997,-4.352700550211364,-0.12800877446202225,-0.015481300326170035,-0.007294837522487493,san diego,16.246031678256585
-2.994703975293726,-1.7562132734383225,-0.09203086323035559,-0.01107741202340336,-0.004433621108948345,diego county,10.176817424348728
-7.071893619035383,0.1727859371464664,-0.027941683548418333,-0.0032115949693514046,0.0011597053269602631,county amid,5.6664628553489305
-0.40053600849228665,-2.984051543868879,-0.1127779460465986,-0.013616750844773068,-0.006112121609767703,Pacific,13.046839776502317
-6.5329792021896695,-0.08201462831280049,-0.04052030629251879,-0.004758902478622165,1.617154585360943e-05,amid pacific,6.2625511182941676
5.7351659402796695,-5.888023546511426,-0.13925961979968254,-0.01686131703273029,-0.008134435823875992,pacific storm,19.834991913512827
-6.21661624512824,-0.23163601321239113,-0.04705703875758524,-0.005562248629623658,-0.0005694221387969002,Heavy,6.612497703330628
-6.21661624512824,-0.23163601321239113,-0.04705703875758524,-0.005562248629623658,-0.0005694221387969002,storm heavy,6.612497703330628
-5.533638320275086,-0.5547211144400475,-0.0594613084193408,-0.007085374310589652,-0.001664250697425461,and flooding,7.368013273563983
-7.361150124567889,0.30949514626783303,-0.02028899180398043,-0.0022692750398402815,0.0018661403434058485,flooding du+e,5.346543014426315
-6.5329792021896695,-0.08201462831280049,-0.04052030629251879,-0.004758902478622165,1.617154585360943e-05,du+e pacific,6.2625511182941676
-6.431631477630936,-0.1521688023635397,0.09739450417547173,0.25981751607610365,-0.10323531478524825,has caused,6.384423069616105
-7.227269130717686,0.24095878892437783,0.042931708508050656,0.12106069407666946,-0.0462855471607682,caused road,5.49699186565758
-7.928828663498409,0.577636927704793,-0.0029283788904383157,-0.00012876347327563445,0.0034989193181899185,closures san,4.718757645723907
-7.361150124567889,0.30949514626783303,-0.02028899180398043,-0.0022692750398402815,0.0018661403434058485,county and,5.346543014426315
-8.438610877874531,0.8175116739395007,0.03110176298859521,0.02950944001707753,-0.005145068722560452,drivers,4.155427132603769
-8.438610877874531,0.8175116739395007,0.03110176298859521,0.02950944001707753,-0.005145068722560452,and drivers,4.155427132603769
-8.542702622064393,0.8666821896785815,0.03320774866761915,0.02582992198123623,-0.0030850011839251676,drivers are,4.040310742061758
-8.588163257124648,0.8881458789098373,0.03427038998199419,0.02437679048046531,-0.002234391171294353,advised,3.990040160621285
-8.588163257124648,0.8881458789098373,0.03427038998199419,0.02437679048046531,-0.002234391171294353,are advised,3.990040160621285
-6.73946756622194,0.002821356877167336,0.07100328558291792,0.19603834363139527,-0.07722222084257968,advised us+e,6.039827115192394
-8.730025542699488,0.9550828344830338,0.03814583218173165,0.020411238083517608,0.000244049650891821,caution,3.833187051581184
-8.730025542699488,0.9550828344830338,0.03814583218173165,0.020411238083517608,0.000244049650891821,us+e caution,3.833187051581184
-7.361150124567889,0.30949514626783303,-0.02028899180398043,-0.0022692750398402815,0.0018661403434058485,caution and,5.346543014426315
-8.853540894548875,1.0133499433496185,0.04146837410143671,0.01626178972390123,0.002727395430518177,avoid flooded,3.696625089823904
-8.809391287819267,0.9928550732078512,0.03284109765842695,0.004294478002285922,0.006997716657085328,flooded road+s,3.74528199188313
-8.758008623433497,0.9686632975898872,0.030352730640280656,0.003986178145730315,0.006748314222181626,SAN,3.802069689541356
-8.725937843076332,0.9535608324539615,0.02883000246245916,0.0037975620250276683,0.0065961455709105145,DIEGO,3.8375154077705504
-8.664200556269979,0.9244818865712732,0.025962028092991904,0.00344240528404699,0.006310469067795121,FOX,3.9057523395496063
-8.664200556269979,0.9244818865712732,0.025962028092991904,0.00344240528404699,0.006310469067795121,diego fox,3.9057523395496063
-8.625194942290312,0.906105796601643,0.024191560266480408,0.00322321797224155,0.006134715195925233,5/KUSI,3.9488662263398218
-8.625194942290312,0.906105796601643,0.024191560266480408,0.00322321797224155,0.006134715195925233,fox 5/kusi,3.9488662263398218
-8.537196694161937,0.8646379336339167,0.020309876157248122,0.002742815388613682,0.0057509792271651095,5/kusi some,4.046137682388853
-8.473941587459016,0.8348213838031071,0.017611541070879463,0.0024089922524462137,0.005485514071083058,some roadways,4.116062402642489
-8.338775856716651,0.7710867210469128,0.012085984078287468,0.001725721665791529,0.004945177337728205,roadways are,4.2654897098658715
-8.267312251839886,0.7373786598647243,0.009288696523158654,0.0013799820678727318,0.004673302468379586,are closed,4.34449844737353
-8.118960986054253,0.667382847332751,0.003734471601218037,0.0006938111355531962,0.00413677679996567,closed across,4.508522237633047
-6.5329792021896695,-0.08201462831280049,-0.04052030629251879,-0.004758902478622165,1.617154585360943e-05,county pacific,6.2625511182941676
-8.186701100407248,0.6993477003992188,0.006229766768711134,0.001002028218151237,0.004377274700060559,flooding certain,4.433624212255541
-8.63522783684793,0.910832720596862,0.02464395370342605,0.003279220856767618,0.00617958064277333,comes flood,3.937776486839166
-8.691604165820143,0.9373902748523486,0.027224937632711194,0.0035987835235823315,0.006436117831369943,flood watch,3.8754632622768623
-8.742240169530103,0.9612380519674757,0.02960117240087605,0.003893080495525362,0.0066731671577248425,remains,3.819497394604099
-8.742240169530103,0.9612380519674757,0.02960117240087605,0.003893080495525362,0.0066731671577248425,watch remains,3.819497394604099
-8.82308479959367,0.9993011491889134,0.033514635031240886,0.004377942466608206,0.007065380997442675,remains effect,3.7301485034834934
-8.914277441843245,1.0422171851831683,0.03811638115973226,0.004948367354098669,0.007529481287419246,regio…,3.6293715948363943
-8.914277441843245,1.0422171851831683,0.03811638115973226,0.004948367354098669,0.007529481287419246,the regio…,3.6293715948363943
-8.956038595811178,1.0618630036115546,0.0402940034529361,0.005218410939534509,0.007750203163146754,+1655,3.583224655164165
-8.956038595811178,1.0618630036115546,0.0402940034529361,0.005218410939534509,0.007750203163146754,regio… +1655,3.583224655164165
-8.984815956997416,1.0753979616344647,0.04182146042088895,0.005407870592988733,0.007905449524302773,+1655 char+s,3.5514263498581062
-6.8078590552978255,0.04796310902646583,-0.03435311136170026,-0.004000509956105192,0.0005740981279024702,dead after,5.958502741792275
-6.789675283118174,0.03936567125321133,-0.03477635470211831,-0.0040525716422178,0.0005356401944909429,wooden,5.978615684566188
-9.136260926642894,1.1465855426594884,0.050245052873645,0.006453327621528325,0.008767939570040392,after wooden,3.384101971431883
-9.11380089998524,1.1360328389454142,0.048953005063016405,0.006292901331388521,0.008634946069397098,boat,3.4089148721930567
-9.11380089998524,1.1360328389454142,0.048953005063016405,0.006292901331388521,0.008634946069397098,wooden boat,3.4089148721930567
-6.650854728780174,-0.026273737103574835,-0.03793490351142577,-0.004441025554372089,0.0002494228882977583,believed,6.132165936804974
-9.096863345516034,1.1280736865654877,0.04798882780885544,0.0061732013496279305,0.008535867229724667,boat believed,3.4276272867130646
-6.282621259454767,-0.20041727446360325,-0.04573902165515831,-0.0054003077863727985,-0.0004518258929755402,ferrying,6.539484878319476
-9.040887344249926,1.1017631686314084,0.044862920058706623,0.005785224860558455,0.008215622115274534,believed ferrying,3.489471930399925
-6.049477618281298,-0.3106930227535165,-0.05029385541023967,-0.0059598628772021996,-0.0008571896905362145,migrants,6.797383739614283
-6.049477618281298,-0.3106930227535165,-0.05029385541023967,-0.0059598628772021996,-0.0008571896905362145,ferrying migrant+s,6.797383739614283
-8.960977102987597,1.0641859179848927,0.04055455271919828,0.005250725970636402,0.007776659837443469,migrant+s into,3.577767645943955
-8.897493542062538,1.0343201511735964,0.0372538829076529,0.004841429704078136,0.00744225540870703,capsizes,3.647918747776874
-8.897493542062538,1.0343201511735964,0.0372538829076529,0.004841429704078136,0.00744225540870703,the capsizes,3.647918747776874
-8.842882685087389,1.0086199898658852,0.03449633124979981,0.004499605759298218,0.0071641237864190545,capsizes off,3.708269079733725
-8.816289194156663,0.9961022460452744,0.03317982737800172,0.00433645241400462,0.007031737434696516,off san,3.737658693210592
-9.136260926642894,1.1465855426594884,0.050245052873645,0.006453327621528325,0.008767939570040392,diego wood+en,3.384101971431883
-7.262726916782927,0.26298303756279395,-0.022972608707926598,-0.002599808327265871,0.0016174863568139825,skiff,5.45539754376224
-8.664200556269979,0.9244818865712732,0.025962028092991904,0.00344240528404699,0.006310469067795121,wood+en skiff,3.9057523395496063
-7.602653248971607,0.42359785907877656,-0.013320946745112076,-0.0014106099960414682,0.002516442408764377,skiff believed,5.07945579275574
-6.887567039519165,0.08564821796698885,-0.03247084158169641,-0.0037689521766836034,0.0007454307455921419,believed have,5.870338987814699
-7.268909954374517,0.26590512972212954,-0.02280652547215884,-0.0025793549912106724,0.0016328460260404886,been ferrying,5.448559128290072
-5.793739386767405,-0.43166918346004524,-0.05498535565937663,-0.006535964451914325,-0.001271683827724958,migrant+s toward,7.08028256798607
-6.489408829241028,-0.10261924242613141,-0.04145451396801368,-0.004873744475520449,-6.788322659052708e-05,toward the,6.310745947034223
-4.185821585348812,-1.1924922340155728,-0.0788389811189619,-0.009461597618930855,-0.003330768221219657,capsized,8.85906650496498
0.9302208159929481,-3.6139114918092954,-0.12056967274159064,-0.014570379396980939,-0.0067229898440958604,capsized stormy,14.519111439905497
-3.0926548681029864,-1.709854120802575,-0.09105392012309854,-0.010957793112010939,-0.004352859837373501,stormy seas,10.068451901022943
-4.185821585348812,-1.1924922340155728,-0.0788389811189619,-0.009461597618930855,-0.003330768221219657,seas near,8.85906650496498
-4.8748154356673,-0.866446751500745,-0.06964812306421764,-0.00833500134868376,-0.002547091496363194,near san,8.096840563738967
-5.793739386767405,-0.43166918346004524,-0.05498535565937663,-0.006535964451914325,-0.001271683827724958,diego leaving,7.08028256798607
-6.345112040497417,-0.1708616933304481,-0.044469540113747964,-0.005244311496690461,-0.00033833141487319557,leaving leas+t,6.470359871180962
-6.912489139285072,0.09743061618393067,-0.031873114210616955,-0.0036954104192414928,0.0007999411987224033,people dead,5.842773280396489
-6.567205893314068,-0.06582908436854229,-0.03977842907396306,-0.004667696304989687,8.300778963545637e-05,and four,6.2246918757854175
-8.625194942290312,0.906105796601643,0.024191560266480408,0.00322321797224155,0.006134715195925233,four ...,3.9488662263398218
-8.682635079537773,0.9331655838726289,0.026809835596675297,0.0035473814762933785,0.006394792940347737,... wooden,3.885376673775027
-8.664200556269979,0.9244818865712732,0.025962028092991904,0.00344240528404699,0.006310469067795121,wooden skiff,3.9057523395496063
-8.63522783684793,0.910832720596862,0.02464395370342605,0.003279220856767618,0.00617958064277333,hospitalized,3.937776486839166
-8.63522783684793,0.910832720596862,0.02464395370342605,0.003279220856767618,0.00617958064277333,four hospitalized,3.937776486839166
-8.758008623433497,0.9686632975898872,0.030352730640280656,0.003986178145730315,0.006748314222181626,hospitalized the,3.802069689541356
-8.829780634835116,1.0024529780194922,0.0338456024122412,0.0044189582402232655,0.007098654996985103,Guard,3.722748624046855
-8.829780634835116,1.0024529780194922,0.0338456024122412,0.0044189582402232655,0.007098654996985103,coast guard,3.722748624046855
-8.867991664202805,1.020437356147013,0.03575504139752403,0.004655620584160691,0.007290939126539844,guard said,3.680520782276677
-8.897493542062538,1.0343201511735964,0.0372538829076529,0.004841429704078136,0.00744225540870703,said saturday,3.647918747776874
-8.965857190526833,1.066481285451,0.04081265901880604,0.0052827390050547325,0.007802878502701378,+2550,3.5723752203454993
-8.993973370324287,1.0797044954024815,0.042312224194485035,0.005468750352684338,0.0079554038769491,+2550 chars,3.5413078491922203
-5.948064049568285,-0.35866485747833865,-0.0521906905921236,-0.0061928176024849055,-0.0010251465222743481,Treasury,6.909567176851225
-5.87946476966512,-0.39111565799961,-0.05344632337453718,-0.006347002832703152,-0.0011360503900844253,treasury secretary,6.985452081695905
-5.7303902507338815,-0.4616381733151602,-0.05610181127811366,-0.006673026183210136,-0.0013698676797867758,Bessent,7.150360573070201
-7.6721533272054065,0.4564270764124094,-0.01120681862961298,-0.0011499635050530406,0.002715082014899218,secretary bessent,5.002596471135705
-7.227468340110483,0.24631950879148423,-0.023913428443457965,-0.002715664748564846,0.0015305498648160512,bessent sei+ns,5.494393571369673
-6.6641463357447,-0.019988693815967906,-0.03763791766871212,-0.004404505866058367,0.00027627588132775327,'perfect,6.117463876386458
-6.6641463357447,-0.019988693815967906,-0.03763791766871212,-0.004404505866058367,0.00027627588132775327,sei+ns 'perfect,6.117463876386458
-4.185821585348812,-1.1924922340155728,-0.0788389811189619,-0.009461597618930855,-0.003330768221219657,'perfect storm,8.85906650496498
-6.385120571403944,-0.15193983476369732,-0.04364545485031125,-0.005143036374649919,-0.0002645363470241517,brewing,6.426104156099273
-6.385120571403944,-0.15193983476369732,-0.04364545485031125,-0.005143036374649919,-0.0002645363470241517,storm brewing,6.426104156099273
-7.421325985953185,0.33792984607962184,-0.018605162127230353,-0.0020618357555455703,0.0020226678636915824,brewing trump,5.27999071784519
-7.714391215210024,0.4763768730200315,-0.009896571595698948,-0.00098839641601266,0.002838503280814409,eyes,4.955886901105037
-7.714391215210024,0.4763768730200315,-0.009896571595698948,-0.00098839641601266,0.002838503280814409,trump eyes,4.955886901105037
-6.587447675658389,-0.05625706943678699,-0.03933631370112098,-0.004613339671897041,0.00012287458973235608,"2,000",6.202301869923449
-7.928828663498409,0.577636927704793,-0.0029283788904383157,-0.00012876347327563445,0.0034989193181899185,"eyes 2,000",4.718757645723907
-8.094771942514079,0.6559673446619048,0.002859455410995332,0.0005857499616867545,0.0040526511186454815,payments,4.535267859021197
-8.094771942514079,0.6559673446619048,0.002859455410995332,0.0005857499616867545,0.0040526511186454815,"2,000 payment+s",4.535267859021197
-8.285964424807414,0.7461772232968824,0.010010871849807298,0.0014692311844065713,0.004743385377482362,payment+s u.s,4.323876671066961
-7.925619342823774,0.5761217523439752,-0.0030367645910083785,-0.00014213946939198134,0.0034885948620109047,Scott,4.722306438316258
-7.925619342823774,0.5761217523439752,-0.0030367645910083785,-0.00014213946939198134,0.0034885948620109047,secretary scott,4.722306438316258
-7.987624555364555,0.6053936882444269,-0.0009194114460500113,0.0001191940064802343,0.0036905858033359096,scott bessent,4.653743318651583
-8.061129771419257,0.640089545914766,0.0016561166295746416,0.00043715926188659347,0.003937136687741729,bessent revealed,4.5724662184575635
-8.133766149196727,0.6743694956126312,0.004274145126133264,0.0007604639863146839,0.004188716040666325,revealed more,4.492152443817927
-8.170336049390546,0.6916259498246589,0.0056207810278882525,0.0009267988450045572,0.00431849887921165,details,4.451718285225529
-8.170336049390546,0.6916259498246589,0.0056207810278882525,0.0009267988450045572,0.00431849887921165,more detail+s,4.451718285225529
-8.224148654858405,0.7170158513021014,0.007638394383537486,0.0011760587234762032,0.004513429214039183,detail+s about,4.3922207642123725
-8.28455727502785,0.7455134619972674,0.009956197018244892,0.0014624740116287518,0.004738076900612847,how the,4.325432403481477
-8.423623759958758,0.8110983372420353,0.01551733181848386,0.002149979288520813,0.005280207762404678,fighting,4.171687867081988
-8.423623759958758,0.8110983372420353,0.01551733181848386,0.002149979288520813,0.005280207762404678,administration fighting,4.171687867081988
-8.461216971393952,0.828822571098996,0.017077653908503188,0.002342954908708759,0.00543311429861402,fighting for,4.130129066082359
-8.477042351148128,0.8362831479038468,0.01774208602849839,0.0024251401774025502,0.005498333008535311,for everyday,4.112634623898573
-8.510867368013063,0.8522279145448053,0.019177642306663814,0.0026027290715216773,0.005639460618321145,affordability,4.075242797418162
-8.510867368013063,0.8522279145448053,0.019177642306663814,0.0026027290715216773,0.005639460618321145,everyday affordability,4.075242797418162
-8.559151885460645,0.8749853214435956,0.021264117193607268,0.0028608936123040354,0.005845110784346118,affordability and,4.021868267854778
-9.193527454002828,1.1734836832357065,0.05361111448514966,0.006871391668107019,0.009115618520989398,and what,3.3208399385671616
-8.28455727502785,0.7455134619972674,0.009956197018244892,0.0014624740116287518,0.004738076900612847,next the,4.325432403481477
-8.628422808281183,0.9076266031820399,0.024336883356380665,0.0032412075505102948,0.00614912414275731,plan,3.94529833383777
-8.628422808281183,0.9076266031820399,0.024336883356380665,0.0032412075505102948,0.00614912414275731,the plan,3.94529833383777
-8.650465950676843,0.9180116666510161,0.025335016712128344,0.003364774911450239,0.006248173454882612,deliver,3.9209333903159225
-8.650465950676843,0.9180116666510161,0.025335016712128344,0.003364774911450239,0.006248173454882612,plan deliver,3.9209333903159225
-8.674049242546973,0.9291212582640169,0.02641407664990497,0.0034983770006474825,0.006355417224890447,"deliver 2,000",3.8948665546958834
-8.689112035911403,0.9362164286047046,0.027109425690911543,0.0035844794401862883,0.0064246156693468295,paychecks,3.8782177727302924
-8.689112035911403,0.9362164286047046,0.027109425690911543,0.0035844794401862883,0.0064246156693468295,"2,000 paycheck+s",3.8782177727302924
-9.313505758801673,1.2297960618532482,0.061018501698867814,0.007791998722058593,0.009886895205287002,working,3.18831899077625
-9.313505758801673,1.2297960618532482,0.061018501698867814,0.007791998722058593,0.009886895205287002,paycheck+s working,3.18831899077625
-9.327657306532537,1.2364341282729387,0.06192585430775634,0.007904824819897719,0.009981959357181058,working american+s,3.1726898155563648
-9.361853234583068,1.2524706335832196,0.06414929334500859,0.008181355726218366,0.010215457886043906,exclusive,3.134925011107582
-9.361853234583068,1.2524706335832196,0.06414929334500859,0.008181355726218366,0.010215457886043906,during exclusiv+e,3.134925011107582
-9.376807214656974,1.2594817162286498,0.06513563255542544,0.008304052199660518,0.010319289536196631,interview,3.1184111173107087
-9.376807214656974,1.2594817162286498,0.06513563255542544,0.008304052199660518,0.010319289536196631,exclusiv+e interview,3.1184111173107087
-9.396483656782904,1.2687052433808403,0.06644675231450596,0.008467173555853412,0.01045754883889844,interview sunday,3.0966828740529815
-9.405817681844937,1.2730799898316305,0.06707407567702274,0.008545230743240121,0.010523797234556927,Mornin…,3.086375821560728
-9.405817681844937,1.2730799898316305,0.06707407567702274,0.008545230743240121,0.010523797234556927,sunday mornin…,3.086375821560728
-9.416105294175798,1.2779011625494476,0.06776953580348079,0.008631773331363888,0.01059731421204686,mornin… u.s,3.075016000332366
-9.548499351729811,1.3398949776398628,0.07711843701467226,0.009795885693429702,0.011593095902318006,whats,2.9288460507547525
-9.548499351729811,1.3398949776398628,0.07711843701467226,0.009795885693429702,0.011593095902318006,and whats,2.9288460507547525
-9.55287149770281,1.341940508977882,0.0774404460474415,0.009836006563734434,0.011627645113398432,whats next,2.9240197415661067
-9.585037597243808,1.356985889928263,0.07983713216256651,0.01013467499017725,0.011885321843066468,working…,2.8885139749457944
-9.585037597243808,1.356985889928263,0.07983713216256651,0.01013467499017725,0.011885321843066468,paycheck+s working…,2.8885139749457944
-9.591175096968835,1.359855890845632,0.08030004987492871,0.010192373140253614,0.011935199767174158,+147,2.881739578961819
-9.591175096968835,1.359855890845632,0.08030004987492871,0.010192373140253614,0.011935199767174158,working… +147,2.881739578961819
-9.594178285388889,1.3612601436789997,0.08052722904576327,0.010220690054520138,0.011959690414990985,+147 char+s,2.8784247855739453
-8.285964424807414,0.7461772232968824,0.010010871849807298,0.0014692311844065713,0.004743385377482362,Child,4.323876671066961
-8.164879785188976,0.6890513719522318,0.005418620261939705,0.0009018266002088771,0.00429899911269266,child among,4.457751054588845
-6.073503588547889,-0.2993282920356459,-0.049837191983530635,-0.005903772981868748,-0.0008166788930726952,six,6.77080642025164
-8.016648977654057,0.6190944460946379,8.891676677143245e-05,0.00024366779758570878,0.0037869999399613545,among six,4.621649766577901
-7.897035202069215,0.5626262554438695,-0.003996412510400185,-0.000260563771099339,0.0033972540139853326,six dead,4.753914316768245
-7.421325985953185,0.33792984607962184,-0.018605162127230353,-0.0020618357555455703,0.0020226678636915824,after atmospheric,5.27999071784519
-6.21661624512824,-0.23163601321239113,-0.04705703875758524,-0.005562248629623658,-0.0005694221387969002,drenches,6.612497703330628
-6.21661624512824,-0.23163601321239113,-0.04705703875758524,-0.005562248629623658,-0.0005694221387969002,storm drenches,6.612497703330628
-7.227468340110483,0.24631950879148423,-0.023913428443457965,-0.002715664748564846,0.0015305498648160512,drenches california,5.494393571369673
-7.361150124567889,0.30949514626783303,-0.02028899180398043,-0.0022692750398402815,0.0018661403434058485,Lingering,5.346543014426315
-7.361150124567889,0.30949514626783303,-0.02028899180398043,-0.0022692750398402815,0.0018661403434058485,california lingering,5.346543014426315
-6.385120571403944,-0.15193983476369732,-0.04364545485031125,-0.005143036374649919,-0.0002645363470241517,lingering thunderstorms,6.426104156099273
-6.385120571403944,-0.15193983476369732,-0.04364545485031125,-0.005143036374649919,-0.0002645363470241517,pose,6.426104156099273
-6.385120571403944,-0.15193983476369732,-0.04364545485031125,-0.005143036374649919,-0.0002645363470241517,thunderstorms pose,6.426104156099273
-6.983866526815129,0.1311742241937952,-0.030136246132165687,-0.0034816889272804566,0.000958617645081406,pose risk,5.763825201775101
-7.53064715574482,0.3895812328700097,-0.015458353418504829,-0.0016740671633689403,0.0023162484052994085,risk mudslides,5.1590881566106
-8.016648977654057,0.6190944460946379,8.891676677143245e-05,0.00024366779758570878,0.0037869999399613545,mudslides area+s,4.621649766577901
-8.164879785188976,0.6890513719522318,0.005418620261939705,0.0009018266002088771,0.00429899911269266,area+s around,4.457751054588845
-8.304075367882625,0.7547200257877618,0.01071740471192531,0.0015565541617925446,0.004812022295796227,around los,4.303853480771124
-8.487179789289799,0.8410620343968025,0.01817010906768536,0.002478086725618797,0.005540380231575085,recently,4.101428113727852
-8.487179789289799,0.8410620343968025,0.01817010906768536,0.002478086725618797,0.005540380231575085,angeles recently,4.101428113727852
-8.593880825393816,0.8913511356152333,0.02279270332156813,0.0030500686557798553,0.005996174348257813,ravaged,3.983479468109561
-8.593880825393816,0.8913511356152333,0.02279270332156813,0.0030500686557798553,0.005996174348257813,recently ravaged,3.983479468109561
-8.70041439359228,0.9415399755383347,0.02763436765522463,0.0036494856473441688,0.006476902794247846,ravaged wildfires,3.86572550816521
-8.795277988706722,0.986210919076387,0.03215153183617929,0.0042090341803542285,0.006928511658626027,wildfires powerful,3.7608796204660413
-7.421325985953185,0.33792984607962184,-0.018605162127230353,-0.0020618357555455703,0.0020226678636915824,powerful atmospheric,5.27999071784519
-8.933923297017621,1.0514448162063574,0.030868387884582627,0.006027585271805514,0.029127296615492078,river weather,3.607651938457369
-8.959490636338254,1.0633132611578062,0.02748977324434604,0.006731770378593795,0.0414651210586283,weather system,3.579458060218231
-8.978538842506271,1.0720255421457185,0.02409144784270023,0.007354985147824483,0.05291407724308259,system has,3.5585068107422324
-8.988059084379389,1.0763069135482066,0.021929015353337994,0.00771745973099402,0.059814292134032325,has mostly,3.5480657079881666
-9.002303665846814,1.0825432838123115,0.01768066080544338,0.008369542894053146,0.07269247825559377,moved,3.5325137609247412
-9.002303665846814,1.0825432838123115,0.01768066080544338,0.008369542894053146,0.07269247825559377,mostly moved,3.5325137609247412
-9.011958924894204,1.086534251683808,0.013469162661231021,0.00895418711605049,0.08476115634009906,moved through,3.5220706272958497
-7.227468340110483,0.24631950879148423,-0.023913428443457965,-0.002715664748564846,0.0015305498648160512,through california,5.494393571369673
-9.02352961301246,1.0885980630491041,-0.005287170728496472,0.01109617844259952,0.1332941753927595,california but,3.5106905542642184
-9.020982055084227,1.086125414564154,-0.010894750895634554,0.011641824380053968,0.14673371245972908,but not,3.514039395866682
-9.015869225271697,1.082090664823944,-0.017436186401972587,0.012241449432484978,0.16199453264255081,not before,3.5203732220892148
-8.998341537780497,1.0696498121029188,-0.032108431558815015,0.013474371882388899,0.19495798146896406,before causing,3.5415076402810812
-8.016648977654057,0.6190944460946379,8.891676677143245e-05,0.00024366779758570878,0.0037869999399613545,leas+t six,4.621649766577901
-8.637207475728513,0.814735017028231,-0.1883171604144811,0.02219219224874385,0.4960251633501509,six deaths,3.9766454870096437
-8.981164298552073,1.0470468870797152,-0.06817897937518533,0.01662100536691872,0.2772887074954521,dousing,3.566627049162406
-8.981164298552073,1.0470468870797152,-0.06817897937518533,0.01662100536691872,0.2772887074954521,and dousing,3.566627049162406
-9.066579631689697,1.097880233583949,-0.03907156532912001,0.0150080659288428,0.2213043445775956,dousing much,3.467736981216146
-9.144909954496153,1.1415738830616187,-0.014386322685181446,0.0136269465272364,0.17367002258428074,the state,3.3782954506253837
-9.182416807429245,1.1615694168925241,-0.00355925053757869,0.01304027763190435,0.1529911150758857,Among,3.3358622666999946
-9.20616769466504,1.173956662041332,0.002910178429949173,0.01270253883016331,0.14077904436162025,among the,3.309108518206568
-9.220466956329552,1.181321081931155,0.006654336844202274,0.012513182295853216,0.13378012385348706,the dead,3.2930409844292705
-9.255056870184786,1.1988760870275856,0.015236615084352534,0.012101364784980898,0.11798768224125306,seven-year-old,3.254283626202768
-9.255056870184786,1.1988760870275856,0.015236615084352534,0.012101364784980898,0.11798768224125306,dead seven-year-old,3.254283626202768
-9.294278467075399,1.2184018570421717,0.02416663884310971,0.01171656841863566,0.10204797667631718,girl,3.2104973646472246
-9.294278467075399,1.2184018570421717,0.02416663884310971,0.01171656841863566,0.10204797667631718,seven-year-old girl,3.2104973646472246
-9.305865406780782,1.2241052396489152,0.026647765180935992,0.011619737512613566,0.09773293795235413,who…,3.197589381179455
-9.305865406780782,1.2241052396489152,0.026647765180935992,0.011619737512613566,0.09773293795235413,girl who…,3.197589381179455
-9.318987140631435,1.230533042551764,0.029374763041651,0.011519253084025053,0.09305730096866854,+2466,3.1829847253162056
-9.318987140631435,1.230533042551764,0.029374763041651,0.011519253084025053,0.09305730096866854,who… +2466,3.1829847253162056
-9.331357777879973,1.2365651958031032,0.03186763226810989,0.011433325061938312,0.08884996307566487,+2466 char+s,3.1692277428417786
